asset_id,asset_type,city,age_yrs,brand_tier,cosmetic_grade,functional_fail,storage_health_pct,battery_health_pct,cpu_gen_gap,wipe_verified,weight_kg,best_disposition
A00000,Monitor,Bengaluru,4.5,2,2,0,81.0,,5.0,1,5.0,HARVEST_PARTS
A00001,Laptop,Noida,3.2,3,4,1,49.0,62.0,1.0,1,2.2,HARVEST_PARTS
A00002,Network,Bengaluru,2.3,1,3,0,88.0,,2.0,1,4.0,REDEPLOY
A00003,Monitor,Gurugram,3.8,1,1,0,77.0,,3.0,1,5.0,REDEPLOY
A00004,Laptop,Mumbai,7.7,1,4,0,65.0,24.0,7.0,1,2.2,RECYCLE
A00005,Mobile,Pune,3.5,1,2,0,80.0,75.0,4.0,1,0.2,REFURBISH_RESELL
A00006,Monitor,Hyderabad,3.8,1,4,0,70.0,,5.0,1,5.0,REDEPLOY
A00007,Monitor,Gurugram,10.0,2,3,1,40.0,,9.0,0,5.0,RECYCLE
A00008,Laptop,Noida,6.5,1,4,0,59.0,50.0,5.0,1,2.2,HARVEST_PARTS
A00009,Desktop,Bengaluru,4.5,2,3,0,68.0,,4.0,1,8.0,HARVEST_PARTS
A00010,Laptop,Pune,5.7,2,3,0,69.0,39.0,6.0,1,2.2,RECYCLE
A00011,Mobile,Gurugram,4.7,1,2,0,62.0,50.0,4.0,1,0.2,HARVEST_PARTS
A00012,Monitor,Pune,4.6,1,4,0,82.0,,5.0,1,5.0,REDEPLOY
A00013,Server,Bengaluru,1.6,1,2,0,90.0,,1.0,0,25.0,HARVEST_PARTS
A00014,Laptop,Noida,2.2,2,4,0,82.0,84.0,1.0,1,2.2,REDEPLOY
A00015,Laptop,Bengaluru,4.2,1,4,0,81.0,49.0,4.0,1,2.2,REFURBISH_RESELL
A00016,Desktop,Noida,2.5,2,3,0,88.0,,3.0,1,8.0,REDEPLOY
A00017,Laptop,Hyderabad,3.8,1,3,0,72.0,71.0,5.0,1,2.2,REFURBISH_RESELL
A00018,Server,Bengaluru,2.1,2,2,0,88.0,,2.0,1,25.0,REDEPLOY
A00019,Monitor,Pune,6.5,1,2,0,66.0,,6.0,1,5.0,HARVEST_PARTS
A00020,Monitor,Gurugram,2.6,1,3,0,83.0,,2.0,1,5.0,REDEPLOY
A00021,Laptop,Noida,2.3,1,1,0,84.0,72.0,3.0,1,2.2,REDEPLOY
A00022,Mobile,Bengaluru,1.8,2,4,0,86.0,85.0,1.0,1,0.2,REDEPLOY
A00023,Network,Bengaluru,5.3,1,1,1,47.0,,6.0,1,4.0,RECYCLE
A00024,Monitor,Hyderabad,3.8,2,3,0,74.0,,4.0,0,5.0,HARVEST_PARTS
A00025,Laptop,Chennai,6.4,1,4,1,23.0,44.0,6.0,1,2.2,RECYCLE
A00026,Desktop,Pune,2.9,3,3,0,75.0,,4.0,1,8.0,HARVEST_PARTS
A00027,Laptop,Noida,2.1,3,3,0,85.0,77.0,2.0,1,2.2,REDEPLOY
A00028,Laptop,Mumbai,3.7,1,3,0,75.0,58.0,3.0,1,2.2,REFURBISH_RESELL
A00029,Monitor,Bengaluru,7.0,1,4,1,35.0,,7.0,1,5.0,RECYCLE
A00030,Monitor,Bengaluru,1.5,2,3,1,63.0,,1.0,1,5.0,REFURBISH_RESELL
A00031,Mobile,Gurugram,4.4,1,3,1,57.0,54.0,4.0,1,0.2,RECYCLE
A00032,Laptop,Gurugram,4.6,1,3,0,73.0,44.0,4.0,1,2.2,HARVEST_PARTS
A00033,Laptop,Bengaluru,7.5,1,1,0,69.0,35.0,6.0,1,2.2,RECYCLE
A00034,Desktop,Hyderabad,2.5,2,1,0,78.0,,4.0,1,8.0,REFURBISH_RESELL
A00035,Laptop,Noida,1.5,1,3,1,61.0,87.0,1.0,0,2.2,HARVEST_PARTS
A00036,Laptop,Bengaluru,3.1,3,3,1,49.0,64.0,2.0,1,2.2,HARVEST_PARTS
A00037,Desktop,Gurugram,5.7,1,2,0,52.0,,4.0,1,8.0,HARVEST_PARTS
A00038,Laptop,Hyderabad,3.9,1,2,1,33.0,60.0,3.0,1,2.2,RECYCLE
A00039,Monitor,Hyderabad,4.9,1,2,0,59.0,,5.0,1,5.0,REFURBISH_RESELL
A00040,Laptop,Bengaluru,2.2,3,2,0,82.0,83.0,1.0,1,2.2,REFURBISH_RESELL
A00041,Server,Bengaluru,3.4,3,3,0,82.0,,2.0,1,25.0,REDEPLOY
A00042,Monitor,Noida,4.0,1,2,0,78.0,,4.0,1,5.0,HARVEST_PARTS
A00043,Laptop,Bengaluru,1.7,2,3,0,90.0,83.0,1.0,1,2.2,REDEPLOY
A00044,Server,Gurugram,4.0,1,4,0,70.0,,3.0,1,25.0,REDEPLOY
A00045,Server,Bengaluru,3.3,1,3,0,76.0,,3.0,0,25.0,HARVEST_PARTS
A00046,Laptop,Hyderabad,10.0,1,3,1,12.0,24.0,10.0,1,2.2,RECYCLE
A00047,Laptop,Noida,3.8,2,4,1,56.0,63.0,3.0,1,2.2,HARVEST_PARTS
A00048,Monitor,Gurugram,7.7,1,3,0,52.0,,8.0,1,5.0,RECYCLE
A00049,Laptop,Kolkata,4.8,2,3,0,73.0,49.0,4.0,1,2.2,HARVEST_PARTS
A00050,Laptop,Bengaluru,3.6,1,1,0,71.0,56.0,3.0,1,2.2,REFURBISH_RESELL
A00051,Laptop,Chennai,7.2,3,1,1,13.0,31.0,7.0,1,2.2,RECYCLE
A00052,Monitor,Pune,2.0,3,3,0,84.0,,0.0,1,5.0,REDEPLOY
A00053,Monitor,Mumbai,3.1,1,4,0,85.0,,3.0,1,5.0,REDEPLOY
A00054,Monitor,Chennai,5.8,2,4,0,70.0,,5.0,1,5.0,REFURBISH_RESELL
A00055,Monitor,Gurugram,1.0,2,1,1,83.0,,2.0,1,5.0,REFURBISH_RESELL
A00056,Desktop,Mumbai,3.8,3,3,0,81.0,,5.0,1,8.0,REFURBISH_RESELL
A00057,Desktop,Mumbai,3.8,1,3,0,73.0,,4.0,1,8.0,REDEPLOY
A00058,Laptop,Gurugram,4.3,1,3,0,67.0,46.0,4.0,1,2.2,REFURBISH_RESELL
A00059,Laptop,Mumbai,3.4,1,4,1,47.0,75.0,3.0,1,2.2,HARVEST_PARTS
A00060,Monitor,Mumbai,5.7,2,3,0,77.0,,5.0,1,5.0,REFURBISH_RESELL
A00061,Desktop,Gurugram,2.6,1,2,0,82.0,,2.0,1,8.0,REFURBISH_RESELL
A00062,Desktop,Hyderabad,6.1,1,2,0,46.0,,6.0,1,8.0,HARVEST_PARTS
A00063,Monitor,Gurugram,2.2,2,3,0,88.0,,3.0,1,5.0,REDEPLOY
A00064,Monitor,Noida,4.5,3,4,0,68.0,,5.0,1,5.0,REDEPLOY
A00065,Desktop,Pune,6.8,1,4,1,37.0,,7.0,1,8.0,RECYCLE
A00066,Desktop,Bengaluru,2.5,1,4,1,71.0,,3.0,1,8.0,REFURBISH_RESELL
A00067,Laptop,Mumbai,2.8,1,3,0,81.0,66.0,3.0,1,2.2,REFURBISH_RESELL
A00068,Laptop,Bengaluru,6.2,1,4,0,58.0,47.0,6.0,1,2.2,HARVEST_PARTS
A00069,Laptop,Pune,4.2,1,3,0,73.0,59.0,3.0,1,2.2,REDEPLOY
A00070,Laptop,Mumbai,1.5,1,3,0,91.0,88.0,1.0,1,2.2,REDEPLOY
A00071,Laptop,Noida,4.3,1,3,0,64.0,48.0,3.0,1,2.2,REFURBISH_RESELL
A00072,Network,Hyderabad,5.3,3,4,0,78.0,,5.0,1,4.0,HARVEST_PARTS
A00073,Laptop,Gurugram,6.3,1,3,1,25.0,36.0,6.0,1,2.2,RECYCLE
A00074,Laptop,Noida,4.5,1,2,0,73.0,61.0,5.0,1,2.2,REFURBISH_RESELL
A00075,Laptop,Gurugram,4.9,1,4,1,22.0,63.0,4.0,1,2.2,RECYCLE
A00076,Laptop,Bengaluru,8.1,2,3,0,52.0,18.0,5.0,1,2.2,RECYCLE
A00077,Monitor,Mumbai,5.9,1,3,0,74.0,,6.0,1,5.0,REFURBISH_RESELL
A00078,Desktop,Hyderabad,1.7,1,3,0,92.0,,1.0,1,8.0,REDEPLOY
A00079,Monitor,Bengaluru,3.4,1,1,0,84.0,,3.0,1,5.0,REDEPLOY
A00080,Monitor,Kolkata,3.6,1,2,0,75.0,,2.0,1,5.0,REFURBISH_RESELL
A00081,Laptop,Pune,6.6,1,2,0,56.0,52.0,6.0,1,2.2,HARVEST_PARTS
A00082,Server,Hyderabad,7.0,2,2,0,63.0,,6.0,1,25.0,HARVEST_PARTS
A00083,Laptop,Hyderabad,4.4,1,1,0,78.0,45.0,3.0,1,2.2,HARVEST_PARTS
A00084,Laptop,Gurugram,4.1,2,2,0,65.0,50.0,3.0,1,2.2,HARVEST_PARTS
A00085,Laptop,Noida,3.3,1,3,0,77.0,73.0,2.0,1,2.2,REFURBISH_RESELL
A00086,Monitor,Hyderabad,6.5,2,2,0,47.0,,5.0,1,5.0,HARVEST_PARTS
A00087,Desktop,Bengaluru,2.5,3,3,0,87.0,,2.0,0,8.0,HARVEST_PARTS
A00088,Laptop,Gurugram,3.1,1,1,0,80.0,66.0,2.0,1,2.2,HARVEST_PARTS
A00089,Desktop,Bengaluru,6.5,2,4,0,66.0,,6.0,1,8.0,HARVEST_PARTS
A00090,Laptop,Mumbai,6.5,1,4,1,56.0,38.0,5.0,1,2.2,RECYCLE
A00091,Monitor,Chennai,10.0,2,4,0,41.0,,8.0,1,5.0,RECYCLE
A00092,Laptop,Bengaluru,3.8,1,2,0,85.0,51.0,3.0,0,2.2,HARVEST_PARTS
A00093,Laptop,Mumbai,3.3,3,3,0,72.0,72.0,3.0,1,2.2,REFURBISH_RESELL
A00094,Laptop,Bengaluru,3.5,1,2,0,78.0,55.0,3.0,1,2.2,REFURBISH_RESELL
A00095,Monitor,Kolkata,1.6,1,3,0,93.0,,1.0,1,5.0,REDEPLOY
A00096,Laptop,Gurugram,1.2,1,3,0,92.0,90.0,0.0,1,2.2,REDEPLOY
A00097,Laptop,Gurugram,4.4,1,2,0,63.0,58.0,4.0,1,2.2,HARVEST_PARTS
A00098,Laptop,Noida,3.2,2,3,0,72.0,66.0,2.0,1,2.2,REFURBISH_RESELL
A00099,Mobile,Chennai,2.6,2,3,1,79.0,81.0,1.0,1,0.2,HARVEST_PARTS
A00100,Mobile,Gurugram,4.1,1,2,0,64.0,58.0,4.0,1,0.2,HARVEST_PARTS
A00101,Monitor,Mumbai,4.5,2,4,0,75.0,,3.0,1,5.0,REDEPLOY
A00102,Laptop,Bengaluru,3.6,1,3,0,73.0,73.0,3.0,1,2.2,REDEPLOY
A00103,Mobile,Kolkata,3.7,2,4,0,71.0,59.0,3.0,1,0.2,REFURBISH_RESELL
A00104,Monitor,Noida,3.2,1,3,0,73.0,,4.0,1,5.0,REDEPLOY
A00105,Monitor,Pune,5.4,1,2,1,41.0,,5.0,1,5.0,RECYCLE
A00106,Laptop,Hyderabad,3.0,1,4,0,77.0,63.0,3.0,1,2.2,REDEPLOY
A00107,Laptop,Kolkata,2.3,1,4,0,83.0,81.0,3.0,1,2.2,REFURBISH_RESELL
A00108,Laptop,Pune,3.1,2,2,1,67.0,66.0,2.0,1,2.2,RECYCLE
A00109,Mobile,Chennai,4.4,3,2,0,64.0,61.0,6.0,1,0.2,HARVEST_PARTS
A00110,Desktop,Pune,5.6,1,3,0,53.0,,3.0,1,8.0,HARVEST_PARTS
A00111,Laptop,Hyderabad,8.8,1,3,0,40.0,30.0,7.0,1,2.2,RECYCLE
A00112,Laptop,Pune,4.1,1,4,0,67.0,65.0,3.0,1,2.2,REFURBISH_RESELL
A00113,Desktop,Chennai,7.8,2,4,0,44.0,,6.0,1,8.0,HARVEST_PARTS
A00114,Laptop,Pune,2.8,1,3,0,78.0,77.0,2.0,1,2.2,REDEPLOY
A00115,Network,Gurugram,2.6,2,3,0,82.0,,3.0,1,4.0,REFURBISH_RESELL
A00116,Monitor,Gurugram,4.8,2,2,0,64.0,,4.0,1,5.0,REFURBISH_RESELL
A00117,Monitor,Mumbai,5.2,1,3,0,78.0,,3.0,1,5.0,REFURBISH_RESELL
A00118,Laptop,Bengaluru,4.3,3,4,0,81.0,56.0,4.0,1,2.2,REFURBISH_RESELL
A00119,Monitor,Noida,10.0,1,3,1,5.0,,10.0,1,5.0,RECYCLE
A00120,Desktop,Pune,2.9,2,2,0,77.0,,2.0,1,8.0,REDEPLOY
A00121,Monitor,Chennai,7.1,1,3,0,69.0,,6.0,1,5.0,HARVEST_PARTS
A00122,Laptop,Chennai,2.6,1,2,0,89.0,77.0,3.0,1,2.2,REFURBISH_RESELL
A00123,Laptop,Kolkata,5.4,1,3,0,73.0,59.0,5.0,1,2.2,REFURBISH_RESELL
A00124,Laptop,Mumbai,4.0,2,4,0,67.0,58.0,4.0,1,2.2,HARVEST_PARTS
A00125,Desktop,Hyderabad,4.4,1,2,0,63.0,,4.0,1,8.0,REFURBISH_RESELL
A00126,Laptop,Noida,4.8,3,3,0,74.0,66.0,3.0,1,2.2,REFURBISH_RESELL
A00127,Laptop,Bengaluru,4.1,1,4,0,70.0,70.0,4.0,1,2.2,REFURBISH_RESELL
A00128,Laptop,Noida,3.7,1,3,0,72.0,57.0,2.0,1,2.2,REFURBISH_RESELL
A00129,Desktop,Hyderabad,1.4,2,2,0,94.0,,1.0,1,8.0,REDEPLOY
A00130,Laptop,Chennai,6.0,1,3,0,65.0,23.0,5.0,1,2.2,HARVEST_PARTS
A00131,Mobile,Pune,2.0,1,3,1,78.0,85.0,2.0,1,0.2,HARVEST_PARTS
A00132,Desktop,Chennai,3.2,1,3,1,64.0,,4.0,1,8.0,HARVEST_PARTS
A00133,Laptop,Hyderabad,4.6,1,2,0,75.0,65.0,4.0,0,2.2,HARVEST_PARTS
A00134,Desktop,Noida,2.2,1,2,0,90.0,,3.0,1,8.0,REDEPLOY
A00135,Laptop,Bengaluru,3.7,1,2,0,67.0,60.0,3.0,1,2.2,REFURBISH_RESELL
A00136,Mobile,Hyderabad,5.7,2,4,0,63.0,42.0,5.0,1,0.2,RECYCLE
A00137,Desktop,Chennai,3.2,2,3,1,49.0,,2.0,1,8.0,HARVEST_PARTS
A00138,Monitor,Chennai,3.7,1,2,0,81.0,,3.0,1,5.0,REFURBISH_RESELL
A00139,Laptop,Gurugram,2.4,2,4,0,90.0,77.0,3.0,1,2.2,REDEPLOY
A00140,Desktop,Bengaluru,3.4,1,4,0,81.0,,1.0,1,8.0,REDEPLOY
A00141,Desktop,Pune,2.0,1,1,0,91.0,,2.0,0,8.0,HARVEST_PARTS
A00142,Mobile,Pune,4.3,1,2,0,77.0,57.0,4.0,1,0.2,REFURBISH_RESELL
A00143,Desktop,Hyderabad,1.8,1,1,0,89.0,,1.0,1,8.0,REDEPLOY
A00144,Desktop,Chennai,2.9,1,3,1,41.0,,3.0,1,8.0,HARVEST_PARTS
A00145,Laptop,Noida,4.0,1,4,1,43.0,62.0,4.0,1,2.2,RECYCLE
A00146,Laptop,Pune,3.6,1,4,0,85.0,70.0,2.0,1,2.2,REDEPLOY
A00147,Desktop,Hyderabad,4.7,1,2,0,75.0,,4.0,1,8.0,HARVEST_PARTS
A00148,Laptop,Mumbai,3.7,1,2,0,83.0,65.0,3.0,1,2.2,REFURBISH_RESELL
A00149,Laptop,Pune,1.4,1,3,0,92.0,84.0,1.0,1,2.2,REDEPLOY
A00150,Server,Chennai,2.2,1,3,1,57.0,,2.0,1,25.0,HARVEST_PARTS
A00151,Network,Kolkata,3.9,2,2,0,80.0,,4.0,1,4.0,REFURBISH_RESELL
A00152,Laptop,Mumbai,6.4,1,4,1,21.0,28.0,6.0,1,2.2,RECYCLE
A00153,Desktop,Noida,5.9,1,4,0,57.0,,6.0,1,8.0,HARVEST_PARTS
A00154,Laptop,Pune,10.0,1,1,0,17.0,16.0,10.0,1,2.2,RECYCLE
A00155,Monitor,Gurugram,3.0,2,3,0,80.0,,3.0,1,5.0,REFURBISH_RESELL
A00156,Laptop,Hyderabad,5.6,2,2,0,55.0,34.0,5.0,1,2.2,HARVEST_PARTS
A00157,Monitor,Kolkata,5.4,2,1,0,69.0,,5.0,1,5.0,HARVEST_PARTS
A00158,Monitor,Hyderabad,7.9,1,2,0,59.0,,7.0,1,5.0,HARVEST_PARTS
A00159,Monitor,Chennai,6.9,2,3,0,53.0,,6.0,1,5.0,HARVEST_PARTS
A00160,Laptop,Pune,4.5,1,3,0,61.0,52.0,4.0,1,2.2,REFURBISH_RESELL
A00161,Mobile,Gurugram,5.2,2,3,0,57.0,39.0,4.0,1,0.2,HARVEST_PARTS
A00162,Laptop,Mumbai,4.7,2,1,0,75.0,56.0,4.0,1,2.2,REFURBISH_RESELL
A00163,Laptop,Gurugram,3.8,1,4,0,67.0,68.0,3.0,1,2.2,REFURBISH_RESELL
A00164,Desktop,Bengaluru,5.0,3,2,1,49.0,,5.0,1,8.0,RECYCLE
A00165,Laptop,Bengaluru,4.3,1,2,0,74.0,61.0,4.0,1,2.2,REFURBISH_RESELL
A00166,Server,Bengaluru,4.2,3,3,1,47.0,,4.0,1,25.0,RECYCLE
A00167,Server,Noida,8.1,1,2,0,42.0,,7.0,1,25.0,RECYCLE
A00168,Laptop,Gurugram,4.5,1,4,0,69.0,59.0,5.0,1,2.2,REFURBISH_RESELL
A00169,Mobile,Chennai,4.1,2,4,0,67.0,68.0,3.0,1,0.2,REFURBISH_RESELL
A00170,Laptop,Bengaluru,3.6,1,4,1,35.0,74.0,3.0,1,2.2,RECYCLE
A00171,Desktop,Noida,3.5,2,3,0,73.0,,4.0,1,8.0,REFURBISH_RESELL
A00172,Laptop,Gurugram,2.1,1,4,0,90.0,82.0,2.0,1,2.2,REDEPLOY
A00173,Mobile,Gurugram,3.9,1,3,0,82.0,55.0,4.0,1,0.2,REFURBISH_RESELL
A00174,Laptop,Chennai,6.6,1,3,0,56.0,30.0,6.0,1,2.2,HARVEST_PARTS
A00175,Laptop,Gurugram,3.0,3,4,0,86.0,65.0,3.0,1,2.2,REFURBISH_RESELL
A00176,Laptop,Bengaluru,9.7,3,4,0,31.0,14.0,9.0,1,2.2,RECYCLE
A00177,Mobile,Chennai,1.1,1,2,0,95.0,88.0,2.0,1,0.2,REDEPLOY
A00178,Network,Pune,4.9,1,3,0,75.0,,5.0,1,4.0,REFURBISH_RESELL
A00179,Monitor,Bengaluru,4.3,1,2,0,81.0,,4.0,0,5.0,HARVEST_PARTS
A00180,Network,Kolkata,8.0,1,2,0,35.0,,8.0,1,4.0,RECYCLE
A00181,Network,Kolkata,2.8,3,2,0,81.0,,3.0,1,4.0,REFURBISH_RESELL
A00182,Desktop,Gurugram,2.0,2,3,0,89.0,,3.0,1,8.0,REDEPLOY
A00183,Laptop,Gurugram,3.5,2,2,0,79.0,60.0,4.0,1,2.2,REFURBISH_RESELL
A00184,Monitor,Hyderabad,3.3,1,3,1,72.0,,2.0,1,5.0,HARVEST_PARTS
A00185,Monitor,Noida,1.6,2,3,0,87.0,,2.0,1,5.0,REDEPLOY
A00186,Laptop,Hyderabad,4.1,3,4,0,77.0,70.0,5.0,1,2.2,REFURBISH_RESELL
A00187,Laptop,Hyderabad,3.1,3,1,1,54.0,75.0,2.0,1,2.2,HARVEST_PARTS
A00188,Monitor,Kolkata,7.3,2,2,0,58.0,,8.0,1,5.0,RECYCLE
A00189,Laptop,Hyderabad,4.1,1,3,0,79.0,50.0,4.0,1,2.2,HARVEST_PARTS
A00190,Mobile,Noida,2.6,3,3,0,84.0,75.0,3.0,1,0.2,REFURBISH_RESELL
A00191,Laptop,Mumbai,3.9,1,3,0,68.0,57.0,3.0,1,2.2,HARVEST_PARTS
A00192,Laptop,Bengaluru,4.3,1,4,0,67.0,59.0,3.0,1,2.2,REFURBISH_RESELL
A00193,Server,Gurugram,5.1,1,3,1,52.0,,5.0,1,25.0,RECYCLE
A00194,Laptop,Chennai,4.0,2,3,0,78.0,52.0,3.0,1,2.2,HARVEST_PARTS
A00195,Laptop,Pune,9.5,2,2,0,41.0,5.0,10.0,1,2.2,RECYCLE
A00196,Desktop,Mumbai,2.1,3,3,0,90.0,,3.0,1,8.0,REDEPLOY
A00197,Network,Pune,3.1,3,3,0,83.0,,3.0,1,4.0,REDEPLOY
A00198,Laptop,Gurugram,2.6,2,3,0,86.0,75.0,3.0,1,2.2,REDEPLOY
A00199,Laptop,Chennai,3.3,3,2,0,84.0,63.0,2.0,1,2.2,REFURBISH_RESELL
A00200,Monitor,Mumbai,4.5,1,2,0,76.0,,4.0,1,5.0,REFURBISH_RESELL
A00201,Mobile,Gurugram,4.4,1,2,0,73.0,53.0,3.0,1,0.2,HARVEST_PARTS
A00202,Desktop,Hyderabad,5.1,1,3,0,58.0,,4.0,1,8.0,HARVEST_PARTS
A00203,Laptop,Bengaluru,4.1,2,3,0,70.0,57.0,2.0,1,2.2,REFURBISH_RESELL
A00204,Laptop,Pune,4.2,3,3,0,82.0,58.0,4.0,0,2.2,HARVEST_PARTS
A00205,Laptop,Noida,4.2,2,4,0,73.0,59.0,3.0,1,2.2,HARVEST_PARTS
A00206,Laptop,Gurugram,3.2,3,3,1,65.0,65.0,3.0,1,2.2,HARVEST_PARTS
A00207,Monitor,Mumbai,3.1,1,3,0,88.0,,3.0,1,5.0,REDEPLOY
A00208,Laptop,Hyderabad,2.6,2,3,0,82.0,68.0,3.0,1,2.2,REDEPLOY
A00209,Desktop,Gurugram,5.2,1,3,0,74.0,,3.0,1,8.0,HARVEST_PARTS
A00210,Monitor,Hyderabad,1.2,2,4,1,80.0,,2.0,1,5.0,REDEPLOY
A00211,Desktop,Gurugram,4.2,2,3,0,78.0,,4.0,1,8.0,REFURBISH_RESELL
A00212,Laptop,Bengaluru,5.7,1,3,0,70.0,37.0,5.0,1,2.2,HARVEST_PARTS
A00213,Server,Bengaluru,6.4,1,3,0,55.0,,6.0,1,25.0,REFURBISH_RESELL
A00214,Monitor,Bengaluru,1.0,1,2,0,93.0,,1.0,1,5.0,REDEPLOY
A00215,Monitor,Noida,3.2,3,4,0,74.0,,4.0,1,5.0,REDEPLOY
A00216,Laptop,Gurugram,2.7,2,3,0,87.0,74.0,2.0,1,2.2,REDEPLOY
A00217,Laptop,Noida,3.1,1,3,1,55.0,63.0,2.0,1,2.2,HARVEST_PARTS
A00218,Mobile,Bengaluru,7.0,3,2,0,59.0,26.0,5.0,1,0.2,RECYCLE
A00219,Laptop,Pune,2.7,1,2,0,76.0,67.0,3.0,1,2.2,REFURBISH_RESELL
A00220,Laptop,Noida,5.6,1,3,0,73.0,35.0,5.0,1,2.2,HARVEST_PARTS
A00221,Desktop,Mumbai,4.2,2,2,0,63.0,,5.0,1,8.0,HARVEST_PARTS
A00222,Monitor,Pune,3.0,1,4,1,42.0,,2.0,1,5.0,HARVEST_PARTS
A00223,Mobile,Kolkata,2.9,1,1,0,84.0,80.0,3.0,1,0.2,REDEPLOY
A00224,Laptop,Mumbai,4.4,2,2,0,78.0,43.0,5.0,1,2.2,REFURBISH_RESELL
A00225,Mobile,Hyderabad,3.8,1,4,1,56.0,67.0,4.0,1,0.2,HARVEST_PARTS
A00226,Laptop,Bengaluru,1.5,1,3,0,93.0,87.0,1.0,1,2.2,REDEPLOY
A00227,Desktop,Bengaluru,2.4,1,3,0,87.0,,2.0,1,8.0,REDEPLOY
A00228,Monitor,Noida,4.5,3,1,1,36.0,,4.0,1,5.0,RECYCLE
A00229,Laptop,Bengaluru,2.0,1,3,0,84.0,78.0,2.0,1,2.2,REDEPLOY
A00230,Laptop,Noida,6.0,3,3,1,31.0,48.0,6.0,1,2.2,RECYCLE
A00231,Laptop,Mumbai,1.7,2,3,0,86.0,85.0,1.0,1,2.2,REDEPLOY
A00232,Mobile,Bengaluru,3.4,1,4,0,75.0,59.0,3.0,1,0.2,REDEPLOY
A00233,Desktop,Mumbai,5.3,1,2,0,60.0,,6.0,1,8.0,HARVEST_PARTS
A00234,Mobile,Hyderabad,2.3,1,2,0,82.0,73.0,1.0,1,0.2,REFURBISH_RESELL
A00235,Server,Pune,2.0,2,3,0,88.0,,2.0,1,25.0,REDEPLOY
A00236,Desktop,Noida,4.8,1,1,0,78.0,,2.0,1,8.0,REFURBISH_RESELL
A00237,Monitor,Gurugram,5.7,2,1,0,60.0,,5.0,1,5.0,HARVEST_PARTS
A00238,Laptop,Noida,3.6,2,2,1,53.0,57.0,3.0,1,2.2,RECYCLE
A00239,Laptop,Mumbai,3.2,1,4,0,83.0,75.0,4.0,1,2.2,REDEPLOY
A00240,Server,Chennai,1.7,3,2,0,92.0,,1.0,1,25.0,REDEPLOY
A00241,Monitor,Hyderabad,4.0,1,3,0,65.0,,3.0,1,5.0,REDEPLOY
A00242,Laptop,Hyderabad,1.4,2,3,0,93.0,85.0,1.0,1,2.2,REDEPLOY
A00243,Desktop,Bengaluru,7.0,1,1,0,53.0,,6.0,1,8.0,HARVEST_PARTS
A00244,Monitor,Noida,3.6,1,4,0,72.0,,3.0,1,5.0,REDEPLOY
A00245,Network,Gurugram,2.4,2,4,0,89.0,,2.0,1,4.0,REDEPLOY
A00246,Monitor,Mumbai,2.9,1,2,0,80.0,,3.0,1,5.0,REDEPLOY
A00247,Laptop,Bengaluru,4.2,3,4,1,35.0,60.0,3.0,1,2.2,HARVEST_PARTS
A00248,Laptop,Bengaluru,3.1,2,4,0,87.0,66.0,3.0,1,2.2,REFURBISH_RESELL
A00249,Laptop,Mumbai,3.9,2,3,0,76.0,71.0,3.0,1,2.2,REFURBISH_RESELL
A00250,Monitor,Kolkata,2.2,1,2,0,86.0,,0.0,1,5.0,REDEPLOY
A00251,Network,Noida,6.4,3,3,1,27.0,,6.0,1,4.0,RECYCLE
A00252,Desktop,Hyderabad,2.9,3,3,0,88.0,,3.0,1,8.0,REDEPLOY
A00253,Laptop,Bengaluru,1.2,1,1,0,90.0,90.0,0.0,1,2.2,REDEPLOY
A00254,Laptop,Pune,3.2,1,2,1,38.0,77.0,3.0,1,2.2,HARVEST_PARTS
A00255,Monitor,Chennai,2.7,3,3,1,46.0,,2.0,1,5.0,HARVEST_PARTS
A00256,Server,Bengaluru,6.2,1,3,0,59.0,,5.0,1,25.0,HARVEST_PARTS
A00257,Laptop,Hyderabad,2.4,1,2,0,81.0,80.0,3.0,1,2.2,REFURBISH_RESELL
A00258,Laptop,Pune,3.1,3,4,0,75.0,78.0,3.0,1,2.2,REDEPLOY
A00259,Desktop,Noida,4.2,1,1,0,63.0,,3.0,1,8.0,HARVEST_PARTS
A00260,Laptop,Hyderabad,5.1,3,4,0,59.0,45.0,4.0,1,2.2,HARVEST_PARTS
A00261,Server,Hyderabad,7.2,1,2,0,67.0,,7.0,1,25.0,RECYCLE
A00262,Laptop,Bengaluru,2.5,1,1,1,58.0,70.0,1.0,1,2.2,HARVEST_PARTS
A00263,Laptop,Gurugram,6.9,1,4,0,55.0,43.0,5.0,1,2.2,RECYCLE
A00264,Mobile,Mumbai,6.1,1,4,0,54.0,52.0,5.0,1,0.2,RECYCLE
A00265,Laptop,Pune,2.7,3,4,0,78.0,75.0,2.0,1,2.2,REFURBISH_RESELL
A00266,Laptop,Pune,2.5,2,3,0,90.0,73.0,2.0,1,2.2,REDEPLOY
A00267,Laptop,Bengaluru,4.7,3,3,0,71.0,43.0,4.0,1,2.2,HARVEST_PARTS
A00268,Laptop,Gurugram,3.8,1,4,0,77.0,56.0,3.0,1,2.2,REDEPLOY
A00269,Laptop,Chennai,4.7,3,4,1,31.0,49.0,4.0,1,2.2,RECYCLE
A00270,Laptop,Bengaluru,3.3,2,3,0,78.0,70.0,3.0,1,2.2,REDEPLOY
A00271,Laptop,Bengaluru,4.0,1,4,1,49.0,48.0,5.0,1,2.2,RECYCLE
A00272,Laptop,Chennai,3.6,1,2,0,73.0,69.0,4.0,1,2.2,REFURBISH_RESELL
A00273,Desktop,Gurugram,4.6,1,3,0,71.0,,4.0,1,8.0,REFURBISH_RESELL
A00274,Monitor,Bengaluru,2.5,1,4,0,87.0,,4.0,1,5.0,REDEPLOY
A00275,Laptop,Gurugram,4.2,3,4,0,70.0,51.0,3.0,1,2.2,HARVEST_PARTS
A00276,Laptop,Gurugram,7.2,3,3,0,63.0,7.0,8.0,1,2.2,RECYCLE
A00277,Desktop,Mumbai,7.0,1,4,0,49.0,,8.0,1,8.0,RECYCLE
A00278,Network,Bengaluru,4.4,1,4,0,79.0,,5.0,1,4.0,REFURBISH_RESELL
A00279,Network,Bengaluru,2.4,1,4,0,88.0,,2.0,1,4.0,REDEPLOY
A00280,Laptop,Mumbai,8.8,2,3,0,46.0,5.0,9.0,1,2.2,RECYCLE
A00281,Laptop,Mumbai,4.6,2,3,0,70.0,52.0,5.0,1,2.2,HARVEST_PARTS
A00282,Laptop,Pune,8.4,2,3,1,5.0,41.0,7.0,1,2.2,RECYCLE
A00283,Laptop,Chennai,4.7,2,1,0,67.0,53.0,5.0,1,2.2,HARVEST_PARTS
A00284,Desktop,Hyderabad,0.9,3,2,0,94.0,,1.0,1,8.0,REDEPLOY
A00285,Laptop,Bengaluru,8.7,1,4,0,29.0,14.0,7.0,1,2.2,RECYCLE
A00286,Laptop,Gurugram,5.7,1,3,1,44.0,54.0,5.0,1,2.2,RECYCLE
A00287,Laptop,Chennai,3.9,2,2,0,84.0,57.0,4.0,1,2.2,REFURBISH_RESELL
A00288,Desktop,Bengaluru,1.5,3,3,1,54.0,,0.0,1,8.0,REFURBISH_RESELL
A00289,Laptop,Chennai,6.0,2,4,0,60.0,34.0,7.0,1,2.2,RECYCLE
A00290,Server,Pune,4.7,3,2,0,66.0,,4.0,1,25.0,HARVEST_PARTS
A00291,Laptop,Mumbai,9.9,3,4,1,5.0,5.0,10.0,1,2.2,RECYCLE
A00292,Mobile,Bengaluru,8.0,1,3,0,44.0,14.0,8.0,1,0.2,RECYCLE
A00293,Laptop,Gurugram,8.2,2,2,0,62.0,5.0,7.0,1,2.2,RECYCLE
A00294,Server,Pune,4.3,3,1,0,66.0,,6.0,1,25.0,HARVEST_PARTS
A00295,Mobile,Noida,4.2,1,2,0,83.0,59.0,5.0,1,0.2,REFURBISH_RESELL
A00296,Mobile,Pune,4.7,2,1,0,65.0,41.0,3.0,1,0.2,RECYCLE
A00297,Server,Gurugram,2.8,1,3,1,49.0,,3.0,0,25.0,HARVEST_PARTS
A00298,Monitor,Mumbai,4.0,2,3,0,74.0,,4.0,1,5.0,REDEPLOY
A00299,Monitor,Gurugram,3.6,1,4,0,72.0,,3.0,1,5.0,REDEPLOY
A00300,Monitor,Pune,6.8,1,3,1,32.0,,6.0,1,5.0,RECYCLE
A00301,Laptop,Chennai,7.4,2,2,1,20.0,48.0,9.0,1,2.2,RECYCLE
A00302,Desktop,Kolkata,5.4,2,4,0,53.0,,4.0,1,8.0,HARVEST_PARTS
A00303,Desktop,Hyderabad,2.6,1,3,1,65.0,,4.0,0,8.0,HARVEST_PARTS
A00304,Network,Pune,9.0,1,1,0,25.0,,9.0,1,4.0,RECYCLE
A00305,Desktop,Noida,6.0,3,4,0,57.0,,6.0,1,8.0,HARVEST_PARTS
A00306,Laptop,Mumbai,4.6,3,4,0,61.0,57.0,5.0,1,2.2,HARVEST_PARTS
A00307,Monitor,Gurugram,5.1,2,1,1,61.0,,5.0,1,5.0,RECYCLE
A00308,Laptop,Mumbai,1.9,1,3,0,85.0,81.0,2.0,1,2.2,REDEPLOY
A00309,Laptop,Chennai,3.6,2,2,0,76.0,74.0,4.0,0,2.2,HARVEST_PARTS
A00310,Desktop,Bengaluru,7.0,2,4,0,63.0,,6.0,1,8.0,HARVEST_PARTS
A00311,Laptop,Mumbai,1.8,1,4,0,89.0,84.0,1.0,1,2.2,REDEPLOY
A00312,Laptop,Hyderabad,1.8,1,4,0,84.0,83.0,1.0,1,2.2,REDEPLOY
A00313,Laptop,Chennai,6.0,1,4,1,46.0,36.0,6.0,0,2.2,RECYCLE
A00314,Laptop,Pune,4.9,1,3,1,64.0,37.0,4.0,1,2.2,RECYCLE
A00315,Laptop,Chennai,1.8,2,2,0,92.0,84.0,0.0,1,2.2,REDEPLOY
A00316,Laptop,Bengaluru,3.5,1,3,0,86.0,67.0,4.0,1,2.2,REFURBISH_RESELL
A00317,Monitor,Pune,4.6,1,3,0,77.0,,4.0,1,5.0,REFURBISH_RESELL
A00318,Laptop,Pune,4.3,1,4,0,71.0,64.0,5.0,1,2.2,REFURBISH_RESELL
A00319,Mobile,Hyderabad,4.8,2,2,0,72.0,63.0,5.0,1,0.2,HARVEST_PARTS
A00320,Mobile,Mumbai,3.3,2,4,0,72.0,67.0,4.0,1,0.2,REDEPLOY
A00321,Desktop,Noida,4.4,1,4,0,65.0,,4.0,1,8.0,REFURBISH_RESELL
A00322,Laptop,Pune,5.3,1,1,0,66.0,48.0,5.0,1,2.2,HARVEST_PARTS
A00323,Desktop,Gurugram,5.2,1,1,0,73.0,,5.0,1,8.0,HARVEST_PARTS
A00324,Server,Chennai,3.4,2,4,0,79.0,,1.0,1,25.0,REDEPLOY
A00325,Monitor,Gurugram,5.6,1,4,1,30.0,,4.0,1,5.0,HARVEST_PARTS
A00326,Server,Hyderabad,2.4,1,3,0,90.0,,2.0,0,25.0,HARVEST_PARTS
A00327,Desktop,Bengaluru,2.9,1,3,0,76.0,,1.0,1,8.0,REDEPLOY
A00328,Monitor,Noida,6.0,1,2,0,56.0,,5.0,1,5.0,HARVEST_PARTS
A00329,Laptop,Chennai,5.5,1,3,0,52.0,54.0,5.0,1,2.2,HARVEST_PARTS
A00330,Monitor,Gurugram,3.5,2,4,0,74.0,,3.0,1,5.0,REFURBISH_RESELL
A00331,Laptop,Mumbai,2.8,1,3,0,84.0,67.0,3.0,1,2.2,REDEPLOY
A00332,Monitor,Mumbai,3.0,2,4,0,81.0,,2.0,1,5.0,REDEPLOY
A00333,Network,Gurugram,5.2,1,3,0,79.0,,5.0,1,4.0,REFURBISH_RESELL
A00334,Laptop,Bengaluru,4.8,2,3,0,79.0,60.0,4.0,1,2.2,HARVEST_PARTS
A00335,Monitor,Noida,2.7,1,1,0,88.0,,3.0,1,5.0,REDEPLOY
A00336,Laptop,Kolkata,5.5,2,4,0,67.0,50.0,6.0,1,2.2,HARVEST_PARTS
A00337,Monitor,Noida,3.5,1,3,0,81.0,,5.0,1,5.0,REDEPLOY
A00338,Laptop,Noida,2.5,1,4,0,85.0,74.0,4.0,1,2.2,REDEPLOY
A00339,Mobile,Pune,3.2,2,2,0,81.0,59.0,3.0,1,0.2,REFURBISH_RESELL
A00340,Laptop,Bengaluru,4.1,1,3,1,54.0,49.0,3.0,1,2.2,RECYCLE
A00341,Mobile,Chennai,5.4,1,4,1,33.0,54.0,5.0,1,0.2,RECYCLE
A00342,Server,Gurugram,5.3,1,4,0,54.0,,5.0,1,25.0,REFURBISH_RESELL
A00343,Desktop,Chennai,3.8,3,2,0,75.0,,3.0,1,8.0,HARVEST_PARTS
A00344,Monitor,Mumbai,4.4,3,4,0,64.0,,5.0,1,5.0,REFURBISH_RESELL
A00345,Monitor,Chennai,3.6,2,3,0,72.0,,4.0,1,5.0,REDEPLOY
A00346,Mobile,Bengaluru,2.7,1,3,0,84.0,72.0,3.0,1,0.2,REDEPLOY
A00347,Laptop,Chennai,3.8,1,2,0,80.0,52.0,3.0,1,2.2,HARVEST_PARTS
A00348,Desktop,Kolkata,1.5,2,1,0,94.0,,1.0,1,8.0,REDEPLOY
A00349,Laptop,Chennai,7.5,1,4,0,68.0,24.0,8.0,1,2.2,RECYCLE
A00350,Monitor,Bengaluru,4.3,1,3,0,78.0,,5.0,1,5.0,REFURBISH_RESELL
A00351,Laptop,Gurugram,4.9,2,3,1,42.0,58.0,4.0,1,2.2,RECYCLE
A00352,Desktop,Bengaluru,2.8,1,3,1,66.0,,3.0,1,8.0,REFURBISH_RESELL
A00353,Desktop,Mumbai,4.3,2,4,0,65.0,,4.0,1,8.0,HARVEST_PARTS
A00354,Desktop,Kolkata,4.6,2,4,0,71.0,,5.0,1,8.0,HARVEST_PARTS
A00355,Desktop,Noida,3.5,2,2,1,40.0,,2.0,1,8.0,RECYCLE
A00356,Monitor,Mumbai,3.6,2,3,0,83.0,,2.0,1,5.0,REDEPLOY
A00357,Monitor,Hyderabad,2.0,1,4,0,84.0,,1.0,1,5.0,REDEPLOY
A00358,Desktop,Hyderabad,8.6,2,3,0,62.0,,8.0,1,8.0,RECYCLE
A00359,Desktop,Hyderabad,2.8,2,3,0,81.0,,4.0,1,8.0,REFURBISH_RESELL
A00360,Mobile,Pune,3.0,2,1,0,86.0,75.0,3.0,1,0.2,HARVEST_PARTS
A00361,Laptop,Mumbai,7.7,3,2,0,36.0,45.0,6.0,1,2.2,RECYCLE
A00362,Laptop,Bengaluru,5.0,3,2,1,40.0,59.0,4.0,1,2.2,RECYCLE
A00363,Laptop,Hyderabad,5.4,2,1,0,64.0,37.0,4.0,1,2.2,RECYCLE
A00364,Monitor,Kolkata,2.0,3,3,0,89.0,,2.0,1,5.0,REFURBISH_RESELL
A00365,Laptop,Chennai,4.3,1,3,0,72.0,49.0,3.0,1,2.2,REFURBISH_RESELL
A00366,Monitor,Bengaluru,2.0,3,3,0,92.0,,2.0,1,5.0,REDEPLOY
A00367,Monitor,Pune,2.6,3,1,1,45.0,,2.0,1,5.0,HARVEST_PARTS
A00368,Laptop,Noida,9.2,1,4,0,53.0,29.0,10.0,0,2.2,RECYCLE
A00369,Network,Noida,2.4,2,3,1,61.0,,2.0,1,4.0,HARVEST_PARTS
A00370,Monitor,Hyderabad,5.3,1,2,0,72.0,,4.0,1,5.0,REFURBISH_RESELL
A00371,Laptop,Kolkata,2.5,2,4,0,84.0,76.0,2.0,1,2.2,REDEPLOY
A00372,Laptop,Mumbai,2.6,1,2,1,70.0,73.0,4.0,1,2.2,RECYCLE
A00373,Laptop,Gurugram,10.0,1,2,0,23.0,5.0,10.0,1,2.2,RECYCLE
A00374,Laptop,Bengaluru,3.8,1,3,0,82.0,59.0,3.0,1,2.2,REFURBISH_RESELL
A00375,Laptop,Chennai,1.9,1,2,0,83.0,80.0,1.0,1,2.2,REDEPLOY
A00376,Mobile,Pune,5.4,3,4,0,70.0,32.0,5.0,1,0.2,HARVEST_PARTS
A00377,Laptop,Mumbai,6.8,1,1,1,14.0,39.0,6.0,1,2.2,RECYCLE
A00378,Laptop,Kolkata,5.7,1,4,1,36.0,27.0,6.0,1,2.2,RECYCLE
A00379,Monitor,Chennai,3.6,3,4,0,72.0,,5.0,1,5.0,REFURBISH_RESELL
A00380,Desktop,Bengaluru,3.7,1,3,0,79.0,,3.0,1,8.0,REDEPLOY
A00381,Mobile,Kolkata,3.1,1,2,1,47.0,71.0,3.0,1,0.2,RECYCLE
A00382,Monitor,Hyderabad,2.2,1,2,0,89.0,,1.0,1,5.0,REDEPLOY
A00383,Desktop,Pune,4.6,3,3,0,67.0,,5.0,1,8.0,REFURBISH_RESELL
A00384,Laptop,Bengaluru,3.5,3,2,0,73.0,68.0,4.0,1,2.2,REFURBISH_RESELL
A00385,Mobile,Gurugram,2.0,2,3,0,88.0,83.0,0.0,1,0.2,REDEPLOY
A00386,Monitor,Noida,3.8,1,2,0,69.0,,4.0,1,5.0,REFURBISH_RESELL
A00387,Mobile,Gurugram,2.8,1,4,0,82.0,64.0,3.0,1,0.2,REDEPLOY
A00388,Laptop,Pune,4.5,2,1,0,63.0,58.0,4.0,1,2.2,HARVEST_PARTS
A00389,Network,Kolkata,4.3,1,2,0,78.0,,4.0,1,4.0,HARVEST_PARTS
A00390,Monitor,Gurugram,3.3,1,2,0,72.0,,3.0,1,5.0,REDEPLOY
A00391,Laptop,Gurugram,3.9,1,3,0,74.0,72.0,3.0,1,2.2,REFURBISH_RESELL
A00392,Desktop,Bengaluru,4.1,3,1,1,38.0,,4.0,1,8.0,RECYCLE
A00393,Monitor,Mumbai,6.0,2,4,1,58.0,,6.0,1,5.0,RECYCLE
A00394,Laptop,Hyderabad,3.8,1,4,0,83.0,54.0,3.0,1,2.2,REDEPLOY
A00395,Desktop,Bengaluru,3.1,3,3,0,83.0,,2.0,1,8.0,REDEPLOY
A00396,Server,Hyderabad,3.5,1,1,0,79.0,,4.0,1,25.0,REDEPLOY
A00397,Laptop,Pune,8.3,2,1,1,8.0,33.0,8.0,1,2.2,RECYCLE
A00398,Desktop,Mumbai,2.5,1,3,0,81.0,,1.0,1,8.0,REDEPLOY
A00399,Laptop,Gurugram,3.6,3,2,0,85.0,54.0,3.0,1,2.2,HARVEST_PARTS
A00400,Laptop,Mumbai,3.5,1,3,0,69.0,62.0,3.0,1,2.2,REFURBISH_RESELL
A00401,Mobile,Hyderabad,3.6,3,4,1,62.0,54.0,3.0,1,0.2,RECYCLE
A00402,Monitor,Pune,1.6,2,3,0,88.0,,2.0,1,5.0,REDEPLOY
A00403,Laptop,Chennai,2.2,1,4,0,82.0,83.0,2.0,1,2.2,REDEPLOY
A00404,Mobile,Bengaluru,3.5,1,3,0,79.0,64.0,2.0,1,0.2,REFURBISH_RESELL
A00405,Network,Bengaluru,3.0,2,4,1,45.0,,3.0,1,4.0,HARVEST_PARTS
A00406,Laptop,Mumbai,4.5,1,4,0,81.0,60.0,3.0,1,2.2,REFURBISH_RESELL
A00407,Server,Bengaluru,6.4,1,3,0,61.0,,6.0,1,25.0,HARVEST_PARTS
A00408,Laptop,Kolkata,4.6,2,3,0,60.0,50.0,5.0,1,2.2,HARVEST_PARTS
A00409,Mobile,Hyderabad,4.1,1,2,0,76.0,58.0,5.0,1,0.2,HARVEST_PARTS
A00410,Monitor,Pune,4.8,1,2,1,39.0,,5.0,1,5.0,RECYCLE
A00411,Monitor,Mumbai,4.3,2,4,0,68.0,,4.0,1,5.0,REDEPLOY
A00412,Laptop,Bengaluru,3.9,1,2,0,67.0,52.0,3.0,1,2.2,HARVEST_PARTS
A00413,Network,Gurugram,5.9,1,4,0,71.0,,5.0,1,4.0,HARVEST_PARTS
A00414,Laptop,Mumbai,0.6,1,2,0,96.0,96.0,1.0,1,2.2,REDEPLOY
A00415,Laptop,Chennai,3.4,3,3,0,85.0,67.0,3.0,1,2.2,REFURBISH_RESELL
A00416,Laptop,Bengaluru,2.2,1,3,0,86.0,83.0,1.0,1,2.2,REDEPLOY
A00417,Monitor,Pune,3.0,2,3,0,77.0,,3.0,1,5.0,REFURBISH_RESELL
A00418,Laptop,Mumbai,2.8,2,1,0,87.0,69.0,2.0,1,2.2,REFURBISH_RESELL
A00419,Mobile,Kolkata,9.3,2,4,1,8.0,5.0,8.0,1,0.2,RECYCLE
A00420,Monitor,Bengaluru,6.6,1,1,0,58.0,,6.0,1,5.0,HARVEST_PARTS
A00421,Laptop,Gurugram,4.2,1,3,0,74.0,62.0,3.0,1,2.2,REFURBISH_RESELL
A00422,Laptop,Mumbai,2.8,1,4,0,76.0,80.0,2.0,1,2.2,REDEPLOY
A00423,Laptop,Hyderabad,5.9,2,2,0,51.0,42.0,7.0,1,2.2,RECYCLE
A00424,Monitor,Kolkata,4.1,2,2,0,65.0,,4.0,1,5.0,REFURBISH_RESELL
A00425,Server,Bengaluru,3.4,1,3,0,75.0,,4.0,1,25.0,REDEPLOY
A00426,Laptop,Gurugram,4.1,2,4,1,40.0,63.0,2.0,1,2.2,RECYCLE
A00427,Server,Pune,3.5,1,2,0,82.0,,2.0,1,25.0,REDEPLOY
A00428,Laptop,Pune,4.8,1,2,0,63.0,63.0,4.0,1,2.2,HARVEST_PARTS
A00429,Server,Hyderabad,2.1,2,2,0,85.0,,1.0,1,25.0,REDEPLOY
A00430,Mobile,Chennai,4.8,1,2,1,42.0,66.0,4.0,1,0.2,RECYCLE
A00431,Monitor,Mumbai,3.5,3,3,0,69.0,,2.0,1,5.0,REDEPLOY
A00432,Monitor,Mumbai,5.9,2,3,0,62.0,,6.0,1,5.0,HARVEST_PARTS
A00433,Server,Gurugram,6.6,1,3,0,50.0,,5.0,1,25.0,HARVEST_PARTS
A00434,Laptop,Bengaluru,7.3,1,4,1,23.0,44.0,5.0,1,2.2,RECYCLE
A00435,Laptop,Bengaluru,10.0,2,3,1,48.0,24.0,9.0,1,2.2,RECYCLE
A00436,Laptop,Mumbai,9.7,2,4,0,39.0,16.0,8.0,1,2.2,RECYCLE
A00437,Desktop,Pune,7.2,1,2,1,27.0,,8.0,0,8.0,RECYCLE
A00438,Monitor,Pune,5.8,1,4,1,29.0,,5.0,1,5.0,RECYCLE
A00439,Monitor,Hyderabad,2.2,2,2,0,90.0,,3.0,1,5.0,REDEPLOY
A00440,Network,Gurugram,1.1,1,4,1,60.0,,1.0,1,4.0,REFURBISH_RESELL
A00441,Laptop,Bengaluru,6.2,1,1,0,62.0,41.0,5.0,1,2.2,RECYCLE
A00442,Monitor,Mumbai,2.6,1,3,0,83.0,,3.0,1,5.0,REDEPLOY
A00443,Laptop,Gurugram,10.0,1,3,1,21.0,5.0,8.0,1,2.2,RECYCLE
A00444,Laptop,Chennai,1.8,1,4,0,88.0,84.0,3.0,1,2.2,REDEPLOY
A00445,Monitor,Kolkata,5.7,1,3,0,76.0,,5.0,1,5.0,REFURBISH_RESELL
A00446,Mobile,Pune,4.3,1,3,0,74.0,44.0,3.0,1,0.2,HARVEST_PARTS
A00447,Monitor,Bengaluru,1.9,1,2,1,73.0,,2.0,1,5.0,REFURBISH_RESELL
A00448,Laptop,Gurugram,4.3,3,2,0,79.0,49.0,4.0,1,2.2,HARVEST_PARTS
A00449,Monitor,Pune,2.7,1,2,0,76.0,,1.0,1,5.0,REDEPLOY
A00450,Laptop,Chennai,3.8,1,4,0,71.0,68.0,4.0,1,2.2,REDEPLOY
A00451,Network,Bengaluru,3.8,3,4,1,33.0,,3.0,1,4.0,RECYCLE
A00452,Monitor,Gurugram,2.8,3,3,0,78.0,,3.0,1,5.0,REFURBISH_RESELL
A00453,Laptop,Hyderabad,3.3,2,3,1,69.0,69.0,3.0,1,2.2,HARVEST_PARTS
A00454,Laptop,Bengaluru,2.6,1,3,0,82.0,67.0,3.0,1,2.2,REDEPLOY
A00455,Laptop,Gurugram,1.5,2,3,0,93.0,82.0,1.0,1,2.2,REDEPLOY
A00456,Mobile,Pune,4.1,2,3,0,80.0,61.0,2.0,1,0.2,REFURBISH_RESELL
A00457,Desktop,Bengaluru,7.2,2,3,0,54.0,,7.0,1,8.0,RECYCLE
A00458,Monitor,Bengaluru,2.7,1,3,0,86.0,,2.0,1,5.0,REDEPLOY
A00459,Monitor,Gurugram,8.8,1,2,1,5.0,,6.0,1,5.0,RECYCLE
A00460,Desktop,Gurugram,9.7,1,4,0,47.0,,8.0,1,8.0,RECYCLE
A00461,Laptop,Mumbai,3.2,2,4,0,86.0,77.0,2.0,1,2.2,REDEPLOY
A00462,Mobile,Gurugram,3.5,1,4,0,76.0,66.0,4.0,1,0.2,REDEPLOY
A00463,Laptop,Chennai,3.2,1,3,1,62.0,74.0,2.0,1,2.2,HARVEST_PARTS
A00464,Desktop,Bengaluru,2.2,2,3,0,88.0,,2.0,1,8.0,REDEPLOY
A00465,Monitor,Noida,3.5,3,2,0,84.0,,4.0,1,5.0,HARVEST_PARTS
A00466,Monitor,Mumbai,3.4,3,2,0,76.0,,3.0,1,5.0,REFURBISH_RESELL
A00467,Mobile,Hyderabad,4.1,2,1,0,68.0,61.0,5.0,1,0.2,HARVEST_PARTS
A00468,Laptop,Pune,4.2,1,4,0,79.0,50.0,5.0,1,2.2,REFURBISH_RESELL
A00469,Desktop,Chennai,2.1,3,4,0,84.0,,1.0,1,8.0,REDEPLOY
A00470,Laptop,Noida,5.2,1,4,0,62.0,61.0,5.0,1,2.2,REFURBISH_RESELL
A00471,Desktop,Gurugram,3.5,1,3,0,72.0,,4.0,1,8.0,REFURBISH_RESELL
A00472,Laptop,Kolkata,2.3,1,3,0,90.0,76.0,1.0,1,2.2,REDEPLOY
A00473,Laptop,Noida,3.5,2,3,0,69.0,58.0,2.0,1,2.2,REFURBISH_RESELL
A00474,Laptop,Pune,4.3,1,3,0,69.0,45.0,4.0,0,2.2,HARVEST_PARTS
A00475,Laptop,Hyderabad,7.8,1,2,1,47.0,25.0,6.0,1,2.2,RECYCLE
A00476,Laptop,Bengaluru,7.2,1,4,0,40.0,39.0,8.0,1,2.2,RECYCLE
A00477,Monitor,Pune,3.0,2,3,0,79.0,,2.0,1,5.0,REDEPLOY
A00478,Monitor,Mumbai,3.6,2,3,0,83.0,,3.0,1,5.0,REFURBISH_RESELL
A00479,Laptop,Pune,2.6,1,3,0,79.0,78.0,2.0,0,2.2,HARVEST_PARTS
A00480,Laptop,Gurugram,4.6,1,2,0,65.0,64.0,5.0,1,2.2,REDEPLOY
A00481,Laptop,Noida,3.1,2,3,0,83.0,66.0,2.0,1,2.2,REFURBISH_RESELL
A00482,Desktop,Pune,3.6,1,2,1,62.0,,3.0,1,8.0,RECYCLE
A00483,Laptop,Pune,6.3,1,2,1,47.0,42.0,5.0,1,2.2,RECYCLE
A00484,Laptop,Bengaluru,2.1,2,3,0,92.0,85.0,-0.0,1,2.2,REDEPLOY
A00485,Laptop,Hyderabad,7.2,2,2,0,54.0,24.0,6.0,1,2.2,RECYCLE
A00486,Desktop,Bengaluru,4.8,2,3,0,75.0,,4.0,1,8.0,REFURBISH_RESELL
A00487,Laptop,Bengaluru,7.0,1,2,0,67.0,46.0,6.0,1,2.2,RECYCLE
A00488,Desktop,Chennai,5.6,3,3,0,75.0,,6.0,1,8.0,HARVEST_PARTS
A00489,Desktop,Pune,6.0,1,4,1,58.0,,6.0,1,8.0,RECYCLE
A00490,Monitor,Hyderabad,4.0,3,3,0,69.0,,4.0,1,5.0,REDEPLOY
A00491,Monitor,Mumbai,2.3,1,1,0,87.0,,1.0,1,5.0,REDEPLOY
A00492,Monitor,Mumbai,2.9,1,1,0,86.0,,2.0,1,5.0,REDEPLOY
A00493,Laptop,Gurugram,2.7,1,4,0,87.0,68.0,3.0,1,2.2,REDEPLOY
A00494,Monitor,Bengaluru,1.3,1,3,1,75.0,,3.0,1,5.0,REDEPLOY
A00495,Desktop,Noida,6.3,1,2,0,62.0,,6.0,1,8.0,RECYCLE
A00496,Laptop,Bengaluru,3.8,3,3,0,73.0,65.0,4.0,1,2.2,REFURBISH_RESELL
A00497,Monitor,Mumbai,2.6,3,3,0,89.0,,2.0,1,5.0,REDEPLOY
A00498,Laptop,Noida,9.5,1,1,0,27.0,5.0,9.0,1,2.2,RECYCLE
A00499,Desktop,Mumbai,10.0,3,3,1,5.0,,8.0,1,8.0,RECYCLE
A00500,Monitor,Noida,2.0,3,4,0,84.0,,2.0,1,5.0,REDEPLOY
A00501,Network,Kolkata,3.5,3,4,0,73.0,,3.0,1,4.0,REFURBISH_RESELL
A00502,Mobile,Pune,3.4,1,3,0,83.0,56.0,2.0,1,0.2,REDEPLOY
A00503,Desktop,Pune,2.5,1,3,0,85.0,,2.0,1,8.0,REFURBISH_RESELL
A00504,Desktop,Hyderabad,6.2,3,1,0,70.0,,6.0,1,8.0,RECYCLE
A00505,Monitor,Bengaluru,1.3,2,2,0,90.0,,1.0,1,5.0,REDEPLOY
A00506,Laptop,Gurugram,8.3,1,4,0,36.0,35.0,8.0,1,2.2,RECYCLE
A00507,Server,Chennai,4.1,1,2,0,81.0,,4.0,1,25.0,HARVEST_PARTS
A00508,Desktop,Chennai,9.1,1,4,0,30.0,,7.0,1,8.0,RECYCLE
A00509,Laptop,Bengaluru,3.9,1,4,0,73.0,62.0,3.0,0,2.2,HARVEST_PARTS
A00510,Laptop,Noida,3.4,1,3,0,70.0,63.0,2.0,1,2.2,REDEPLOY
A00511,Server,Gurugram,6.5,2,3,0,42.0,,5.0,1,25.0,HARVEST_PARTS
A00512,Laptop,Bengaluru,9.1,1,3,0,60.0,5.0,8.0,1,2.2,RECYCLE
A00513,Laptop,Noida,8.4,1,3,0,31.0,41.0,6.0,1,2.2,RECYCLE
A00514,Laptop,Bengaluru,1.6,1,1,0,92.0,83.0,2.0,1,2.2,REDEPLOY
A00515,Laptop,Mumbai,7.3,1,3,0,51.0,46.0,5.0,1,2.2,HARVEST_PARTS
A00516,Laptop,Hyderabad,3.3,1,3,1,45.0,68.0,4.0,1,2.2,HARVEST_PARTS
A00517,Monitor,Mumbai,3.7,1,1,0,80.0,,4.0,1,5.0,REFURBISH_RESELL
A00518,Laptop,Bengaluru,3.3,3,4,0,75.0,60.0,2.0,1,2.2,REFURBISH_RESELL
A00519,Server,Hyderabad,2.9,1,4,0,81.0,,3.0,1,25.0,REDEPLOY
A00520,Network,Hyderabad,3.6,1,4,0,74.0,,3.0,1,4.0,REFURBISH_RESELL
A00521,Laptop,Mumbai,2.4,1,4,0,82.0,72.0,3.0,1,2.2,REDEPLOY
A00522,Laptop,Hyderabad,7.4,2,4,0,55.0,35.0,7.0,1,2.2,RECYCLE
A00523,Monitor,Noida,5.5,1,3,1,52.0,,4.0,1,5.0,RECYCLE
A00524,Laptop,Mumbai,4.5,2,3,0,76.0,63.0,4.0,1,2.2,REFURBISH_RESELL
A00525,Laptop,Bengaluru,3.3,1,4,0,84.0,73.0,3.0,0,2.2,HARVEST_PARTS
A00526,Mobile,Bengaluru,3.0,1,4,0,77.0,74.0,2.0,1,0.2,REDEPLOY
A00527,Mobile,Chennai,4.9,1,3,0,74.0,52.0,5.0,1,0.2,HARVEST_PARTS
A00528,Monitor,Mumbai,4.5,2,3,0,74.0,,5.0,1,5.0,REFURBISH_RESELL
A00529,Laptop,Pune,6.7,2,3,1,47.0,23.0,6.0,1,2.2,RECYCLE
A00530,Monitor,Gurugram,3.1,2,4,0,75.0,,2.0,1,5.0,REFURBISH_RESELL
A00531,Monitor,Mumbai,2.9,1,2,0,76.0,,3.0,1,5.0,REDEPLOY
A00532,Laptop,Gurugram,5.4,1,1,1,37.0,58.0,5.0,1,2.2,RECYCLE
A00533,Monitor,Mumbai,6.0,2,4,1,35.0,,5.0,1,5.0,RECYCLE
A00534,Laptop,Hyderabad,10.0,1,3,0,48.0,5.0,10.0,1,2.2,RECYCLE
A00535,Laptop,Bengaluru,1.6,2,2,0,86.0,80.0,2.0,1,2.2,REDEPLOY
A00536,Desktop,Hyderabad,7.6,1,3,0,49.0,,6.0,1,8.0,HARVEST_PARTS
A00537,Laptop,Noida,4.3,1,4,0,83.0,64.0,4.0,1,2.2,REFURBISH_RESELL
A00538,Laptop,Noida,3.1,2,4,0,86.0,69.0,3.0,1,2.2,REDEPLOY
A00539,Server,Pune,4.9,1,3,0,59.0,,6.0,1,25.0,REFURBISH_RESELL
A00540,Mobile,Bengaluru,4.9,3,3,0,71.0,63.0,5.0,1,0.2,HARVEST_PARTS
A00541,Desktop,Mumbai,3.2,2,2,1,51.0,,2.0,1,8.0,HARVEST_PARTS
A00542,Server,Gurugram,1.7,1,4,1,56.0,,2.0,1,25.0,HARVEST_PARTS
A00543,Mobile,Mumbai,7.6,1,4,0,49.0,34.0,7.0,1,0.2,RECYCLE
A00544,Laptop,Pune,2.8,1,3,0,77.0,76.0,1.0,1,2.2,REDEPLOY
A00545,Laptop,Bengaluru,2.6,1,3,0,80.0,67.0,1.0,1,2.2,REDEPLOY
A00546,Laptop,Bengaluru,2.9,1,3,1,41.0,79.0,2.0,1,2.2,HARVEST_PARTS
A00547,Laptop,Pune,5.8,1,4,1,43.0,38.0,4.0,1,2.2,RECYCLE
A00548,Monitor,Mumbai,3.4,2,3,0,73.0,,2.0,1,5.0,REDEPLOY
A00549,Laptop,Pune,3.0,1,2,1,52.0,66.0,3.0,1,2.2,HARVEST_PARTS
A00550,Desktop,Hyderabad,4.8,1,1,0,59.0,,5.0,1,8.0,HARVEST_PARTS
A00551,Laptop,Bengaluru,4.5,1,2,0,80.0,46.0,3.0,1,2.2,HARVEST_PARTS
A00552,Laptop,Pune,3.0,2,3,0,73.0,64.0,3.0,1,2.2,REFURBISH_RESELL
A00553,Mobile,Pune,1.6,1,2,0,90.0,80.0,2.0,1,0.2,REDEPLOY
A00554,Laptop,Gurugram,5.8,3,3,0,70.0,32.0,6.0,1,2.2,RECYCLE
A00555,Laptop,Pune,4.5,3,4,0,66.0,52.0,4.0,1,2.2,REFURBISH_RESELL
A00556,Laptop,Hyderabad,1.4,3,1,0,89.0,88.0,1.0,1,2.2,REDEPLOY
A00557,Desktop,Mumbai,8.1,2,4,1,37.0,,9.0,1,8.0,RECYCLE
A00558,Desktop,Mumbai,1.3,2,4,0,93.0,,2.0,1,8.0,REDEPLOY
A00559,Desktop,Kolkata,2.7,1,4,0,83.0,,4.0,1,8.0,REDEPLOY
A00560,Laptop,Chennai,2.8,2,3,0,77.0,79.0,2.0,1,2.2,REDEPLOY
A00561,Laptop,Chennai,3.0,1,3,1,51.0,77.0,3.0,1,2.2,HARVEST_PARTS
A00562,Server,Mumbai,3.0,1,3,0,77.0,,2.0,1,25.0,REDEPLOY
A00563,Monitor,Hyderabad,2.1,3,4,1,61.0,,2.0,1,5.0,REFURBISH_RESELL
A00564,Monitor,Hyderabad,4.3,1,4,0,63.0,,4.0,1,5.0,REDEPLOY
A00565,Monitor,Bengaluru,6.2,1,4,0,68.0,,6.0,1,5.0,HARVEST_PARTS
A00566,Monitor,Kolkata,4.3,1,4,0,70.0,,2.0,1,5.0,REFURBISH_RESELL
A00567,Laptop,Kolkata,4.6,1,4,0,71.0,43.0,4.0,1,2.2,REFURBISH_RESELL
A00568,Laptop,Noida,3.4,2,4,0,76.0,64.0,4.0,1,2.2,REFURBISH_RESELL
A00569,Desktop,Gurugram,4.2,3,1,0,72.0,,4.0,1,8.0,HARVEST_PARTS
A00570,Laptop,Noida,4.8,1,2,1,49.0,43.0,2.0,1,2.2,RECYCLE
A00571,Server,Bengaluru,5.5,1,3,0,58.0,,5.0,1,25.0,REFURBISH_RESELL
A00572,Desktop,Mumbai,2.8,1,3,0,81.0,,4.0,1,8.0,REFURBISH_RESELL
A00573,Monitor,Pune,2.7,2,1,0,76.0,,1.0,1,5.0,REFURBISH_RESELL
A00574,Network,Gurugram,1.1,1,3,0,90.0,,1.0,1,4.0,REDEPLOY
A00575,Desktop,Chennai,9.2,2,2,0,56.0,,8.0,1,8.0,RECYCLE
A00576,Mobile,Bengaluru,8.9,2,2,1,17.0,5.0,8.0,1,0.2,RECYCLE
A00577,Desktop,Mumbai,3.9,1,4,1,28.0,,4.0,0,8.0,HARVEST_PARTS
A00578,Network,Gurugram,4.0,1,4,0,67.0,,3.0,1,4.0,REFURBISH_RESELL
A00579,Laptop,Gurugram,7.8,1,4,1,13.0,5.0,7.0,1,2.2,RECYCLE
A00580,Desktop,Bengaluru,2.1,2,3,0,85.0,,3.0,1,8.0,REDEPLOY
A00581,Desktop,Pune,2.5,2,1,0,89.0,,5.0,1,8.0,REFURBISH_RESELL
A00582,Laptop,Chennai,8.0,3,3,1,37.0,10.0,8.0,1,2.2,RECYCLE
A00583,Laptop,Pune,3.4,1,2,0,81.0,74.0,3.0,1,2.2,REFURBISH_RESELL
A00584,Mobile,Chennai,2.3,3,3,1,66.0,79.0,2.0,1,0.2,HARVEST_PARTS
A00585,Monitor,Bengaluru,4.9,1,3,0,58.0,,4.0,1,5.0,REFURBISH_RESELL
A00586,Laptop,Mumbai,2.8,1,2,0,83.0,69.0,3.0,1,2.2,REFURBISH_RESELL
A00587,Laptop,Bengaluru,7.4,1,3,0,47.0,44.0,7.0,1,2.2,RECYCLE
A00588,Laptop,Pune,4.2,1,3,0,72.0,49.0,2.0,1,2.2,HARVEST_PARTS
A00589,Laptop,Mumbai,2.9,1,2,0,85.0,73.0,2.0,1,2.2,REDEPLOY
A00590,Mobile,Hyderabad,3.0,1,3,0,83.0,79.0,3.0,1,0.2,REDEPLOY
A00591,Laptop,Bengaluru,4.8,2,4,0,72.0,40.0,4.0,1,2.2,HARVEST_PARTS
A00592,Laptop,Hyderabad,3.6,2,3,1,40.0,62.0,4.0,1,2.2,HARVEST_PARTS
A00593,Desktop,Noida,3.4,2,3,0,75.0,,5.0,1,8.0,HARVEST_PARTS
A00594,Laptop,Noida,5.6,2,2,0,64.0,33.0,6.0,1,2.2,RECYCLE
A00595,Laptop,Bengaluru,7.9,2,4,0,29.0,6.0,8.0,1,2.2,RECYCLE
A00596,Monitor,Bengaluru,5.3,3,4,0,71.0,,5.0,1,5.0,REFURBISH_RESELL
A00597,Monitor,Bengaluru,2.7,1,3,0,79.0,,4.0,1,5.0,REDEPLOY
A00598,Mobile,Pune,2.3,3,2,0,90.0,76.0,4.0,1,0.2,HARVEST_PARTS
A00599,Monitor,Bengaluru,5.5,1,3,0,66.0,,5.0,1,5.0,REFURBISH_RESELL
A00600,Desktop,Mumbai,5.3,1,3,1,47.0,,5.0,1,8.0,RECYCLE
A00601,Monitor,Chennai,3.3,2,2,0,79.0,,3.0,1,5.0,REFURBISH_RESELL
A00602,Mobile,Mumbai,3.6,1,3,0,75.0,60.0,4.0,1,0.2,REFURBISH_RESELL
A00603,Monitor,Mumbai,2.8,1,3,0,82.0,,2.0,1,5.0,REFURBISH_RESELL
A00604,Mobile,Pune,2.3,1,3,0,88.0,77.0,2.0,1,0.2,REDEPLOY
A00605,Monitor,Bengaluru,2.9,2,2,0,76.0,,2.0,1,5.0,REFURBISH_RESELL
A00606,Network,Gurugram,0.9,3,4,0,93.0,,2.0,1,4.0,REDEPLOY
A00607,Laptop,Pune,6.7,1,4,0,48.0,34.0,9.0,1,2.2,RECYCLE
A00608,Monitor,Bengaluru,1.9,1,2,0,83.0,,2.0,1,5.0,REDEPLOY
A00609,Laptop,Noida,3.9,2,4,0,71.0,52.0,4.0,1,2.2,HARVEST_PARTS
A00610,Desktop,Bengaluru,1.2,1,3,0,95.0,,2.0,1,8.0,REDEPLOY
A00611,Monitor,Hyderabad,5.2,1,3,0,63.0,,4.0,1,5.0,REFURBISH_RESELL
A00612,Mobile,Noida,5.9,1,3,0,62.0,46.0,6.0,1,0.2,HARVEST_PARTS
A00613,Mobile,Hyderabad,4.1,2,2,1,65.0,49.0,4.0,1,0.2,HARVEST_PARTS
A00614,Laptop,Kolkata,3.8,1,2,0,74.0,66.0,2.0,1,2.2,REFURBISH_RESELL
A00615,Monitor,Mumbai,2.8,1,4,0,79.0,,2.0,1,5.0,REDEPLOY
A00616,Monitor,Pune,6.7,1,4,1,37.0,,4.0,1,5.0,HARVEST_PARTS
A00617,Laptop,Hyderabad,1.7,1,1,1,56.0,78.0,0.0,1,2.2,HARVEST_PARTS
A00618,Laptop,Mumbai,3.2,1,4,0,77.0,61.0,2.0,1,2.2,REDEPLOY
A00619,Laptop,Hyderabad,2.6,2,2,0,89.0,71.0,1.0,1,2.2,REFURBISH_RESELL
A00620,Monitor,Bengaluru,2.6,3,4,0,88.0,,3.0,1,5.0,REDEPLOY
A00621,Desktop,Bengaluru,6.6,1,3,1,9.0,,5.0,1,8.0,RECYCLE
A00622,Mobile,Chennai,3.7,1,3,0,76.0,72.0,4.0,1,0.2,REFURBISH_RESELL
A00623,Desktop,Bengaluru,2.8,1,3,0,81.0,,2.0,1,8.0,REDEPLOY
A00624,Mobile,Hyderabad,4.6,3,3,0,74.0,41.0,4.0,1,0.2,HARVEST_PARTS
A00625,Laptop,Pune,4.4,1,4,1,33.0,50.0,4.0,1,2.2,RECYCLE
A00626,Monitor,Pune,5.9,2,4,0,75.0,,5.0,1,5.0,REFURBISH_RESELL
A00627,Laptop,Pune,4.8,3,3,0,80.0,55.0,5.0,1,2.2,HARVEST_PARTS
A00628,Desktop,Gurugram,3.8,3,2,0,68.0,,1.0,1,8.0,REFURBISH_RESELL
A00629,Server,Chennai,3.9,3,3,0,79.0,,4.0,1,25.0,REFURBISH_RESELL
A00630,Mobile,Bengaluru,1.7,1,3,0,86.0,85.0,1.0,1,0.2,REDEPLOY
A00631,Server,Chennai,4.7,2,1,0,69.0,,4.0,1,25.0,HARVEST_PARTS
A00632,Laptop,Mumbai,2.4,3,3,0,89.0,70.0,3.0,1,2.2,REDEPLOY
A00633,Laptop,Kolkata,4.4,2,3,0,81.0,50.0,5.0,1,2.2,REFURBISH_RESELL
A00634,Laptop,Bengaluru,7.8,2,4,1,29.0,26.0,6.0,1,2.2,RECYCLE
A00635,Laptop,Noida,4.1,3,2,0,73.0,59.0,3.0,1,2.2,REFURBISH_RESELL
A00636,Monitor,Hyderabad,3.3,2,4,0,81.0,,2.0,1,5.0,REDEPLOY
A00637,Monitor,Hyderabad,3.3,2,4,0,71.0,,3.0,1,5.0,REFURBISH_RESELL
A00638,Monitor,Pune,4.6,2,4,0,79.0,,6.0,1,5.0,HARVEST_PARTS
A00639,Network,Kolkata,4.2,1,4,0,75.0,,3.0,1,4.0,REFURBISH_RESELL
A00640,Monitor,Kolkata,5.3,1,3,0,78.0,,5.0,1,5.0,REFURBISH_RESELL
A00641,Server,Mumbai,2.9,2,4,0,79.0,,3.0,1,25.0,REDEPLOY
A00642,Laptop,Mumbai,3.6,3,3,0,84.0,74.0,3.0,1,2.2,REFURBISH_RESELL
A00643,Laptop,Hyderabad,5.7,3,3,1,18.0,27.0,6.0,1,2.2,RECYCLE
A00644,Monitor,Pune,5.9,1,4,0,55.0,,5.0,1,5.0,HARVEST_PARTS
A00645,Network,Noida,5.9,2,4,0,47.0,,6.0,1,4.0,HARVEST_PARTS
A00646,Laptop,Hyderabad,5.4,1,3,0,72.0,60.0,4.0,1,2.2,HARVEST_PARTS
A00647,Desktop,Pune,5.5,2,3,0,60.0,,5.0,1,8.0,REFURBISH_RESELL
A00648,Monitor,Chennai,4.4,3,3,0,76.0,,3.0,1,5.0,REFURBISH_RESELL
A00649,Laptop,Chennai,1.9,3,4,0,90.0,85.0,1.0,1,2.2,REDEPLOY
A00650,Laptop,Bengaluru,2.0,2,4,0,83.0,76.0,2.0,1,2.2,REDEPLOY
A00651,Network,Mumbai,4.0,2,4,0,66.0,,4.0,1,4.0,REFURBISH_RESELL
A00652,Monitor,Bengaluru,4.1,1,2,0,78.0,,4.0,1,5.0,REFURBISH_RESELL
A00653,Laptop,Noida,2.6,2,1,0,82.0,70.0,3.0,1,2.2,REFURBISH_RESELL
A00654,Network,Noida,2.7,1,3,0,79.0,,2.0,1,4.0,REDEPLOY
A00655,Laptop,Chennai,3.7,1,1,0,79.0,53.0,3.0,1,2.2,HARVEST_PARTS
A00656,Network,Kolkata,9.8,2,4,0,53.0,,9.0,1,4.0,RECYCLE
A00657,Laptop,Pune,2.3,1,3,1,58.0,74.0,3.0,1,2.2,HARVEST_PARTS
A00658,Desktop,Noida,3.2,2,3,0,79.0,,2.0,1,8.0,REFURBISH_RESELL
A00659,Laptop,Bengaluru,5.9,1,3,0,68.0,40.0,8.0,1,2.2,RECYCLE
A00660,Laptop,Gurugram,5.4,1,2,0,78.0,49.0,4.0,1,2.2,HARVEST_PARTS
A00661,Network,Pune,4.5,1,3,0,63.0,,3.0,1,4.0,REDEPLOY
A00662,Laptop,Hyderabad,1.5,1,2,0,91.0,84.0,1.0,1,2.2,REDEPLOY
A00663,Laptop,Hyderabad,3.5,1,4,0,76.0,70.0,4.0,1,2.2,REDEPLOY
A00664,Laptop,Mumbai,8.6,2,4,1,34.0,34.0,9.0,1,2.2,RECYCLE
A00665,Monitor,Bengaluru,2.6,2,3,0,89.0,,2.0,1,5.0,REDEPLOY
A00666,Server,Bengaluru,2.6,1,4,0,85.0,,2.0,1,25.0,REDEPLOY
A00667,Mobile,Gurugram,7.6,2,4,0,61.0,26.0,6.0,1,0.2,RECYCLE
A00668,Laptop,Bengaluru,3.7,2,4,1,68.0,60.0,4.0,1,2.2,HARVEST_PARTS
A00669,Laptop,Bengaluru,1.5,2,3,0,93.0,84.0,0.0,1,2.2,REDEPLOY
A00670,Laptop,Mumbai,2.2,2,2,0,84.0,83.0,2.0,1,2.2,REDEPLOY
A00671,Desktop,Mumbai,2.9,2,3,1,68.0,,3.0,1,8.0,HARVEST_PARTS
A00672,Mobile,Hyderabad,4.4,1,3,0,61.0,63.0,4.0,1,0.2,REFURBISH_RESELL
A00673,Monitor,Hyderabad,3.5,1,4,1,52.0,,3.0,1,5.0,HARVEST_PARTS
A00674,Desktop,Hyderabad,2.5,1,3,1,64.0,,1.0,1,8.0,HARVEST_PARTS
A00675,Laptop,Mumbai,3.6,2,3,0,71.0,66.0,3.0,1,2.2,REDEPLOY
A00676,Mobile,Bengaluru,2.6,1,4,0,87.0,70.0,3.0,1,0.2,REDEPLOY
A00677,Desktop,Kolkata,8.8,3,3,0,44.0,,8.0,1,8.0,RECYCLE
A00678,Laptop,Hyderabad,2.1,1,4,0,87.0,75.0,2.0,1,2.2,REDEPLOY
A00679,Laptop,Noida,3.1,1,3,1,50.0,70.0,3.0,1,2.2,HARVEST_PARTS
A00680,Laptop,Kolkata,2.9,1,1,0,83.0,62.0,3.0,1,2.2,REFURBISH_RESELL
A00681,Laptop,Hyderabad,2.9,2,3,0,86.0,69.0,2.0,1,2.2,REDEPLOY
A00682,Laptop,Bengaluru,2.3,1,1,0,83.0,82.0,2.0,1,2.2,REDEPLOY
A00683,Desktop,Gurugram,7.3,2,3,0,47.0,,8.0,1,8.0,RECYCLE
A00684,Monitor,Chennai,10.0,2,4,1,25.0,,9.0,1,5.0,RECYCLE
A00685,Laptop,Bengaluru,4.7,1,3,0,64.0,64.0,5.0,1,2.2,HARVEST_PARTS
A00686,Laptop,Gurugram,4.5,2,2,0,68.0,67.0,4.0,1,2.2,HARVEST_PARTS
A00687,Mobile,Noida,1.7,2,1,1,74.0,80.0,1.0,1,0.2,HARVEST_PARTS
A00688,Monitor,Bengaluru,7.3,2,3,0,63.0,,7.0,1,5.0,RECYCLE
A00689,Desktop,Noida,2.6,1,4,0,81.0,,2.0,1,8.0,REFURBISH_RESELL
A00690,Laptop,Pune,1.6,2,3,0,89.0,84.0,2.0,1,2.2,REDEPLOY
A00691,Network,Chennai,5.1,2,4,0,79.0,,5.0,1,4.0,REFURBISH_RESELL
A00692,Laptop,Gurugram,6.4,3,4,0,66.0,49.0,5.0,1,2.2,HARVEST_PARTS
A00693,Laptop,Noida,7.2,1,4,1,32.0,45.0,7.0,1,2.2,RECYCLE
A00694,Mobile,Gurugram,3.1,3,4,0,73.0,71.0,3.0,1,0.2,REFURBISH_RESELL
A00695,Desktop,Pune,3.0,3,3,0,81.0,,2.0,1,8.0,REDEPLOY
A00696,Monitor,Hyderabad,4.3,1,1,0,72.0,,3.0,1,5.0,REFURBISH_RESELL
A00697,Desktop,Pune,3.5,2,3,0,83.0,,2.0,1,8.0,REDEPLOY
A00698,Monitor,Noida,5.1,1,2,1,40.0,,5.0,1,5.0,RECYCLE
A00699,Laptop,Pune,4.3,1,2,0,62.0,51.0,5.0,1,2.2,HARVEST_PARTS
A00700,Laptop,Gurugram,2.5,2,4,0,79.0,75.0,2.0,0,2.2,HARVEST_PARTS
A00701,Laptop,Noida,7.3,1,3,1,37.0,28.0,6.0,1,2.2,RECYCLE
A00702,Laptop,Gurugram,5.1,1,2,1,30.0,42.0,5.0,1,2.2,RECYCLE
A00703,Network,Pune,6.3,2,3,1,44.0,,6.0,1,4.0,RECYCLE
A00704,Laptop,Pune,2.5,3,3,0,82.0,77.0,3.0,1,2.2,REDEPLOY
A00705,Desktop,Mumbai,5.1,1,2,0,70.0,,4.0,1,8.0,HARVEST_PARTS
A00706,Monitor,Bengaluru,0.7,1,2,0,95.0,,0.0,1,5.0,REDEPLOY
A00707,Monitor,Noida,5.7,1,3,0,57.0,,5.0,1,5.0,REFURBISH_RESELL
A00708,Laptop,Pune,4.2,1,3,0,81.0,69.0,4.0,1,2.2,REFURBISH_RESELL
A00709,Desktop,Bengaluru,2.2,3,3,0,81.0,,1.0,1,8.0,REFURBISH_RESELL
A00710,Mobile,Mumbai,4.1,1,1,0,78.0,63.0,3.0,1,0.2,REFURBISH_RESELL
A00711,Monitor,Hyderabad,5.5,2,2,1,33.0,,6.0,0,5.0,RECYCLE
A00712,Server,Chennai,6.5,1,4,0,43.0,,5.0,1,25.0,HARVEST_PARTS
A00713,Mobile,Gurugram,1.8,3,3,0,90.0,79.0,2.0,1,0.2,REDEPLOY
A00714,Monitor,Noida,4.2,1,1,0,63.0,,3.0,1,5.0,REFURBISH_RESELL
A00715,Laptop,Noida,2.0,3,3,0,84.0,84.0,1.0,1,2.2,REDEPLOY
A00716,Desktop,Gurugram,5.5,2,2,1,25.0,,5.0,1,8.0,RECYCLE
A00717,Laptop,Kolkata,6.2,3,3,0,72.0,34.0,6.0,1,2.2,RECYCLE
A00718,Monitor,Bengaluru,2.4,1,3,0,85.0,,4.0,1,5.0,REDEPLOY
A00719,Mobile,Noida,2.2,3,3,0,86.0,83.0,3.0,1,0.2,REDEPLOY
A00720,Desktop,Kolkata,2.9,1,3,0,75.0,,3.0,1,8.0,REDEPLOY
A00721,Laptop,Mumbai,3.6,2,3,0,77.0,56.0,3.0,1,2.2,REDEPLOY
A00722,Laptop,Kolkata,2.7,2,2,0,84.0,69.0,3.0,1,2.2,REFURBISH_RESELL
A00723,Mobile,Gurugram,5.7,1,3,0,65.0,28.0,6.0,1,0.2,HARVEST_PARTS
A00724,Laptop,Pune,6.5,1,1,0,43.0,48.0,4.0,1,2.2,RECYCLE
A00725,Laptop,Pune,4.1,1,4,0,71.0,55.0,5.0,1,2.2,REFURBISH_RESELL
A00726,Laptop,Noida,2.7,3,2,0,82.0,77.0,2.0,1,2.2,REDEPLOY
A00727,Laptop,Noida,3.5,1,4,0,73.0,69.0,2.0,1,2.2,REDEPLOY
A00728,Desktop,Mumbai,4.1,1,2,0,78.0,,4.0,1,8.0,REFURBISH_RESELL
A00729,Desktop,Hyderabad,3.5,2,2,0,71.0,,3.0,1,8.0,REFURBISH_RESELL
A00730,Laptop,Bengaluru,3.8,2,2,0,73.0,60.0,4.0,1,2.2,REFURBISH_RESELL
A00731,Laptop,Bengaluru,6.3,1,3,0,66.0,41.0,5.0,1,2.2,HARVEST_PARTS
A00732,Laptop,Bengaluru,2.7,1,4,0,88.0,69.0,4.0,1,2.2,REDEPLOY
A00733,Laptop,Chennai,9.2,2,1,0,40.0,23.0,10.0,1,2.2,RECYCLE
A00734,Laptop,Pune,4.2,2,3,0,67.0,69.0,4.0,1,2.2,REFURBISH_RESELL
A00735,Monitor,Noida,3.4,1,4,0,81.0,,4.0,1,5.0,REDEPLOY
A00736,Laptop,Hyderabad,2.6,1,4,0,77.0,68.0,4.0,1,2.2,REDEPLOY
A00737,Laptop,Bengaluru,2.7,2,2,0,82.0,68.0,2.0,1,2.2,REFURBISH_RESELL
A00738,Laptop,Chennai,3.9,1,2,1,52.0,62.0,3.0,1,2.2,RECYCLE
A00739,Laptop,Mumbai,4.2,3,2,0,81.0,59.0,4.0,1,2.2,HARVEST_PARTS
A00740,Laptop,Hyderabad,3.3,2,3,0,78.0,71.0,3.0,1,2.2,REDEPLOY
A00741,Laptop,Gurugram,2.0,3,3,0,82.0,80.0,2.0,1,2.2,REDEPLOY
A00742,Network,Pune,3.9,1,1,0,76.0,,3.0,1,4.0,REFURBISH_RESELL
A00743,Laptop,Bengaluru,2.8,1,3,0,78.0,69.0,2.0,1,2.2,REDEPLOY
A00744,Desktop,Mumbai,1.5,2,3,0,89.0,,1.0,1,8.0,REDEPLOY
A00745,Desktop,Bengaluru,5.2,1,1,0,70.0,,6.0,1,8.0,HARVEST_PARTS
A00746,Laptop,Mumbai,1.7,1,1,0,86.0,82.0,2.0,1,2.2,REDEPLOY
A00747,Laptop,Hyderabad,3.3,1,3,0,79.0,73.0,4.0,1,2.2,REFURBISH_RESELL
A00748,Monitor,Bengaluru,3.7,1,3,0,78.0,,3.0,1,5.0,REDEPLOY
A00749,Server,Chennai,6.9,1,1,0,50.0,,7.0,1,25.0,RECYCLE
A00750,Laptop,Mumbai,1.6,1,2,0,92.0,83.0,2.0,1,2.2,REDEPLOY
A00751,Laptop,Hyderabad,5.5,1,4,0,53.0,54.0,4.0,1,2.2,HARVEST_PARTS
A00752,Laptop,Mumbai,5.9,2,1,1,39.0,44.0,5.0,1,2.2,RECYCLE
A00753,Desktop,Kolkata,7.9,1,2,0,33.0,,8.0,1,8.0,RECYCLE
A00754,Monitor,Pune,6.4,2,2,0,57.0,,6.0,1,5.0,RECYCLE
A00755,Laptop,Bengaluru,3.8,2,3,0,72.0,66.0,4.0,1,2.2,REDEPLOY
A00756,Laptop,Hyderabad,1.7,2,4,0,85.0,82.0,1.0,1,2.2,REDEPLOY
A00757,Mobile,Hyderabad,5.6,3,4,0,51.0,61.0,6.0,1,0.2,HARVEST_PARTS
A00758,Laptop,Gurugram,7.1,3,3,0,41.0,25.0,6.0,1,2.2,RECYCLE
A00759,Desktop,Bengaluru,1.4,1,3,0,89.0,,1.0,1,8.0,REDEPLOY
A00760,Monitor,Bengaluru,2.0,1,2,0,86.0,,2.0,1,5.0,REDEPLOY
A00761,Laptop,Gurugram,4.4,2,3,0,77.0,58.0,6.0,1,2.2,REFURBISH_RESELL
A00762,Laptop,Pune,5.8,2,3,0,64.0,43.0,5.0,1,2.2,RECYCLE
A00763,Laptop,Hyderabad,5.1,1,4,0,65.0,62.0,5.0,1,2.2,REFURBISH_RESELL
A00764,Mobile,Hyderabad,4.6,3,2,1,50.0,56.0,5.0,1,0.2,RECYCLE
A00765,Laptop,Mumbai,7.8,3,2,0,45.0,7.0,7.0,1,2.2,RECYCLE
A00766,Laptop,Noida,3.3,3,3,0,78.0,58.0,3.0,1,2.2,REDEPLOY
A00767,Laptop,Mumbai,2.7,1,4,0,80.0,78.0,4.0,1,2.2,REDEPLOY
A00768,Laptop,Chennai,3.0,1,4,0,79.0,66.0,4.0,1,2.2,REDEPLOY
A00769,Monitor,Gurugram,4.4,1,3,0,63.0,,6.0,1,5.0,REFURBISH_RESELL
A00770,Laptop,Chennai,3.7,1,2,0,77.0,53.0,3.0,1,2.2,HARVEST_PARTS
A00771,Desktop,Noida,6.0,1,2,0,59.0,,6.0,1,8.0,HARVEST_PARTS
A00772,Desktop,Bengaluru,2.8,1,2,0,80.0,,3.0,1,8.0,REFURBISH_RESELL
A00773,Server,Bengaluru,4.7,3,2,0,73.0,,4.0,1,25.0,REFURBISH_RESELL
A00774,Laptop,Bengaluru,5.6,1,3,1,45.0,36.0,5.0,1,2.2,RECYCLE
A00775,Network,Gurugram,7.1,2,4,0,60.0,,7.0,0,4.0,RECYCLE
A00776,Monitor,Pune,2.1,1,3,1,54.0,,2.0,1,5.0,HARVEST_PARTS
A00777,Laptop,Mumbai,3.0,3,4,0,74.0,78.0,2.0,1,2.2,REDEPLOY
A00778,Monitor,Pune,3.6,3,4,0,81.0,,3.0,1,5.0,REDEPLOY
A00779,Network,Kolkata,1.8,2,4,1,65.0,,1.0,1,4.0,REFURBISH_RESELL
A00780,Laptop,Mumbai,4.5,1,4,0,63.0,53.0,4.0,1,2.2,HARVEST_PARTS
A00781,Mobile,Bengaluru,4.5,1,4,0,69.0,53.0,5.0,1,0.2,HARVEST_PARTS
A00782,Desktop,Hyderabad,4.3,2,2,0,74.0,,5.0,1,8.0,HARVEST_PARTS
A00783,Monitor,Hyderabad,3.5,2,3,0,74.0,,4.0,1,5.0,REDEPLOY
A00784,Mobile,Pune,6.7,3,3,0,60.0,39.0,6.0,1,0.2,RECYCLE
A00785,Laptop,Pune,3.0,1,4,0,81.0,64.0,4.0,1,2.2,REDEPLOY
A00786,Server,Pune,6.4,1,3,0,43.0,,5.0,1,25.0,REFURBISH_RESELL
A00787,Laptop,Chennai,3.0,1,1,0,82.0,78.0,3.0,1,2.2,REDEPLOY
A00788,Monitor,Gurugram,2.1,1,3,0,82.0,,2.0,1,5.0,REDEPLOY
A00789,Monitor,Pune,3.8,2,2,1,60.0,,3.0,1,5.0,HARVEST_PARTS
A00790,Laptop,Noida,4.1,1,1,0,75.0,51.0,2.0,1,2.2,REFURBISH_RESELL
A00791,Laptop,Mumbai,4.7,3,2,0,60.0,46.0,4.0,1,2.2,HARVEST_PARTS
A00792,Laptop,Bengaluru,1.1,1,3,0,95.0,86.0,2.0,1,2.2,REDEPLOY
A00793,Laptop,Hyderabad,3.3,1,3,0,71.0,63.0,2.0,1,2.2,REDEPLOY
A00794,Laptop,Noida,8.8,1,4,1,5.0,30.0,7.0,1,2.2,RECYCLE
A00795,Laptop,Gurugram,2.9,2,2,1,58.0,73.0,3.0,1,2.2,HARVEST_PARTS
A00796,Laptop,Chennai,5.9,2,1,0,63.0,55.0,6.0,1,2.2,RECYCLE
A00797,Laptop,Hyderabad,10.0,3,2,0,14.0,5.0,9.0,1,2.2,RECYCLE
A00798,Monitor,Hyderabad,9.6,1,4,0,23.0,,9.0,1,5.0,RECYCLE
A00799,Monitor,Chennai,2.3,1,4,0,84.0,,2.0,0,5.0,HARVEST_PARTS
A00800,Monitor,Gurugram,5.7,2,3,0,54.0,,6.0,1,5.0,REFURBISH_RESELL
A00801,Laptop,Gurugram,5.8,3,1,0,61.0,57.0,6.0,1,2.2,RECYCLE
A00802,Network,Kolkata,5.2,1,4,1,27.0,,4.0,1,4.0,RECYCLE
A00803,Desktop,Bengaluru,2.1,1,3,1,64.0,,2.0,0,8.0,HARVEST_PARTS
A00804,Laptop,Hyderabad,4.3,1,3,0,79.0,61.0,4.0,1,2.2,HARVEST_PARTS
A00805,Laptop,Gurugram,4.3,2,4,0,78.0,70.0,4.0,1,2.2,REFURBISH_RESELL
A00806,Monitor,Gurugram,1.9,1,4,0,86.0,,0.0,1,5.0,REDEPLOY
A00807,Laptop,Chennai,3.4,1,4,1,62.0,71.0,3.0,1,2.2,HARVEST_PARTS
A00808,Desktop,Bengaluru,4.4,1,3,0,63.0,,4.0,1,8.0,REFURBISH_RESELL
A00809,Mobile,Bengaluru,3.7,2,4,0,75.0,64.0,3.0,1,0.2,REFURBISH_RESELL
A00810,Laptop,Hyderabad,5.4,1,4,0,75.0,44.0,5.0,1,2.2,HARVEST_PARTS
A00811,Laptop,Kolkata,3.3,1,3,0,74.0,59.0,2.0,1,2.2,REFURBISH_RESELL
A00812,Mobile,Pune,4.1,2,2,1,54.0,61.0,2.0,1,0.2,RECYCLE
A00813,Desktop,Chennai,6.1,1,3,0,56.0,,5.0,1,8.0,HARVEST_PARTS
A00814,Laptop,Hyderabad,8.3,1,2,0,29.0,5.0,8.0,1,2.2,RECYCLE
A00815,Network,Gurugram,2.1,1,3,0,84.0,,1.0,1,4.0,REDEPLOY
A00816,Network,Noida,5.3,1,2,0,58.0,,4.0,1,4.0,REFURBISH_RESELL
A00817,Desktop,Chennai,3.1,1,4,0,80.0,,3.0,1,8.0,REDEPLOY
A00818,Monitor,Noida,4.7,1,4,0,63.0,,4.0,1,5.0,REFURBISH_RESELL
A00819,Laptop,Chennai,2.0,1,2,0,88.0,78.0,2.0,1,2.2,REFURBISH_RESELL
A00820,Laptop,Mumbai,6.8,2,3,0,58.0,39.0,8.0,1,2.2,RECYCLE
A00821,Desktop,Noida,2.6,2,4,0,82.0,,3.0,1,8.0,REDEPLOY
A00822,Laptop,Bengaluru,6.1,1,4,0,53.0,36.0,6.0,1,2.2,HARVEST_PARTS
A00823,Monitor,Noida,2.1,2,2,0,91.0,,1.0,1,5.0,REDEPLOY
A00824,Server,Gurugram,1.8,1,2,0,88.0,,2.0,1,25.0,REDEPLOY
A00825,Laptop,Noida,3.5,3,4,0,86.0,66.0,2.0,1,2.2,REDEPLOY
A00826,Desktop,Hyderabad,4.3,1,3,1,47.0,,3.0,0,8.0,HARVEST_PARTS
A00827,Laptop,Chennai,10.0,1,4,0,38.0,5.0,9.0,1,2.2,RECYCLE
A00828,Network,Chennai,4.3,1,4,0,81.0,,4.0,1,4.0,REFURBISH_RESELL
A00829,Laptop,Kolkata,2.3,1,4,0,87.0,81.0,2.0,1,2.2,REDEPLOY
A00830,Monitor,Bengaluru,5.6,1,4,0,70.0,,5.0,1,5.0,REFURBISH_RESELL
A00831,Desktop,Gurugram,7.3,1,2,0,38.0,,6.0,1,8.0,HARVEST_PARTS
A00832,Laptop,Bengaluru,2.5,2,1,0,85.0,80.0,2.0,1,2.2,REFURBISH_RESELL
A00833,Monitor,Gurugram,6.0,1,4,0,73.0,,6.0,1,5.0,REFURBISH_RESELL
A00834,Monitor,Pune,6.9,1,3,0,59.0,,6.0,1,5.0,REFURBISH_RESELL
A00835,Desktop,Hyderabad,5.7,3,3,0,59.0,,4.0,1,8.0,REFURBISH_RESELL
A00836,Monitor,Pune,2.8,1,3,0,76.0,,4.0,1,5.0,REDEPLOY
A00837,Mobile,Hyderabad,4.4,1,4,0,63.0,62.0,6.0,1,0.2,REFURBISH_RESELL
A00838,Laptop,Gurugram,4.7,1,4,0,71.0,60.0,4.0,1,2.2,REFURBISH_RESELL
A00839,Desktop,Chennai,6.7,1,3,0,52.0,,6.0,1,8.0,HARVEST_PARTS
A00840,Laptop,Bengaluru,2.9,2,4,0,74.0,73.0,3.0,1,2.2,REFURBISH_RESELL
A00841,Monitor,Bengaluru,6.1,1,4,1,47.0,,5.0,1,5.0,RECYCLE
A00842,Desktop,Gurugram,3.7,1,2,0,69.0,,4.0,1,8.0,REFURBISH_RESELL
A00843,Laptop,Chennai,3.3,2,3,0,73.0,66.0,4.0,1,2.2,REFURBISH_RESELL
A00844,Laptop,Noida,4.0,2,2,1,32.0,64.0,3.0,1,2.2,RECYCLE
A00845,Network,Hyderabad,1.0,2,3,0,91.0,,1.0,1,4.0,REDEPLOY
A00846,Laptop,Gurugram,1.2,1,4,0,94.0,85.0,1.0,1,2.2,REDEPLOY
A00847,Monitor,Chennai,1.4,1,4,0,90.0,,2.0,1,5.0,REDEPLOY
A00848,Laptop,Mumbai,4.8,3,2,0,77.0,63.0,5.0,1,2.2,HARVEST_PARTS
A00849,Mobile,Pune,3.5,1,4,0,81.0,65.0,4.0,1,0.2,REFURBISH_RESELL
A00850,Laptop,Bengaluru,2.8,3,3,0,78.0,64.0,3.0,1,2.2,REFURBISH_RESELL
A00851,Laptop,Bengaluru,3.9,2,3,0,67.0,60.0,4.0,1,2.2,REFURBISH_RESELL
A00852,Network,Noida,6.1,2,1,0,62.0,,6.0,1,4.0,RECYCLE
A00853,Mobile,Pune,1.3,1,1,1,57.0,85.0,2.0,1,0.2,HARVEST_PARTS
A00854,Laptop,Hyderabad,3.8,3,2,0,81.0,67.0,4.0,1,2.2,REFURBISH_RESELL
A00855,Desktop,Gurugram,2.2,3,4,0,86.0,,2.0,1,8.0,REDEPLOY
A00856,Monitor,Kolkata,10.0,2,4,0,60.0,,10.0,1,5.0,RECYCLE
A00857,Network,Pune,4.0,3,4,0,68.0,,2.0,1,4.0,REDEPLOY
A00858,Laptop,Chennai,6.9,2,4,0,63.0,37.0,7.0,1,2.2,RECYCLE
A00859,Desktop,Hyderabad,5.7,2,1,0,76.0,,5.0,1,8.0,HARVEST_PARTS
A00860,Monitor,Bengaluru,3.2,2,3,0,82.0,,2.0,0,5.0,HARVEST_PARTS
A00861,Monitor,Mumbai,8.3,2,4,1,19.0,,6.0,0,5.0,RECYCLE
A00862,Monitor,Bengaluru,2.9,2,2,0,78.0,,2.0,1,5.0,REFURBISH_RESELL
A00863,Desktop,Mumbai,4.8,2,4,0,72.0,,6.0,1,8.0,REFURBISH_RESELL
A00864,Laptop,Pune,4.5,2,3,0,75.0,53.0,6.0,1,2.2,REFURBISH_RESELL
A00865,Mobile,Bengaluru,4.7,3,4,0,81.0,47.0,4.0,1,0.2,HARVEST_PARTS
A00866,Network,Gurugram,7.6,1,3,1,5.0,,6.0,0,4.0,RECYCLE
A00867,Monitor,Noida,4.0,2,4,0,83.0,,3.0,1,5.0,REDEPLOY
A00868,Laptop,Pune,10.0,2,4,1,22.0,5.0,9.0,1,2.2,RECYCLE
A00869,Laptop,Gurugram,4.4,2,1,0,77.0,66.0,6.0,1,2.2,HARVEST_PARTS
A00870,Monitor,Gurugram,4.5,1,1,0,61.0,,5.0,1,5.0,REFURBISH_RESELL
A00871,Laptop,Gurugram,9.8,1,3,0,31.0,5.0,9.0,1,2.2,RECYCLE
A00872,Mobile,Mumbai,6.6,1,2,0,73.0,37.0,6.0,0,0.2,RECYCLE
A00873,Laptop,Mumbai,1.7,2,4,0,87.0,81.0,0.0,1,2.2,REDEPLOY
A00874,Monitor,Noida,3.0,2,3,0,75.0,,1.0,1,5.0,REDEPLOY
A00875,Network,Hyderabad,4.1,2,4,0,70.0,,3.0,1,4.0,REFURBISH_RESELL
A00876,Laptop,Chennai,7.6,2,4,0,50.0,30.0,6.0,1,2.2,HARVEST_PARTS
A00877,Laptop,Kolkata,7.9,1,3,0,55.0,22.0,6.0,1,2.2,RECYCLE
A00878,Monitor,Hyderabad,3.9,2,2,1,56.0,,4.0,1,5.0,RECYCLE
A00879,Desktop,Pune,2.9,3,2,0,88.0,,2.0,1,8.0,REDEPLOY
A00880,Laptop,Noida,3.6,2,3,0,82.0,74.0,3.0,1,2.2,REFURBISH_RESELL
A00881,Monitor,Hyderabad,4.2,1,3,0,64.0,,3.0,1,5.0,REFURBISH_RESELL
A00882,Mobile,Noida,3.5,1,3,1,53.0,58.0,4.0,1,0.2,HARVEST_PARTS
A00883,Desktop,Noida,7.0,2,1,0,69.0,,6.0,1,8.0,RECYCLE
A00884,Laptop,Bengaluru,3.3,1,4,0,76.0,69.0,2.0,1,2.2,REDEPLOY
A00885,Laptop,Pune,2.6,2,3,0,78.0,74.0,2.0,1,2.2,REDEPLOY
A00886,Laptop,Hyderabad,3.6,3,1,0,74.0,74.0,5.0,1,2.2,HARVEST_PARTS
A00887,Laptop,Hyderabad,4.6,3,3,0,68.0,41.0,5.0,1,2.2,HARVEST_PARTS
A00888,Laptop,Hyderabad,7.0,1,2,0,55.0,38.0,6.0,1,2.2,RECYCLE
A00889,Monitor,Pune,2.5,1,3,0,83.0,,3.0,1,5.0,REDEPLOY
A00890,Laptop,Hyderabad,4.6,2,1,0,62.0,55.0,4.0,1,2.2,HARVEST_PARTS
A00891,Mobile,Hyderabad,4.7,3,2,0,74.0,65.0,4.0,1,0.2,HARVEST_PARTS
A00892,Laptop,Gurugram,5.1,1,3,0,60.0,43.0,4.0,1,2.2,HARVEST_PARTS
A00893,Laptop,Gurugram,3.3,1,4,1,63.0,72.0,2.0,1,2.2,HARVEST_PARTS
A00894,Monitor,Bengaluru,5.1,2,3,0,76.0,,5.0,1,5.0,REFURBISH_RESELL
A00895,Network,Pune,5.7,1,4,0,70.0,,6.0,1,4.0,HARVEST_PARTS
A00896,Laptop,Pune,3.3,1,4,0,72.0,70.0,3.0,1,2.2,REDEPLOY
A00897,Laptop,Pune,4.4,3,3,0,75.0,46.0,5.0,1,2.2,HARVEST_PARTS
A00898,Laptop,Bengaluru,3.7,1,3,0,78.0,66.0,2.0,1,2.2,REFURBISH_RESELL
A00899,Desktop,Noida,2.7,1,2,0,85.0,,3.0,0,8.0,HARVEST_PARTS
A00900,Desktop,Noida,2.0,1,4,0,86.0,,2.0,1,8.0,REDEPLOY
A00901,Laptop,Gurugram,2.9,1,4,0,87.0,67.0,2.0,1,2.2,REDEPLOY
A00902,Laptop,Mumbai,3.0,1,3,0,81.0,68.0,3.0,1,2.2,REFURBISH_RESELL
A00903,Desktop,Gurugram,2.0,1,3,0,87.0,,3.0,1,8.0,REDEPLOY
A00904,Mobile,Bengaluru,4.9,1,3,0,60.0,64.0,5.0,1,0.2,HARVEST_PARTS
A00905,Monitor,Hyderabad,5.9,2,4,0,70.0,,5.0,1,5.0,REFURBISH_RESELL
A00906,Desktop,Pune,3.6,1,4,0,79.0,,5.0,1,8.0,REFURBISH_RESELL
A00907,Laptop,Mumbai,3.9,2,2,1,41.0,71.0,4.0,1,2.2,RECYCLE
A00908,Laptop,Gurugram,3.1,3,4,0,75.0,77.0,4.0,1,2.2,REFURBISH_RESELL
A00909,Laptop,Bengaluru,3.8,3,3,0,71.0,73.0,3.0,1,2.2,HARVEST_PARTS
A00910,Monitor,Gurugram,5.1,1,1,0,78.0,,5.0,1,5.0,REFURBISH_RESELL
A00911,Network,Kolkata,4.6,1,4,0,74.0,,5.0,1,4.0,REFURBISH_RESELL
A00912,Mobile,Chennai,3.8,2,2,0,81.0,56.0,3.0,1,0.2,REFURBISH_RESELL
A00913,Mobile,Bengaluru,3.0,1,2,0,86.0,74.0,5.0,1,0.2,REDEPLOY
A00914,Mobile,Noida,5.6,2,3,1,48.0,38.0,4.0,1,0.2,RECYCLE
A00915,Mobile,Hyderabad,3.2,2,1,0,78.0,59.0,3.0,1,0.2,HARVEST_PARTS
A00916,Laptop,Noida,2.1,1,4,1,64.0,75.0,2.0,1,2.2,REFURBISH_RESELL
A00917,Laptop,Hyderabad,4.2,1,2,1,48.0,60.0,3.0,1,2.2,HARVEST_PARTS
A00918,Laptop,Noida,1.6,3,4,0,91.0,82.0,0.0,1,2.2,REDEPLOY
A00919,Desktop,Gurugram,4.5,2,3,0,77.0,,3.0,1,8.0,HARVEST_PARTS
A00920,Laptop,Hyderabad,4.7,2,4,0,68.0,45.0,4.0,1,2.2,REFURBISH_RESELL
A00921,Server,Mumbai,2.9,2,3,0,79.0,,3.0,1,25.0,REDEPLOY
A00922,Monitor,Bengaluru,3.1,1,4,0,79.0,,3.0,1,5.0,REDEPLOY
A00923,Desktop,Chennai,6.0,1,4,0,51.0,,5.0,1,8.0,HARVEST_PARTS
A00924,Laptop,Hyderabad,9.4,2,4,1,24.0,5.0,8.0,1,2.2,RECYCLE
A00925,Laptop,Chennai,4.0,1,3,0,77.0,58.0,3.0,1,2.2,REFURBISH_RESELL
A00926,Laptop,Gurugram,1.2,2,4,0,92.0,86.0,1.0,1,2.2,REDEPLOY
A00927,Network,Bengaluru,2.9,1,2,0,79.0,,2.0,1,4.0,REFURBISH_RESELL
A00928,Desktop,Bengaluru,4.7,3,3,0,73.0,,3.0,1,8.0,HARVEST_PARTS
A00929,Monitor,Hyderabad,3.7,2,3,0,81.0,,3.0,1,5.0,REDEPLOY
A00930,Laptop,Mumbai,4.6,1,3,0,59.0,64.0,5.0,1,2.2,REFURBISH_RESELL
A00931,Laptop,Noida,4.3,2,4,0,68.0,45.0,3.0,1,2.2,REFURBISH_RESELL
A00932,Laptop,Noida,4.3,2,4,1,32.0,50.0,5.0,1,2.2,RECYCLE
A00933,Monitor,Kolkata,1.3,2,2,1,80.0,,1.0,1,5.0,REFURBISH_RESELL
A00934,Monitor,Kolkata,3.1,1,3,1,62.0,,4.0,1,5.0,HARVEST_PARTS
A00935,Laptop,Bengaluru,3.0,1,3,0,80.0,79.0,3.0,1,2.2,REDEPLOY
A00936,Mobile,Bengaluru,3.0,2,4,0,84.0,70.0,3.0,1,0.2,REDEPLOY
A00937,Laptop,Bengaluru,5.3,1,3,1,57.0,32.0,4.0,1,2.2,RECYCLE
A00938,Network,Noida,2.2,2,3,0,87.0,,1.0,0,4.0,HARVEST_PARTS
A00939,Laptop,Noida,1.3,1,2,0,95.0,86.0,3.0,1,2.2,REDEPLOY
A00940,Laptop,Bengaluru,2.9,3,1,0,82.0,65.0,3.0,0,2.2,HARVEST_PARTS
A00941,Server,Gurugram,2.6,3,3,0,86.0,,1.0,1,25.0,REDEPLOY
A00942,Laptop,Hyderabad,4.0,1,2,1,49.0,57.0,4.0,1,2.2,RECYCLE
A00943,Laptop,Bengaluru,2.6,1,3,0,82.0,77.0,3.0,1,2.2,REDEPLOY
A00944,Laptop,Noida,3.5,1,1,0,80.0,64.0,4.0,1,2.2,HARVEST_PARTS
A00945,Laptop,Hyderabad,3.2,3,2,0,87.0,63.0,2.0,1,2.2,REDEPLOY
A00946,Monitor,Mumbai,6.9,1,4,0,40.0,,6.0,0,5.0,HARVEST_PARTS
A00947,Network,Hyderabad,2.7,2,4,0,88.0,,2.0,1,4.0,REFURBISH_RESELL
A00948,Network,Chennai,5.1,2,1,0,71.0,,5.0,1,4.0,RECYCLE
A00949,Laptop,Kolkata,3.8,1,3,0,71.0,68.0,3.0,1,2.2,REFURBISH_RESELL
A00950,Desktop,Bengaluru,6.1,2,3,0,49.0,,6.0,1,8.0,RECYCLE
A00951,Laptop,Bengaluru,7.8,1,2,0,44.0,39.0,6.0,1,2.2,RECYCLE
A00952,Laptop,Bengaluru,3.8,1,4,0,80.0,59.0,4.0,1,2.2,REFURBISH_RESELL
A00953,Laptop,Hyderabad,1.6,3,2,0,88.0,82.0,0.0,1,2.2,REDEPLOY
A00954,Mobile,Mumbai,2.2,1,3,0,87.0,82.0,3.0,1,0.2,REDEPLOY
A00955,Network,Pune,1.9,1,2,0,85.0,,1.0,1,4.0,REDEPLOY
A00956,Monitor,Bengaluru,3.1,2,3,1,47.0,,3.0,1,5.0,HARVEST_PARTS
A00957,Desktop,Gurugram,2.9,2,4,0,87.0,,3.0,1,8.0,REDEPLOY
A00958,Desktop,Hyderabad,4.4,2,1,0,71.0,,4.0,1,8.0,HARVEST_PARTS
A00959,Desktop,Kolkata,5.8,1,3,1,48.0,,5.0,1,8.0,RECYCLE
A00960,Desktop,Chennai,1.5,2,2,1,51.0,,1.0,1,8.0,HARVEST_PARTS
A00961,Laptop,Noida,3.9,1,4,1,40.0,72.0,3.0,1,2.2,HARVEST_PARTS
A00962,Laptop,Kolkata,2.7,1,3,0,77.0,81.0,2.0,1,2.2,REFURBISH_RESELL
A00963,Laptop,Gurugram,4.0,1,2,0,74.0,72.0,3.0,1,2.2,REFURBISH_RESELL
A00964,Mobile,Pune,3.1,2,2,0,87.0,62.0,3.0,1,0.2,REDEPLOY
A00965,Desktop,Mumbai,5.4,2,1,0,61.0,,4.0,1,8.0,HARVEST_PARTS
A00966,Mobile,Noida,2.3,1,2,0,81.0,76.0,2.0,1,0.2,REDEPLOY
A00967,Laptop,Gurugram,2.8,1,3,0,88.0,80.0,3.0,1,2.2,REDEPLOY
A00968,Desktop,Pune,3.6,2,2,0,72.0,,4.0,1,8.0,HARVEST_PARTS
A00969,Laptop,Bengaluru,3.3,1,1,0,74.0,60.0,1.0,1,2.2,REDEPLOY
A00970,Laptop,Kolkata,3.6,1,1,0,73.0,56.0,3.0,0,2.2,HARVEST_PARTS
A00971,Laptop,Gurugram,1.7,2,1,0,89.0,82.0,2.0,1,2.2,REFURBISH_RESELL
A00972,Laptop,Noida,7.3,1,2,0,47.0,44.0,7.0,1,2.2,RECYCLE
A00973,Mobile,Gurugram,3.0,1,2,0,81.0,73.0,3.0,1,0.2,REDEPLOY
A00974,Laptop,Bengaluru,2.3,2,3,1,63.0,70.0,2.0,1,2.2,HARVEST_PARTS
A00975,Monitor,Noida,3.7,1,3,1,45.0,,3.0,1,5.0,HARVEST_PARTS
A00976,Desktop,Hyderabad,3.9,2,2,0,75.0,,4.0,1,8.0,HARVEST_PARTS
A00977,Laptop,Bengaluru,8.8,2,4,1,9.0,22.0,8.0,1,2.2,RECYCLE
A00978,Desktop,Bengaluru,6.3,1,3,0,73.0,,6.0,1,8.0,HARVEST_PARTS
A00979,Laptop,Pune,3.3,2,3,1,53.0,68.0,4.0,1,2.2,RECYCLE
A00980,Mobile,Chennai,8.0,2,4,0,61.0,33.0,7.0,1,0.2,RECYCLE
A00981,Server,Pune,7.3,3,2,0,60.0,,7.0,1,25.0,HARVEST_PARTS
A00982,Monitor,Pune,2.4,2,3,0,84.0,,2.0,1,5.0,REDEPLOY
A00983,Desktop,Noida,9.7,1,3,0,21.0,,8.0,1,8.0,RECYCLE
A00984,Laptop,Hyderabad,3.0,2,3,1,67.0,74.0,3.0,1,2.2,HARVEST_PARTS
A00985,Mobile,Hyderabad,4.2,2,2,0,67.0,64.0,5.0,1,0.2,HARVEST_PARTS
A00986,Laptop,Bengaluru,6.8,2,4,0,49.0,15.0,6.0,1,2.2,RECYCLE
A00987,Laptop,Kolkata,1.5,1,3,0,90.0,89.0,3.0,1,2.2,REDEPLOY
A00988,Laptop,Kolkata,3.6,2,4,0,82.0,65.0,3.0,1,2.2,REDEPLOY
A00989,Monitor,Bengaluru,4.5,1,1,0,80.0,,5.0,1,5.0,REFURBISH_RESELL
A00990,Monitor,Mumbai,6.2,3,4,0,70.0,,6.0,1,5.0,HARVEST_PARTS
A00991,Monitor,Bengaluru,3.8,1,1,1,46.0,,4.0,1,5.0,RECYCLE
A00992,Monitor,Chennai,1.5,1,4,1,75.0,,1.0,1,5.0,REDEPLOY
A00993,Laptop,Bengaluru,8.7,1,4,1,37.0,5.0,8.0,1,2.2,RECYCLE
A00994,Mobile,Pune,3.9,3,1,0,74.0,70.0,4.0,1,0.2,HARVEST_PARTS
A00995,Laptop,Noida,4.5,2,3,1,37.0,67.0,4.0,1,2.2,RECYCLE
A00996,Monitor,Mumbai,1.8,1,3,0,92.0,,2.0,1,5.0,REDEPLOY
A00997,Laptop,Pune,7.1,3,3,1,29.0,29.0,5.0,1,2.2,RECYCLE
A00998,Mobile,Hyderabad,3.1,1,4,0,85.0,65.0,3.0,1,0.2,REDEPLOY
A00999,Laptop,Pune,2.7,1,4,1,69.0,73.0,2.0,1,2.2,HARVEST_PARTS
A01000,Laptop,Pune,6.4,1,4,0,51.0,55.0,6.0,1,2.2,HARVEST_PARTS
A01001,Desktop,Gurugram,1.9,1,4,1,70.0,,1.0,1,8.0,REFURBISH_RESELL
A01002,Laptop,Gurugram,4.6,1,4,0,64.0,57.0,4.0,1,2.2,REFURBISH_RESELL
A01003,Laptop,Bengaluru,2.7,1,3,0,80.0,68.0,3.0,1,2.2,REDEPLOY
A01004,Monitor,Pune,4.8,1,2,0,80.0,,4.0,1,5.0,REFURBISH_RESELL
A01005,Laptop,Hyderabad,5.4,1,3,1,28.0,47.0,5.0,1,2.2,RECYCLE
A01006,Mobile,Bengaluru,3.0,1,3,0,82.0,71.0,3.0,1,0.2,REDEPLOY
A01007,Laptop,Gurugram,6.9,2,4,0,40.0,35.0,6.0,1,2.2,RECYCLE
A01008,Monitor,Gurugram,3.9,1,1,0,66.0,,4.0,1,5.0,REFURBISH_RESELL
A01009,Desktop,Pune,8.8,1,4,1,39.0,,9.0,1,8.0,RECYCLE
A01010,Monitor,Mumbai,6.4,1,3,1,15.0,,5.0,1,5.0,RECYCLE
A01011,Desktop,Mumbai,4.1,2,1,0,79.0,,3.0,1,8.0,REFURBISH_RESELL
A01012,Desktop,Noida,4.1,2,3,0,68.0,,4.0,1,8.0,HARVEST_PARTS
A01013,Mobile,Bengaluru,2.0,1,3,0,89.0,85.0,1.0,1,0.2,REDEPLOY
A01014,Laptop,Pune,6.4,2,2,0,51.0,27.0,5.0,1,2.2,RECYCLE
A01015,Laptop,Hyderabad,2.9,3,4,0,88.0,72.0,3.0,1,2.2,REFURBISH_RESELL
A01016,Monitor,Pune,4.3,2,3,0,68.0,,3.0,1,5.0,REFURBISH_RESELL
A01017,Server,Mumbai,8.7,1,3,0,47.0,,8.0,1,25.0,RECYCLE
A01018,Laptop,Noida,6.9,3,1,0,47.0,25.0,5.0,1,2.2,RECYCLE
A01019,Laptop,Hyderabad,2.4,1,1,0,89.0,77.0,2.0,1,2.2,REFURBISH_RESELL
A01020,Network,Hyderabad,3.9,1,3,0,67.0,,4.0,1,4.0,REFURBISH_RESELL
A01021,Monitor,Hyderabad,4.5,2,3,1,29.0,,5.0,1,5.0,RECYCLE
A01022,Mobile,Bengaluru,7.3,1,3,1,40.0,19.0,5.0,1,0.2,RECYCLE
A01023,Desktop,Bengaluru,6.8,3,1,0,61.0,,5.0,1,8.0,RECYCLE
A01024,Monitor,Kolkata,5.1,1,3,0,72.0,,6.0,1,5.0,REFURBISH_RESELL
A01025,Laptop,Chennai,4.9,1,4,0,66.0,45.0,4.0,1,2.2,HARVEST_PARTS
A01026,Mobile,Gurugram,3.9,1,1,0,84.0,63.0,3.0,1,0.2,REFURBISH_RESELL
A01027,Laptop,Bengaluru,4.5,2,1,1,54.0,64.0,4.0,1,2.2,RECYCLE
A01028,Monitor,Bengaluru,3.5,1,4,0,72.0,,3.0,1,5.0,REDEPLOY
A01029,Laptop,Hyderabad,5.7,1,3,0,70.0,29.0,5.0,1,2.2,RECYCLE
A01030,Desktop,Bengaluru,5.0,3,2,0,77.0,,6.0,1,8.0,HARVEST_PARTS
A01031,Monitor,Hyderabad,6.3,1,4,0,44.0,,5.0,1,5.0,REFURBISH_RESELL
A01032,Desktop,Gurugram,6.2,1,1,0,56.0,,4.0,1,8.0,RECYCLE
A01033,Mobile,Gurugram,9.0,2,4,0,33.0,34.0,8.0,1,0.2,RECYCLE
A01034,Laptop,Bengaluru,2.9,1,3,0,79.0,74.0,2.0,1,2.2,REFURBISH_RESELL
A01035,Monitor,Chennai,1.1,1,1,0,94.0,,0.0,1,5.0,REDEPLOY
A01036,Laptop,Bengaluru,2.8,1,1,0,78.0,65.0,3.0,1,2.2,REFURBISH_RESELL
A01037,Laptop,Chennai,4.5,1,4,1,48.0,50.0,5.0,0,2.2,RECYCLE
A01038,Laptop,Pune,3.5,1,2,0,81.0,75.0,3.0,1,2.2,REFURBISH_RESELL
A01039,Laptop,Pune,3.4,2,2,0,76.0,70.0,3.0,1,2.2,HARVEST_PARTS
A01040,Laptop,Noida,2.7,1,2,0,77.0,68.0,2.0,1,2.2,REDEPLOY
A01041,Monitor,Pune,4.8,1,3,0,62.0,,4.0,1,5.0,HARVEST_PARTS
A01042,Monitor,Pune,1.5,1,1,0,89.0,,2.0,0,5.0,HARVEST_PARTS
A01043,Monitor,Bengaluru,5.1,3,2,0,73.0,,3.0,1,5.0,REFURBISH_RESELL
A01044,Laptop,Chennai,5.1,2,2,0,72.0,54.0,5.0,1,2.2,HARVEST_PARTS
A01045,Laptop,Gurugram,6.2,1,3,1,11.0,23.0,6.0,0,2.2,RECYCLE
A01046,Laptop,Bengaluru,10.0,2,3,0,20.0,5.0,8.0,1,2.2,RECYCLE
A01047,Monitor,Chennai,1.0,1,4,0,92.0,,2.0,1,5.0,REDEPLOY
A01048,Network,Bengaluru,5.0,1,4,0,56.0,,6.0,1,4.0,HARVEST_PARTS
A01049,Laptop,Gurugram,5.5,1,1,0,68.0,38.0,4.0,1,2.2,RECYCLE
A01050,Monitor,Hyderabad,2.8,2,3,0,80.0,,1.0,1,5.0,REDEPLOY
A01051,Laptop,Noida,3.6,1,3,1,62.0,54.0,3.0,1,2.2,RECYCLE
A01052,Laptop,Chennai,3.1,1,3,0,83.0,63.0,3.0,1,2.2,REFURBISH_RESELL
A01053,Laptop,Gurugram,5.2,2,2,0,65.0,44.0,7.0,1,2.2,RECYCLE
A01054,Laptop,Mumbai,6.5,3,3,1,32.0,40.0,5.0,1,2.2,RECYCLE
A01055,Monitor,Hyderabad,2.1,3,2,0,82.0,,1.0,1,5.0,REDEPLOY
A01056,Mobile,Noida,4.8,2,4,0,68.0,64.0,4.0,1,0.2,REFURBISH_RESELL
A01057,Laptop,Chennai,7.2,2,4,0,62.0,15.0,7.0,1,2.2,RECYCLE
A01058,Desktop,Mumbai,2.9,1,4,1,44.0,,3.0,1,8.0,HARVEST_PARTS
A01059,Monitor,Hyderabad,0.9,1,4,0,93.0,,0.0,1,5.0,REDEPLOY
A01060,Mobile,Mumbai,2.5,2,3,0,83.0,81.0,1.0,1,0.2,REDEPLOY
A01061,Monitor,Bengaluru,2.4,1,2,0,85.0,,3.0,1,5.0,REDEPLOY
A01062,Laptop,Noida,2.6,3,3,1,70.0,73.0,3.0,1,2.2,HARVEST_PARTS
A01063,Monitor,Chennai,8.7,1,2,1,23.0,,7.0,1,5.0,RECYCLE
A01064,Laptop,Pune,9.6,1,1,0,61.0,15.0,10.0,1,2.2,RECYCLE
A01065,Mobile,Bengaluru,7.6,1,2,0,53.0,36.0,5.0,1,0.2,RECYCLE
A01066,Laptop,Gurugram,3.4,2,3,0,84.0,72.0,3.0,1,2.2,REDEPLOY
A01067,Monitor,Chennai,7.8,1,3,0,49.0,,7.0,1,5.0,HARVEST_PARTS
A01068,Laptop,Chennai,1.1,2,3,1,76.0,90.0,1.0,1,2.2,REFURBISH_RESELL
A01069,Laptop,Chennai,2.3,1,4,0,81.0,77.0,1.0,1,2.2,REDEPLOY
A01070,Network,Hyderabad,5.7,2,4,0,74.0,,6.0,1,4.0,REFURBISH_RESELL
A01071,Monitor,Hyderabad,3.0,2,4,0,81.0,,2.0,1,5.0,REDEPLOY
A01072,Laptop,Mumbai,2.1,3,3,0,90.0,76.0,1.0,1,2.2,REDEPLOY
A01073,Mobile,Mumbai,4.7,1,4,0,68.0,64.0,4.0,1,0.2,REFURBISH_RESELL
A01074,Network,Noida,4.8,1,3,0,73.0,,5.0,1,4.0,REFURBISH_RESELL
A01075,Laptop,Pune,5.0,1,2,0,77.0,59.0,4.0,1,2.2,HARVEST_PARTS
A01076,Desktop,Noida,5.3,1,3,0,63.0,,5.0,1,8.0,HARVEST_PARTS
A01077,Desktop,Hyderabad,4.6,2,3,0,69.0,,5.0,1,8.0,REFURBISH_RESELL
A01078,Monitor,Kolkata,3.7,1,3,0,81.0,,3.0,1,5.0,REDEPLOY
A01079,Laptop,Kolkata,4.1,3,3,0,64.0,64.0,3.0,1,2.2,REFURBISH_RESELL
A01080,Laptop,Bengaluru,5.8,1,4,0,54.0,53.0,7.0,1,2.2,HARVEST_PARTS
A01081,Mobile,Mumbai,4.5,2,3,0,68.0,60.0,3.0,1,0.2,REFURBISH_RESELL
A01082,Mobile,Pune,3.2,2,4,1,53.0,72.0,1.0,1,0.2,HARVEST_PARTS
A01083,Server,Pune,2.7,3,3,0,79.0,,2.0,1,25.0,REDEPLOY
A01084,Mobile,Hyderabad,4.1,1,3,0,74.0,52.0,3.0,1,0.2,REFURBISH_RESELL
A01085,Monitor,Gurugram,7.2,2,3,0,37.0,,7.0,1,5.0,RECYCLE
A01086,Monitor,Gurugram,5.3,1,1,1,50.0,,4.0,1,5.0,RECYCLE
A01087,Monitor,Mumbai,7.3,1,4,1,45.0,,7.0,1,5.0,RECYCLE
A01088,Desktop,Pune,3.4,2,3,0,85.0,,3.0,1,8.0,REDEPLOY
A01089,Desktop,Hyderabad,4.4,1,4,0,80.0,,4.0,1,8.0,REFURBISH_RESELL
A01090,Laptop,Gurugram,4.7,2,1,0,73.0,49.0,5.0,1,2.2,HARVEST_PARTS
A01091,Monitor,Bengaluru,5.9,1,4,0,76.0,,5.0,1,5.0,REFURBISH_RESELL
A01092,Laptop,Bengaluru,3.4,1,3,0,77.0,69.0,4.0,1,2.2,REFURBISH_RESELL
A01093,Laptop,Hyderabad,5.3,2,3,0,67.0,38.0,4.0,1,2.2,HARVEST_PARTS
A01094,Desktop,Hyderabad,7.0,1,1,0,59.0,,6.0,1,8.0,RECYCLE
A01095,Laptop,Hyderabad,3.8,2,3,0,77.0,70.0,4.0,1,2.2,REFURBISH_RESELL
A01096,Laptop,Hyderabad,2.6,3,3,0,84.0,77.0,2.0,1,2.2,REFURBISH_RESELL
A01097,Server,Mumbai,7.1,1,3,0,37.0,,7.0,1,25.0,RECYCLE
A01098,Network,Bengaluru,5.5,1,2,0,66.0,,5.0,1,4.0,HARVEST_PARTS
A01099,Laptop,Chennai,1.9,1,4,0,84.0,81.0,0.0,1,2.2,REDEPLOY
A01100,Laptop,Bengaluru,3.9,1,4,0,68.0,53.0,4.0,1,2.2,REFURBISH_RESELL
A01101,Laptop,Pune,8.9,2,4,1,23.0,5.0,7.0,1,2.2,RECYCLE
A01102,Monitor,Kolkata,5.1,3,3,0,79.0,,4.0,1,5.0,HARVEST_PARTS
A01103,Server,Noida,4.1,1,3,0,66.0,,4.0,1,25.0,REFURBISH_RESELL
A01104,Laptop,Bengaluru,2.4,1,1,0,88.0,70.0,3.0,1,2.2,REDEPLOY
A01105,Monitor,Chennai,2.4,1,3,0,90.0,,3.0,1,5.0,REDEPLOY
A01106,Laptop,Mumbai,5.7,1,4,0,52.0,57.0,5.0,1,2.2,HARVEST_PARTS
A01107,Laptop,Hyderabad,2.5,1,3,0,82.0,72.0,2.0,1,2.2,REDEPLOY
A01108,Mobile,Gurugram,4.7,3,3,0,77.0,66.0,3.0,1,0.2,REFURBISH_RESELL
A01109,Laptop,Noida,3.8,1,3,0,79.0,69.0,4.0,1,2.2,REDEPLOY
A01110,Laptop,Noida,4.6,2,3,0,64.0,42.0,3.0,1,2.2,REFURBISH_RESELL
A01111,Laptop,Hyderabad,3.7,1,3,0,83.0,53.0,2.0,1,2.2,REFURBISH_RESELL
A01112,Monitor,Bengaluru,5.0,3,1,0,62.0,,5.0,1,5.0,HARVEST_PARTS
A01113,Mobile,Hyderabad,6.2,3,4,0,61.0,42.0,7.0,1,0.2,RECYCLE
A01114,Mobile,Chennai,3.7,3,2,0,70.0,52.0,3.0,1,0.2,HARVEST_PARTS
A01115,Laptop,Hyderabad,6.0,1,2,1,24.0,55.0,5.0,1,2.2,RECYCLE
A01116,Laptop,Hyderabad,7.5,1,4,1,17.0,6.0,6.0,1,2.2,RECYCLE
A01117,Monitor,Gurugram,4.7,1,2,0,61.0,,5.0,1,5.0,REFURBISH_RESELL
A01118,Laptop,Kolkata,5.7,1,4,0,67.0,30.0,4.0,1,2.2,REFURBISH_RESELL
A01119,Network,Mumbai,2.2,2,3,0,86.0,,1.0,1,4.0,REDEPLOY
A01120,Monitor,Gurugram,3.8,3,3,0,67.0,,3.0,1,5.0,REFURBISH_RESELL
A01121,Laptop,Hyderabad,1.8,2,4,1,79.0,78.0,1.0,1,2.2,REFURBISH_RESELL
A01122,Server,Bengaluru,3.1,1,3,0,81.0,,2.0,1,25.0,REDEPLOY
A01123,Laptop,Bengaluru,3.8,1,3,1,58.0,71.0,4.0,1,2.2,HARVEST_PARTS
A01124,Laptop,Hyderabad,9.3,2,4,1,9.0,5.0,9.0,1,2.2,RECYCLE
A01125,Desktop,Bengaluru,2.8,1,3,0,87.0,,2.0,1,8.0,REDEPLOY
A01126,Desktop,Pune,4.0,1,3,0,80.0,,3.0,1,8.0,REFURBISH_RESELL
A01127,Monitor,Bengaluru,2.5,1,4,0,85.0,,2.0,1,5.0,REDEPLOY
A01128,Monitor,Chennai,3.6,3,2,0,70.0,,3.0,1,5.0,REFURBISH_RESELL
A01129,Mobile,Bengaluru,5.0,1,1,0,66.0,60.0,5.0,1,0.2,HARVEST_PARTS
A01130,Mobile,Kolkata,5.4,3,3,1,40.0,33.0,6.0,1,0.2,RECYCLE
A01131,Desktop,Mumbai,3.4,1,1,0,84.0,,4.0,1,8.0,REFURBISH_RESELL
A01132,Laptop,Pune,3.0,2,1,0,79.0,74.0,3.0,1,2.2,HARVEST_PARTS
A01133,Monitor,Bengaluru,0.8,2,3,0,96.0,,0.0,1,5.0,REDEPLOY
A01134,Mobile,Pune,7.9,3,1,0,66.0,26.0,6.0,1,0.2,RECYCLE
A01135,Laptop,Pune,3.3,1,2,1,67.0,62.0,2.0,1,2.2,RECYCLE
A01136,Desktop,Hyderabad,1.3,1,2,0,90.0,,2.0,1,8.0,REDEPLOY
A01137,Laptop,Kolkata,7.0,1,4,1,23.0,39.0,6.0,1,2.2,RECYCLE
A01138,Laptop,Bengaluru,1.4,1,2,0,91.0,83.0,1.0,1,2.2,REDEPLOY
A01139,Monitor,Bengaluru,7.0,1,4,0,62.0,,7.0,1,5.0,HARVEST_PARTS
A01140,Laptop,Kolkata,1.8,2,2,0,91.0,77.0,1.0,1,2.2,REDEPLOY
A01141,Monitor,Bengaluru,2.0,1,4,0,89.0,,2.0,1,5.0,REDEPLOY
A01142,Server,Pune,2.3,3,2,0,87.0,,2.0,1,25.0,REDEPLOY
A01143,Server,Noida,3.1,2,2,0,78.0,,2.0,1,25.0,REDEPLOY
A01144,Laptop,Hyderabad,7.0,2,3,1,11.0,29.0,7.0,1,2.2,RECYCLE
A01145,Laptop,Noida,2.3,2,3,0,88.0,70.0,3.0,1,2.2,REFURBISH_RESELL
A01146,Monitor,Mumbai,5.0,1,4,1,37.0,,5.0,1,5.0,RECYCLE
A01147,Server,Bengaluru,4.5,1,4,0,69.0,,5.0,1,25.0,REFURBISH_RESELL
A01148,Desktop,Pune,4.2,1,1,0,74.0,,4.0,1,8.0,HARVEST_PARTS
A01149,Network,Mumbai,6.4,3,2,0,71.0,,6.0,1,4.0,HARVEST_PARTS
A01150,Laptop,Mumbai,4.3,1,2,0,79.0,57.0,5.0,1,2.2,REFURBISH_RESELL
A01151,Network,Mumbai,4.5,1,2,1,57.0,,5.0,1,4.0,RECYCLE
A01152,Laptop,Bengaluru,5.6,2,3,0,61.0,38.0,5.0,1,2.2,RECYCLE
A01153,Laptop,Bengaluru,3.2,1,3,0,78.0,59.0,2.0,1,2.2,REDEPLOY
A01154,Desktop,Mumbai,4.0,3,3,0,68.0,,1.0,1,8.0,REFURBISH_RESELL
A01155,Laptop,Hyderabad,4.7,3,4,0,77.0,41.0,5.0,1,2.2,HARVEST_PARTS
A01156,Laptop,Kolkata,6.1,1,2,0,62.0,47.0,7.0,1,2.2,RECYCLE
A01157,Laptop,Bengaluru,3.8,2,2,0,76.0,63.0,3.0,1,2.2,HARVEST_PARTS
A01158,Laptop,Bengaluru,4.0,1,3,0,80.0,61.0,4.0,1,2.2,HARVEST_PARTS
A01159,Monitor,Noida,5.0,1,3,1,30.0,,3.0,1,5.0,HARVEST_PARTS
A01160,Laptop,Mumbai,3.8,3,3,0,79.0,69.0,4.0,1,2.2,REFURBISH_RESELL
A01161,Monitor,Pune,2.8,1,3,0,80.0,,3.0,1,5.0,REDEPLOY
A01162,Server,Hyderabad,5.6,3,3,0,66.0,,5.0,1,25.0,HARVEST_PARTS
A01163,Laptop,Gurugram,4.3,3,4,0,78.0,45.0,5.0,1,2.2,HARVEST_PARTS
A01164,Laptop,Pune,3.3,2,2,1,47.0,73.0,3.0,1,2.2,RECYCLE
A01165,Network,Hyderabad,2.3,1,2,0,85.0,,3.0,1,4.0,REFURBISH_RESELL
A01166,Server,Bengaluru,1.4,1,4,0,93.0,,3.0,1,25.0,REDEPLOY
A01167,Desktop,Hyderabad,5.1,1,3,0,62.0,,4.0,1,8.0,HARVEST_PARTS
A01168,Server,Noida,2.8,1,3,0,80.0,,3.0,1,25.0,REFURBISH_RESELL
A01169,Laptop,Noida,1.7,1,2,0,86.0,81.0,1.0,1,2.2,REDEPLOY
A01170,Laptop,Bengaluru,2.6,1,1,0,88.0,78.0,3.0,1,2.2,REFURBISH_RESELL
A01171,Monitor,Hyderabad,4.7,2,3,0,60.0,,3.0,1,5.0,REFURBISH_RESELL
A01172,Laptop,Pune,2.7,1,3,0,82.0,78.0,3.0,1,2.2,REDEPLOY
A01173,Monitor,Gurugram,4.7,1,1,0,66.0,,4.0,1,5.0,REFURBISH_RESELL
A01174,Desktop,Hyderabad,3.0,2,4,1,43.0,,3.0,1,8.0,HARVEST_PARTS
A01175,Monitor,Noida,4.0,1,3,1,52.0,,5.0,1,5.0,HARVEST_PARTS
A01176,Desktop,Hyderabad,4.2,1,3,0,65.0,,4.0,1,8.0,HARVEST_PARTS
A01177,Laptop,Chennai,5.5,1,4,1,42.0,53.0,4.0,1,2.2,RECYCLE
A01178,Laptop,Gurugram,5.6,1,2,0,54.0,38.0,5.0,1,2.2,RECYCLE
A01179,Laptop,Chennai,4.0,1,4,1,34.0,61.0,3.0,1,2.2,RECYCLE
A01180,Monitor,Kolkata,2.5,1,2,0,88.0,,2.0,1,5.0,REFURBISH_RESELL
A01181,Laptop,Bengaluru,6.7,1,2,0,57.0,29.0,6.0,1,2.2,HARVEST_PARTS
A01182,Laptop,Chennai,3.3,1,3,0,72.0,64.0,4.0,1,2.2,REFURBISH_RESELL
A01183,Laptop,Chennai,1.0,1,4,0,94.0,89.0,1.0,1,2.2,REDEPLOY
A01184,Laptop,Gurugram,4.6,2,3,0,66.0,56.0,5.0,1,2.2,HARVEST_PARTS
A01185,Server,Mumbai,4.7,2,1,0,79.0,,4.0,1,25.0,REFURBISH_RESELL
A01186,Laptop,Mumbai,3.4,1,3,0,81.0,74.0,5.0,1,2.2,REFURBISH_RESELL
A01187,Mobile,Kolkata,1.8,3,4,0,87.0,85.0,1.0,1,0.2,REDEPLOY
A01188,Laptop,Noida,1.6,2,2,1,70.0,87.0,1.0,1,2.2,REFURBISH_RESELL
A01189,Monitor,Noida,3.5,2,2,0,74.0,,4.0,1,5.0,REFURBISH_RESELL
A01190,Laptop,Noida,2.3,1,3,0,84.0,70.0,2.0,1,2.2,REFURBISH_RESELL
A01191,Laptop,Gurugram,6.1,1,3,0,47.0,46.0,6.0,1,2.2,RECYCLE
A01192,Network,Hyderabad,3.4,1,3,1,54.0,,2.0,1,4.0,HARVEST_PARTS
A01193,Mobile,Bengaluru,3.2,1,4,0,77.0,65.0,3.0,1,0.2,REDEPLOY
A01194,Network,Kolkata,8.8,3,3,1,19.0,,8.0,1,4.0,RECYCLE
A01195,Laptop,Gurugram,1.1,3,1,0,91.0,87.0,0.0,1,2.2,REDEPLOY
A01196,Laptop,Kolkata,4.0,1,2,0,67.0,55.0,4.0,1,2.2,REFURBISH_RESELL
A01197,Monitor,Pune,1.5,3,3,0,92.0,,-0.0,1,5.0,REDEPLOY
A01198,Laptop,Chennai,7.1,2,3,0,42.0,44.0,6.0,1,2.2,RECYCLE
A01199,Monitor,Chennai,1.7,2,2,0,88.0,,2.0,1,5.0,REDEPLOY
A01200,Desktop,Pune,4.8,3,3,0,74.0,,4.0,1,8.0,REFURBISH_RESELL
A01201,Desktop,Mumbai,4.4,1,2,1,65.0,,4.0,1,8.0,HARVEST_PARTS
A01202,Server,Pune,1.4,1,3,0,93.0,,1.0,1,25.0,REDEPLOY
A01203,Monitor,Mumbai,4.8,3,4,0,66.0,,5.0,1,5.0,REFURBISH_RESELL
A01204,Laptop,Hyderabad,3.0,1,3,0,81.0,69.0,3.0,1,2.2,REDEPLOY
A01205,Laptop,Hyderabad,5.2,2,4,0,76.0,45.0,5.0,1,2.2,HARVEST_PARTS
A01206,Monitor,Pune,2.9,2,3,0,75.0,,3.0,1,5.0,REDEPLOY
A01207,Desktop,Noida,4.8,3,2,1,45.0,,4.0,1,8.0,RECYCLE
A01208,Laptop,Noida,3.8,1,2,0,66.0,67.0,3.0,1,2.2,REFURBISH_RESELL
A01209,Laptop,Gurugram,4.8,2,4,0,74.0,63.0,3.0,1,2.2,REFURBISH_RESELL
A01210,Monitor,Bengaluru,5.2,1,2,1,43.0,,4.0,1,5.0,RECYCLE
A01211,Server,Bengaluru,3.6,3,4,1,44.0,,3.0,1,25.0,HARVEST_PARTS
A01212,Desktop,Hyderabad,3.3,1,3,0,74.0,,4.0,1,8.0,HARVEST_PARTS
A01213,Laptop,Hyderabad,5.1,2,3,0,74.0,47.0,4.0,1,2.2,HARVEST_PARTS
A01214,Laptop,Pune,3.1,3,3,0,82.0,74.0,3.0,1,2.2,REFURBISH_RESELL
A01215,Desktop,Mumbai,3.6,1,2,0,80.0,,3.0,1,8.0,REFURBISH_RESELL
A01216,Laptop,Bengaluru,7.7,1,4,0,42.0,20.0,6.0,1,2.2,RECYCLE
A01217,Desktop,Hyderabad,4.0,1,2,0,80.0,,5.0,1,8.0,HARVEST_PARTS
A01218,Monitor,Chennai,5.6,2,2,1,63.0,,6.0,1,5.0,RECYCLE
A01219,Laptop,Bengaluru,2.8,2,2,0,77.0,77.0,2.0,1,2.2,REDEPLOY
A01220,Laptop,Mumbai,4.8,2,1,0,81.0,44.0,4.0,1,2.2,HARVEST_PARTS
A01221,Laptop,Bengaluru,3.7,1,3,0,74.0,62.0,3.0,1,2.2,REFURBISH_RESELL
A01222,Network,Bengaluru,3.3,1,4,0,82.0,,2.0,1,4.0,REDEPLOY
A01223,Monitor,Chennai,1.4,1,2,0,91.0,,2.0,1,5.0,REDEPLOY
A01224,Laptop,Kolkata,2.4,1,3,1,78.0,79.0,1.0,1,2.2,REFURBISH_RESELL
A01225,Network,Bengaluru,1.3,2,2,0,94.0,,1.0,1,4.0,REDEPLOY
A01226,Desktop,Mumbai,9.1,1,2,0,41.0,,8.0,1,8.0,RECYCLE
A01227,Desktop,Kolkata,3.8,1,2,0,78.0,,4.0,1,8.0,REFURBISH_RESELL
A01228,Mobile,Kolkata,4.0,2,3,0,75.0,66.0,5.0,1,0.2,REFURBISH_RESELL
A01229,Laptop,Hyderabad,6.0,1,3,1,40.0,33.0,5.0,1,2.2,RECYCLE
A01230,Laptop,Chennai,4.5,2,1,0,61.0,51.0,4.0,1,2.2,HARVEST_PARTS
A01231,Desktop,Bengaluru,3.3,1,3,0,78.0,,3.0,1,8.0,REFURBISH_RESELL
A01232,Laptop,Hyderabad,3.3,1,3,0,80.0,60.0,3.0,1,2.2,REDEPLOY
A01233,Monitor,Gurugram,2.3,1,2,0,81.0,,2.0,1,5.0,REDEPLOY
A01234,Laptop,Noida,4.9,1,4,0,79.0,44.0,5.0,1,2.2,REFURBISH_RESELL
A01235,Laptop,Noida,5.0,2,2,0,69.0,60.0,3.0,1,2.2,HARVEST_PARTS
A01236,Laptop,Bengaluru,4.0,2,4,0,72.0,59.0,3.0,1,2.2,REDEPLOY
A01237,Laptop,Mumbai,3.7,1,1,1,50.0,72.0,3.0,1,2.2,HARVEST_PARTS
A01238,Laptop,Hyderabad,5.1,2,3,0,73.0,49.0,5.0,1,2.2,RECYCLE
A01239,Laptop,Pune,2.2,1,4,0,89.0,74.0,1.0,1,2.2,REDEPLOY
A01240,Network,Gurugram,4.7,2,2,0,65.0,,5.0,1,4.0,HARVEST_PARTS
A01241,Laptop,Gurugram,7.9,1,2,0,42.0,28.0,7.0,1,2.2,RECYCLE
A01242,Laptop,Kolkata,2.9,2,4,0,82.0,62.0,-0.0,1,2.2,REDEPLOY
A01243,Laptop,Gurugram,3.5,2,4,0,84.0,69.0,4.0,1,2.2,REFURBISH_RESELL
A01244,Laptop,Mumbai,6.9,2,3,0,66.0,44.0,6.0,1,2.2,RECYCLE
A01245,Laptop,Chennai,4.0,1,3,0,76.0,60.0,4.0,1,2.2,REFURBISH_RESELL
A01246,Monitor,Noida,5.8,1,4,1,31.0,,6.0,1,5.0,RECYCLE
A01247,Laptop,Bengaluru,4.8,1,3,0,63.0,57.0,4.0,1,2.2,REFURBISH_RESELL
A01248,Network,Pune,5.0,2,3,1,65.0,,4.0,1,4.0,HARVEST_PARTS
A01249,Mobile,Hyderabad,2.8,2,2,0,83.0,64.0,3.0,1,0.2,REFURBISH_RESELL
A01250,Laptop,Chennai,2.7,2,2,0,77.0,75.0,4.0,1,2.2,REFURBISH_RESELL
A01251,Laptop,Bengaluru,5.4,1,4,0,69.0,44.0,5.0,1,2.2,HARVEST_PARTS
A01252,Laptop,Hyderabad,1.9,1,2,0,85.0,86.0,2.0,1,2.2,REDEPLOY
A01253,Monitor,Chennai,3.6,1,3,0,80.0,,4.0,1,5.0,REDEPLOY
A01254,Laptop,Noida,5.1,2,3,0,63.0,49.0,4.0,1,2.2,REFURBISH_RESELL
A01255,Network,Mumbai,3.5,1,4,1,37.0,,3.0,1,4.0,HARVEST_PARTS
A01256,Monitor,Noida,3.7,3,2,0,76.0,,3.0,1,5.0,REFURBISH_RESELL
A01257,Server,Pune,7.9,1,2,0,63.0,,8.0,1,25.0,HARVEST_PARTS
A01258,Desktop,Bengaluru,5.9,2,4,0,75.0,,5.0,1,8.0,REFURBISH_RESELL
A01259,Mobile,Mumbai,7.3,1,4,0,66.0,39.0,6.0,1,0.2,HARVEST_PARTS
A01260,Laptop,Mumbai,10.0,3,3,0,22.0,5.0,9.0,1,2.2,RECYCLE
A01261,Laptop,Pune,7.0,2,1,0,37.0,37.0,7.0,1,2.2,RECYCLE
A01262,Laptop,Hyderabad,3.2,1,3,0,83.0,70.0,3.0,1,2.2,REDEPLOY
A01263,Mobile,Bengaluru,2.5,1,4,0,87.0,75.0,3.0,1,0.2,REFURBISH_RESELL
A01264,Desktop,Chennai,3.2,3,2,1,52.0,,4.0,1,8.0,RECYCLE
A01265,Server,Bengaluru,5.1,2,3,1,48.0,,4.0,1,25.0,RECYCLE
A01266,Laptop,Gurugram,3.4,1,3,1,50.0,57.0,3.0,1,2.2,HARVEST_PARTS
A01267,Mobile,Mumbai,2.8,2,4,0,83.0,68.0,2.0,1,0.2,REDEPLOY
A01268,Desktop,Bengaluru,7.7,1,4,0,45.0,,7.0,1,8.0,HARVEST_PARTS
A01269,Desktop,Bengaluru,3.3,1,3,1,61.0,,3.0,1,8.0,HARVEST_PARTS
A01270,Mobile,Chennai,4.9,2,2,1,36.0,44.0,4.0,1,0.2,RECYCLE
A01271,Laptop,Gurugram,4.8,3,2,0,62.0,48.0,4.0,1,2.2,RECYCLE
A01272,Laptop,Chennai,1.4,1,1,0,88.0,87.0,1.0,1,2.2,REDEPLOY
A01273,Desktop,Bengaluru,7.5,1,3,0,45.0,,5.0,1,8.0,RECYCLE
A01274,Laptop,Chennai,2.2,1,3,0,85.0,73.0,2.0,1,2.2,REDEPLOY
A01275,Laptop,Noida,1.8,3,3,0,88.0,87.0,3.0,1,2.2,REFURBISH_RESELL
A01276,Laptop,Pune,3.1,3,3,0,86.0,71.0,3.0,1,2.2,REFURBISH_RESELL
A01277,Laptop,Gurugram,2.6,3,4,0,85.0,73.0,2.0,1,2.2,REDEPLOY
A01278,Network,Bengaluru,7.0,1,2,0,41.0,,5.0,1,4.0,RECYCLE
A01279,Desktop,Bengaluru,4.5,1,4,0,62.0,,3.0,1,8.0,REFURBISH_RESELL
A01280,Laptop,Bengaluru,3.0,2,1,1,57.0,73.0,1.0,1,2.2,RECYCLE
A01281,Laptop,Gurugram,1.7,1,2,0,87.0,87.0,2.0,1,2.2,REDEPLOY
A01282,Laptop,Chennai,4.8,1,4,1,60.0,49.0,4.0,1,2.2,RECYCLE
A01283,Monitor,Bengaluru,3.5,1,4,0,71.0,,4.0,1,5.0,REDEPLOY
A01284,Mobile,Mumbai,5.1,2,2,1,50.0,34.0,3.0,1,0.2,RECYCLE
A01285,Mobile,Hyderabad,4.5,2,3,1,51.0,51.0,4.0,0,0.2,RECYCLE
A01286,Laptop,Hyderabad,2.6,2,3,0,89.0,72.0,3.0,1,2.2,REFURBISH_RESELL
A01287,Laptop,Chennai,5.4,1,4,0,62.0,44.0,4.0,1,2.2,HARVEST_PARTS
A01288,Desktop,Mumbai,2.0,2,2,0,85.0,,1.0,1,8.0,REDEPLOY
A01289,Desktop,Pune,3.4,1,3,1,55.0,,3.0,1,8.0,HARVEST_PARTS
A01290,Desktop,Chennai,3.6,1,3,1,56.0,,2.0,1,8.0,HARVEST_PARTS
A01291,Monitor,Chennai,3.8,2,1,1,53.0,,3.0,1,5.0,RECYCLE
A01292,Desktop,Bengaluru,2.0,2,2,0,90.0,,-0.0,1,8.0,REDEPLOY
A01293,Laptop,Mumbai,6.8,1,2,0,60.0,19.0,7.0,1,2.2,RECYCLE
A01294,Laptop,Pune,2.6,2,2,0,83.0,72.0,3.0,1,2.2,REFURBISH_RESELL
A01295,Laptop,Pune,1.5,2,1,0,91.0,83.0,1.0,1,2.2,REDEPLOY
A01296,Laptop,Bengaluru,4.6,2,2,1,35.0,68.0,3.0,1,2.2,RECYCLE
A01297,Laptop,Bengaluru,9.0,3,2,1,34.0,5.0,7.0,1,2.2,RECYCLE
A01298,Monitor,Bengaluru,1.4,2,4,1,74.0,,2.0,0,5.0,HARVEST_PARTS
A01299,Laptop,Bengaluru,2.3,2,2,0,85.0,80.0,3.0,1,2.2,REDEPLOY
A01300,Laptop,Bengaluru,5.9,1,2,0,50.0,50.0,5.0,1,2.2,RECYCLE
A01301,Desktop,Chennai,4.0,1,3,0,68.0,,4.0,1,8.0,REFURBISH_RESELL
A01302,Monitor,Gurugram,2.0,2,3,0,83.0,,1.0,1,5.0,REDEPLOY
A01303,Laptop,Pune,3.6,3,3,1,55.0,74.0,3.0,1,2.2,RECYCLE
A01304,Server,Mumbai,8.0,2,3,1,39.0,,6.0,1,25.0,RECYCLE
A01305,Mobile,Noida,7.1,2,4,0,54.0,33.0,7.0,1,0.2,RECYCLE
A01306,Desktop,Mumbai,10.0,2,3,0,16.0,,9.0,1,8.0,RECYCLE
A01307,Monitor,Noida,5.5,2,3,1,32.0,,5.0,1,5.0,RECYCLE
A01308,Laptop,Kolkata,3.1,1,3,0,73.0,68.0,3.0,1,2.2,REDEPLOY
A01309,Mobile,Hyderabad,5.9,1,1,0,75.0,32.0,4.0,1,0.2,RECYCLE
A01310,Laptop,Noida,2.7,2,4,0,84.0,73.0,2.0,1,2.2,REDEPLOY
A01311,Mobile,Hyderabad,3.7,1,1,1,50.0,60.0,4.0,1,0.2,RECYCLE
A01312,Desktop,Pune,2.8,2,3,0,87.0,,3.0,1,8.0,HARVEST_PARTS
A01313,Laptop,Noida,5.5,3,1,0,63.0,33.0,6.0,1,2.2,HARVEST_PARTS
A01314,Laptop,Pune,5.3,3,4,0,53.0,36.0,4.0,1,2.2,HARVEST_PARTS
A01315,Monitor,Pune,2.9,2,4,0,77.0,,3.0,1,5.0,REDEPLOY
A01316,Desktop,Mumbai,6.5,2,3,0,57.0,,6.0,1,8.0,RECYCLE
A01317,Laptop,Chennai,7.5,2,3,0,39.0,10.0,7.0,1,2.2,RECYCLE
A01318,Monitor,Pune,3.1,2,2,0,78.0,,4.0,1,5.0,REFURBISH_RESELL
A01319,Network,Bengaluru,4.8,1,3,0,79.0,,3.0,1,4.0,REFURBISH_RESELL
A01320,Desktop,Gurugram,7.7,3,3,1,6.0,,6.0,1,8.0,RECYCLE
A01321,Desktop,Pune,4.6,1,1,0,80.0,,5.0,1,8.0,RECYCLE
A01322,Laptop,Kolkata,3.4,2,3,1,62.0,72.0,3.0,1,2.2,HARVEST_PARTS
A01323,Monitor,Mumbai,3.8,1,4,0,78.0,,3.0,1,5.0,REDEPLOY
A01324,Laptop,Bengaluru,3.1,1,2,0,72.0,78.0,5.0,1,2.2,HARVEST_PARTS
A01325,Network,Gurugram,6.6,1,3,0,69.0,,6.0,1,4.0,HARVEST_PARTS
A01326,Laptop,Pune,6.3,2,3,1,10.0,21.0,6.0,1,2.2,RECYCLE
A01327,Desktop,Chennai,9.9,3,3,0,45.0,,8.0,1,8.0,RECYCLE
A01328,Laptop,Noida,2.7,1,4,1,52.0,71.0,3.0,1,2.2,HARVEST_PARTS
A01329,Laptop,Hyderabad,3.0,1,3,0,75.0,72.0,3.0,1,2.2,REFURBISH_RESELL
A01330,Monitor,Noida,1.8,3,4,0,89.0,,2.0,1,5.0,REDEPLOY
A01331,Desktop,Hyderabad,5.1,1,4,0,62.0,,6.0,1,8.0,REFURBISH_RESELL
A01332,Desktop,Noida,2.2,2,3,0,81.0,,2.0,1,8.0,REFURBISH_RESELL
A01333,Mobile,Pune,9.6,2,4,0,52.0,19.0,10.0,0,0.2,RECYCLE
A01334,Mobile,Bengaluru,2.6,2,2,0,85.0,79.0,3.0,1,0.2,REFURBISH_RESELL
A01335,Network,Noida,9.9,1,2,1,9.0,,9.0,1,4.0,RECYCLE
A01336,Laptop,Mumbai,0.6,2,4,0,96.0,94.0,0.0,1,2.2,REDEPLOY
A01337,Desktop,Chennai,1.3,3,3,0,92.0,,1.0,1,8.0,REDEPLOY
A01338,Network,Pune,2.1,1,3,0,84.0,,3.0,1,4.0,REDEPLOY
A01339,Laptop,Pune,4.5,2,4,0,62.0,58.0,4.0,1,2.2,REFURBISH_RESELL
A01340,Laptop,Pune,3.8,1,4,1,51.0,58.0,2.0,1,2.2,HARVEST_PARTS
A01341,Server,Gurugram,2.5,3,3,0,87.0,,2.0,1,25.0,REDEPLOY
A01342,Desktop,Bengaluru,3.7,1,4,0,72.0,,2.0,1,8.0,REDEPLOY
A01343,Desktop,Pune,2.9,1,2,0,80.0,,2.0,1,8.0,REDEPLOY
A01344,Mobile,Mumbai,5.1,1,2,1,28.0,42.0,4.0,0,0.2,RECYCLE
A01345,Monitor,Kolkata,2.2,3,2,0,81.0,,3.0,1,5.0,REDEPLOY
A01346,Laptop,Noida,4.2,2,2,0,78.0,59.0,5.0,1,2.2,HARVEST_PARTS
A01347,Laptop,Hyderabad,4.3,1,4,0,66.0,48.0,3.0,1,2.2,REFURBISH_RESELL
A01348,Laptop,Mumbai,3.8,1,3,0,80.0,65.0,4.0,1,2.2,REFURBISH_RESELL
A01349,Laptop,Chennai,4.8,3,4,1,38.0,65.0,5.0,1,2.2,RECYCLE
A01350,Monitor,Bengaluru,3.7,1,3,0,72.0,,3.0,1,5.0,REFURBISH_RESELL
A01351,Server,Bengaluru,5.5,2,3,0,70.0,,4.0,1,25.0,REFURBISH_RESELL
A01352,Laptop,Pune,3.8,2,4,0,85.0,63.0,5.0,1,2.2,REFURBISH_RESELL
A01353,Laptop,Hyderabad,6.8,2,2,0,58.0,21.0,5.0,1,2.2,RECYCLE
A01354,Network,Bengaluru,4.2,2,3,0,76.0,,4.0,1,4.0,REFURBISH_RESELL
A01355,Laptop,Mumbai,6.6,2,4,0,73.0,29.0,6.0,1,2.2,RECYCLE
A01356,Desktop,Noida,2.9,1,2,0,83.0,,5.0,1,8.0,REFURBISH_RESELL
A01357,Desktop,Hyderabad,2.4,1,4,0,86.0,,3.0,1,8.0,REDEPLOY
A01358,Monitor,Gurugram,5.4,1,4,0,64.0,,4.0,1,5.0,REFURBISH_RESELL
A01359,Laptop,Hyderabad,3.9,1,4,0,75.0,61.0,3.0,1,2.2,REFURBISH_RESELL
A01360,Monitor,Gurugram,1.1,2,3,1,82.0,,0.0,1,5.0,REFURBISH_RESELL
A01361,Laptop,Bengaluru,2.7,2,2,0,80.0,73.0,2.0,1,2.2,REDEPLOY
A01362,Monitor,Gurugram,4.5,3,2,0,61.0,,3.0,1,5.0,HARVEST_PARTS
A01363,Laptop,Bengaluru,3.7,3,2,1,32.0,57.0,4.0,1,2.2,RECYCLE
A01364,Desktop,Kolkata,2.6,1,3,0,88.0,,3.0,1,8.0,REDEPLOY
A01365,Desktop,Mumbai,3.9,2,2,0,74.0,,3.0,1,8.0,HARVEST_PARTS
A01366,Laptop,Hyderabad,4.2,2,2,0,79.0,49.0,5.0,1,2.2,HARVEST_PARTS
A01367,Laptop,Hyderabad,1.5,3,2,0,91.0,84.0,2.0,1,2.2,REDEPLOY
A01368,Laptop,Bengaluru,6.5,1,4,0,45.0,41.0,7.0,1,2.2,RECYCLE
A01369,Laptop,Chennai,7.2,2,3,1,40.0,34.0,9.0,1,2.2,RECYCLE
A01370,Laptop,Bengaluru,2.7,1,4,0,76.0,69.0,2.0,1,2.2,REFURBISH_RESELL
A01371,Mobile,Gurugram,8.9,1,3,1,26.0,12.0,8.0,1,0.2,RECYCLE
A01372,Laptop,Pune,3.7,2,2,0,74.0,57.0,3.0,1,2.2,REFURBISH_RESELL
A01373,Server,Pune,2.8,1,2,0,82.0,,3.0,1,25.0,REDEPLOY
A01374,Mobile,Mumbai,2.8,1,2,1,43.0,80.0,2.0,0,0.2,RECYCLE
A01375,Laptop,Gurugram,8.6,2,3,0,39.0,15.0,7.0,1,2.2,RECYCLE
A01376,Monitor,Pune,2.3,1,3,0,90.0,,1.0,1,5.0,REDEPLOY
A01377,Network,Mumbai,4.2,1,1,0,79.0,,4.0,1,4.0,HARVEST_PARTS
A01378,Monitor,Gurugram,4.5,2,4,0,65.0,,5.0,1,5.0,HARVEST_PARTS
A01379,Laptop,Chennai,5.5,2,4,0,57.0,58.0,4.0,0,2.2,HARVEST_PARTS
A01380,Laptop,Bengaluru,4.0,2,3,1,59.0,57.0,2.0,1,2.2,RECYCLE
A01381,Laptop,Hyderabad,8.3,3,2,1,12.0,7.0,8.0,1,2.2,RECYCLE
A01382,Desktop,Bengaluru,9.1,1,3,0,62.0,,9.0,1,8.0,RECYCLE
A01383,Mobile,Gurugram,7.4,1,4,0,37.0,26.0,9.0,1,0.2,RECYCLE
A01384,Mobile,Hyderabad,4.7,1,3,1,32.0,66.0,4.0,0,0.2,RECYCLE
A01385,Laptop,Hyderabad,6.0,1,2,0,49.0,55.0,5.0,1,2.2,RECYCLE
A01386,Monitor,Bengaluru,3.4,1,3,0,78.0,,4.0,1,5.0,REFURBISH_RESELL
A01387,Laptop,Mumbai,6.6,3,4,0,48.0,25.0,5.0,0,2.2,RECYCLE
A01388,Mobile,Chennai,2.9,1,4,1,35.0,63.0,2.0,1,0.2,HARVEST_PARTS
A01389,Laptop,Bengaluru,2.5,1,3,0,79.0,77.0,3.0,1,2.2,REDEPLOY
A01390,Mobile,Mumbai,2.4,3,3,0,89.0,74.0,1.0,1,0.2,REDEPLOY
A01391,Server,Gurugram,5.1,2,4,0,60.0,,4.0,1,25.0,REFURBISH_RESELL
A01392,Laptop,Chennai,7.8,2,2,0,51.0,42.0,6.0,1,2.2,RECYCLE
A01393,Laptop,Bengaluru,8.1,1,1,0,56.0,18.0,7.0,1,2.2,RECYCLE
A01394,Server,Noida,1.1,1,4,0,92.0,,1.0,1,25.0,REDEPLOY
A01395,Laptop,Pune,6.2,2,3,0,62.0,39.0,5.0,1,2.2,HARVEST_PARTS
A01396,Desktop,Noida,2.4,1,3,0,83.0,,2.0,1,8.0,REFURBISH_RESELL
A01397,Mobile,Noida,10.0,1,3,0,21.0,5.0,10.0,1,0.2,RECYCLE
A01398,Desktop,Chennai,2.0,3,3,1,58.0,,2.0,1,8.0,HARVEST_PARTS
A01399,Laptop,Mumbai,1.6,1,3,1,70.0,80.0,1.0,1,2.2,HARVEST_PARTS
A01400,Laptop,Noida,6.2,1,3,0,62.0,45.0,5.0,1,2.2,HARVEST_PARTS
A01401,Laptop,Mumbai,3.3,1,4,0,80.0,68.0,3.0,1,2.2,REFURBISH_RESELL
A01402,Mobile,Mumbai,3.2,3,2,0,76.0,72.0,4.0,1,0.2,REFURBISH_RESELL
A01403,Laptop,Pune,2.7,1,3,0,76.0,76.0,3.0,1,2.2,REDEPLOY
A01404,Laptop,Gurugram,2.9,1,4,1,53.0,68.0,4.0,1,2.2,HARVEST_PARTS
A01405,Laptop,Noida,6.3,2,3,0,66.0,30.0,4.0,1,2.2,RECYCLE
A01406,Mobile,Chennai,2.4,1,4,0,83.0,81.0,1.0,1,0.2,REDEPLOY
A01407,Laptop,Mumbai,3.7,2,3,0,77.0,55.0,2.0,1,2.2,REDEPLOY
A01408,Network,Gurugram,2.3,1,4,1,59.0,,2.0,1,4.0,HARVEST_PARTS
A01409,Monitor,Chennai,4.1,2,3,1,51.0,,4.0,1,5.0,RECYCLE
A01410,Server,Chennai,3.1,1,3,0,78.0,,4.0,1,25.0,REDEPLOY
A01411,Mobile,Pune,4.9,1,3,0,71.0,54.0,5.0,1,0.2,HARVEST_PARTS
A01412,Server,Hyderabad,5.2,1,3,0,63.0,,5.0,1,25.0,REFURBISH_RESELL
A01413,Mobile,Hyderabad,7.9,3,2,0,39.0,12.0,7.0,1,0.2,RECYCLE
A01414,Laptop,Chennai,10.0,1,2,1,7.0,5.0,9.0,1,2.2,RECYCLE
A01415,Monitor,Noida,2.8,2,3,0,81.0,,2.0,1,5.0,REDEPLOY
A01416,Desktop,Hyderabad,5.5,2,3,0,66.0,,6.0,1,8.0,HARVEST_PARTS
A01417,Desktop,Chennai,3.1,2,2,0,73.0,,3.0,1,8.0,REFURBISH_RESELL
A01418,Network,Mumbai,5.1,2,3,1,41.0,,4.0,1,4.0,RECYCLE
A01419,Mobile,Mumbai,5.0,1,3,0,63.0,60.0,5.0,1,0.2,REFURBISH_RESELL
A01420,Monitor,Hyderabad,5.0,2,2,0,70.0,,5.0,1,5.0,REFURBISH_RESELL
A01421,Desktop,Noida,5.7,1,3,1,11.0,,5.0,1,8.0,RECYCLE
A01422,Desktop,Bengaluru,4.3,3,4,0,76.0,,4.0,1,8.0,REFURBISH_RESELL
A01423,Laptop,Hyderabad,3.3,3,2,0,78.0,58.0,3.0,1,2.2,REFURBISH_RESELL
A01424,Laptop,Gurugram,4.2,1,3,0,63.0,46.0,5.0,1,2.2,HARVEST_PARTS
A01425,Laptop,Gurugram,10.0,3,3,1,7.0,5.0,9.0,1,2.2,RECYCLE
A01426,Laptop,Bengaluru,3.0,1,4,0,82.0,72.0,3.0,1,2.2,REDEPLOY
A01427,Laptop,Hyderabad,3.4,2,1,0,86.0,59.0,2.0,1,2.2,REFURBISH_RESELL
A01428,Monitor,Bengaluru,2.7,2,2,0,79.0,,2.0,1,5.0,REDEPLOY
A01429,Laptop,Pune,1.4,1,3,0,94.0,83.0,0.0,0,2.2,HARVEST_PARTS
A01430,Mobile,Gurugram,3.8,1,4,0,83.0,68.0,4.0,1,0.2,REDEPLOY
A01431,Monitor,Mumbai,5.3,2,3,0,73.0,,5.0,1,5.0,REFURBISH_RESELL
A01432,Laptop,Chennai,2.5,1,4,0,82.0,74.0,3.0,1,2.2,REDEPLOY
A01433,Laptop,Gurugram,7.3,1,3,1,5.0,29.0,7.0,1,2.2,RECYCLE
A01434,Laptop,Noida,4.8,2,1,1,66.0,49.0,4.0,1,2.2,RECYCLE
A01435,Mobile,Hyderabad,6.4,1,2,0,53.0,22.0,6.0,1,0.2,HARVEST_PARTS
A01436,Laptop,Noida,4.6,1,1,1,43.0,45.0,5.0,0,2.2,RECYCLE
A01437,Desktop,Kolkata,3.7,3,3,0,74.0,,4.0,1,8.0,HARVEST_PARTS
A01438,Mobile,Noida,3.3,2,4,0,75.0,74.0,2.0,1,0.2,REDEPLOY
A01439,Mobile,Mumbai,4.5,2,1,0,67.0,50.0,4.0,1,0.2,HARVEST_PARTS
A01440,Laptop,Mumbai,4.7,1,2,0,62.0,52.0,4.0,1,2.2,HARVEST_PARTS
A01441,Laptop,Hyderabad,3.1,3,3,0,86.0,75.0,3.0,1,2.2,HARVEST_PARTS
A01442,Laptop,Noida,3.6,1,4,0,82.0,74.0,4.0,1,2.2,REDEPLOY
A01443,Laptop,Gurugram,9.1,1,2,0,25.0,20.0,9.0,1,2.2,RECYCLE
A01444,Laptop,Chennai,4.2,1,4,1,71.0,64.0,3.0,1,2.2,HARVEST_PARTS
A01445,Desktop,Bengaluru,4.4,2,1,0,61.0,,3.0,1,8.0,REFURBISH_RESELL
A01446,Mobile,Kolkata,8.0,1,2,1,36.0,5.0,6.0,1,0.2,RECYCLE
A01447,Desktop,Mumbai,4.8,1,4,0,72.0,,4.0,1,8.0,REFURBISH_RESELL
A01448,Monitor,Kolkata,3.9,1,4,0,76.0,,5.0,1,5.0,REDEPLOY
A01449,Laptop,Noida,6.3,2,4,0,66.0,30.0,6.0,1,2.2,HARVEST_PARTS
A01450,Server,Hyderabad,5.6,1,2,1,24.0,,5.0,1,25.0,RECYCLE
A01451,Monitor,Gurugram,4.5,2,4,0,68.0,,4.0,1,5.0,REDEPLOY
A01452,Network,Bengaluru,4.6,1,3,0,75.0,,4.0,1,4.0,REFURBISH_RESELL
A01453,Mobile,Gurugram,3.4,1,3,1,41.0,70.0,2.0,1,0.2,HARVEST_PARTS
A01454,Laptop,Mumbai,2.2,1,3,0,83.0,75.0,1.0,1,2.2,REDEPLOY
A01455,Laptop,Noida,5.2,3,2,0,64.0,63.0,4.0,1,2.2,HARVEST_PARTS
A01456,Laptop,Pune,1.8,2,4,0,89.0,82.0,3.0,1,2.2,REDEPLOY
A01457,Laptop,Hyderabad,2.2,1,4,0,82.0,79.0,3.0,1,2.2,REDEPLOY
A01458,Mobile,Pune,3.6,1,3,1,51.0,57.0,2.0,1,0.2,HARVEST_PARTS
A01459,Laptop,Bengaluru,3.4,1,1,1,59.0,59.0,4.0,1,2.2,RECYCLE
A01460,Monitor,Mumbai,5.5,1,3,0,62.0,,6.0,1,5.0,REFURBISH_RESELL
A01461,Desktop,Bengaluru,6.2,2,4,1,11.0,,6.0,1,8.0,RECYCLE
A01462,Laptop,Gurugram,9.7,1,3,0,16.0,5.0,8.0,1,2.2,RECYCLE
A01463,Laptop,Bengaluru,1.6,3,4,0,93.0,83.0,1.0,1,2.2,REDEPLOY
A01464,Monitor,Bengaluru,5.0,1,2,1,54.0,,6.0,1,5.0,RECYCLE
A01465,Monitor,Mumbai,4.9,1,3,0,64.0,,4.0,1,5.0,REFURBISH_RESELL
A01466,Laptop,Pune,4.6,1,1,0,79.0,64.0,4.0,1,2.2,HARVEST_PARTS
A01467,Laptop,Gurugram,5.2,1,3,0,65.0,46.0,5.0,1,2.2,HARVEST_PARTS
A01468,Monitor,Bengaluru,5.8,2,3,1,48.0,,5.0,1,5.0,RECYCLE
A01469,Laptop,Pune,7.4,1,4,1,5.0,26.0,5.0,1,2.2,RECYCLE
A01470,Mobile,Gurugram,4.6,2,4,0,77.0,47.0,3.0,1,0.2,REFURBISH_RESELL
A01471,Laptop,Bengaluru,8.5,1,4,0,61.0,8.0,7.0,1,2.2,HARVEST_PARTS
A01472,Laptop,Kolkata,4.7,1,2,0,70.0,43.0,4.0,1,2.2,HARVEST_PARTS
A01473,Desktop,Kolkata,3.2,1,1,0,83.0,,4.0,1,8.0,REFURBISH_RESELL
A01474,Desktop,Bengaluru,4.5,1,4,0,64.0,,5.0,1,8.0,REFURBISH_RESELL
A01475,Desktop,Hyderabad,2.6,1,1,0,89.0,,2.0,1,8.0,REFURBISH_RESELL
A01476,Laptop,Mumbai,2.6,1,3,0,81.0,80.0,3.0,1,2.2,REFURBISH_RESELL
A01477,Mobile,Mumbai,3.7,3,2,1,59.0,71.0,3.0,1,0.2,RECYCLE
A01478,Desktop,Mumbai,3.5,2,1,0,70.0,,3.0,1,8.0,HARVEST_PARTS
A01479,Desktop,Kolkata,7.3,1,1,1,10.0,,7.0,1,8.0,RECYCLE
A01480,Laptop,Hyderabad,3.7,2,3,0,70.0,71.0,3.0,1,2.2,REFURBISH_RESELL
A01481,Laptop,Pune,2.4,1,3,0,85.0,82.0,1.0,1,2.2,REDEPLOY
A01482,Desktop,Hyderabad,4.1,2,3,0,75.0,,4.0,1,8.0,REFURBISH_RESELL
A01483,Laptop,Chennai,4.6,3,4,0,81.0,46.0,4.0,1,2.2,HARVEST_PARTS
A01484,Monitor,Gurugram,4.3,1,3,1,37.0,,3.0,1,5.0,RECYCLE
A01485,Laptop,Hyderabad,2.3,3,2,0,80.0,70.0,2.0,1,2.2,REFURBISH_RESELL
A01486,Mobile,Gurugram,7.7,1,4,0,61.0,5.0,6.0,1,0.2,RECYCLE
A01487,Desktop,Chennai,1.5,1,3,0,90.0,,0.0,1,8.0,REDEPLOY
A01488,Network,Hyderabad,4.2,2,3,0,71.0,,4.0,1,4.0,REDEPLOY
A01489,Desktop,Bengaluru,2.3,2,3,0,85.0,,1.0,1,8.0,REDEPLOY
A01490,Laptop,Chennai,6.5,1,4,0,58.0,34.0,5.0,1,2.2,HARVEST_PARTS
A01491,Server,Chennai,5.0,1,1,0,65.0,,5.0,1,25.0,HARVEST_PARTS
A01492,Monitor,Noida,4.6,1,2,0,63.0,,4.0,1,5.0,REFURBISH_RESELL
A01493,Monitor,Pune,3.6,1,4,0,78.0,,3.0,1,5.0,REDEPLOY
A01494,Laptop,Pune,7.4,1,3,0,68.0,30.0,7.0,1,2.2,RECYCLE
A01495,Monitor,Mumbai,3.6,1,4,0,81.0,,2.0,0,5.0,HARVEST_PARTS
A01496,Network,Noida,8.8,3,4,0,60.0,,7.0,1,4.0,RECYCLE
A01497,Monitor,Pune,2.6,2,3,0,82.0,,1.0,1,5.0,REDEPLOY
A01498,Laptop,Bengaluru,4.1,3,3,1,42.0,52.0,3.0,1,2.2,RECYCLE
A01499,Monitor,Bengaluru,5.7,1,3,1,43.0,,4.0,1,5.0,RECYCLE
A01500,Monitor,Bengaluru,5.1,1,4,1,58.0,,6.0,1,5.0,RECYCLE
A01501,Mobile,Bengaluru,3.9,1,3,0,67.0,53.0,1.0,1,0.2,REFURBISH_RESELL
A01502,Laptop,Bengaluru,1.6,2,1,0,87.0,80.0,2.0,1,2.2,REFURBISH_RESELL
A01503,Laptop,Pune,4.4,2,2,0,69.0,48.0,4.0,1,2.2,HARVEST_PARTS
A01504,Server,Gurugram,3.4,1,4,1,63.0,,3.0,1,25.0,HARVEST_PARTS
A01505,Desktop,Mumbai,3.0,2,3,0,76.0,,2.0,1,8.0,REFURBISH_RESELL
A01506,Monitor,Mumbai,5.9,1,4,1,43.0,,5.0,1,5.0,RECYCLE
A01507,Desktop,Bengaluru,1.4,1,2,0,88.0,,0.0,1,8.0,REDEPLOY
A01508,Laptop,Pune,4.0,1,2,0,72.0,64.0,5.0,1,2.2,HARVEST_PARTS
A01509,Monitor,Pune,0.8,1,3,0,96.0,,-0.0,1,5.0,REDEPLOY
A01510,Laptop,Chennai,5.1,1,3,1,54.0,51.0,4.0,1,2.2,RECYCLE
A01511,Laptop,Gurugram,5.9,3,2,0,55.0,54.0,7.0,1,2.2,HARVEST_PARTS
A01512,Monitor,Mumbai,4.3,2,4,0,80.0,,4.0,1,5.0,REDEPLOY
A01513,Monitor,Chennai,3.2,1,2,0,80.0,,2.0,1,5.0,REDEPLOY
A01514,Network,Bengaluru,7.3,1,4,1,55.0,,8.0,1,4.0,RECYCLE
A01515,Laptop,Hyderabad,7.6,1,4,0,35.0,41.0,7.0,1,2.2,RECYCLE
A01516,Laptop,Hyderabad,4.7,3,3,0,63.0,54.0,4.0,1,2.2,HARVEST_PARTS
A01517,Mobile,Chennai,8.1,2,4,1,47.0,33.0,8.0,1,0.2,RECYCLE
A01518,Laptop,Hyderabad,2.6,1,4,0,81.0,68.0,3.0,1,2.2,REFURBISH_RESELL
A01519,Laptop,Mumbai,3.8,3,4,0,76.0,59.0,3.0,1,2.2,REFURBISH_RESELL
A01520,Laptop,Chennai,1.1,1,1,0,95.0,90.0,1.0,1,2.2,REDEPLOY
A01521,Desktop,Pune,2.2,3,4,1,50.0,,2.0,1,8.0,HARVEST_PARTS
A01522,Network,Pune,2.1,1,3,0,88.0,,2.0,1,4.0,REDEPLOY
A01523,Monitor,Mumbai,5.1,2,4,0,74.0,,5.0,1,5.0,REFURBISH_RESELL
A01524,Monitor,Mumbai,2.3,3,1,0,80.0,,3.0,1,5.0,REFURBISH_RESELL
A01525,Laptop,Pune,1.4,1,4,0,93.0,87.0,0.0,1,2.2,REDEPLOY
A01526,Laptop,Kolkata,2.9,1,3,0,79.0,69.0,4.0,1,2.2,REDEPLOY
A01527,Desktop,Mumbai,3.0,1,3,1,44.0,,2.0,1,8.0,HARVEST_PARTS
A01528,Laptop,Gurugram,2.0,1,2,0,92.0,85.0,2.0,1,2.2,REDEPLOY
A01529,Laptop,Pune,4.2,1,2,0,80.0,54.0,4.0,1,2.2,HARVEST_PARTS
A01530,Laptop,Bengaluru,4.6,1,4,1,51.0,63.0,3.0,1,2.2,HARVEST_PARTS
A01531,Laptop,Hyderabad,1.7,1,4,0,89.0,80.0,2.0,1,2.2,REDEPLOY
A01532,Desktop,Pune,5.5,1,3,0,56.0,,5.0,1,8.0,HARVEST_PARTS
A01533,Monitor,Gurugram,2.5,3,3,0,84.0,,3.0,1,5.0,REFURBISH_RESELL
A01534,Laptop,Noida,3.0,1,2,0,74.0,64.0,3.0,1,2.2,REFURBISH_RESELL
A01535,Desktop,Pune,5.0,1,4,0,75.0,,5.0,1,8.0,REFURBISH_RESELL
A01536,Monitor,Hyderabad,3.0,1,2,0,81.0,,4.0,1,5.0,REFURBISH_RESELL
A01537,Monitor,Bengaluru,2.2,3,4,1,67.0,,2.0,0,5.0,HARVEST_PARTS
A01538,Server,Noida,4.1,1,4,0,81.0,,2.0,1,25.0,REDEPLOY
A01539,Laptop,Pune,6.5,1,2,1,27.0,19.0,7.0,1,2.2,RECYCLE
A01540,Server,Chennai,6.1,1,2,0,63.0,,6.0,1,25.0,HARVEST_PARTS
A01541,Laptop,Mumbai,2.9,1,4,0,80.0,75.0,1.0,0,2.2,HARVEST_PARTS
A01542,Laptop,Hyderabad,2.4,3,1,0,89.0,71.0,1.0,1,2.2,REFURBISH_RESELL
A01543,Laptop,Gurugram,2.7,1,4,0,81.0,72.0,2.0,1,2.2,REDEPLOY
A01544,Desktop,Noida,6.2,1,2,0,57.0,,5.0,1,8.0,RECYCLE
A01545,Laptop,Mumbai,2.7,1,4,0,81.0,77.0,2.0,1,2.2,REDEPLOY
A01546,Laptop,Chennai,7.9,1,4,1,30.0,32.0,7.0,1,2.2,RECYCLE
A01547,Monitor,Kolkata,4.9,1,2,1,41.0,,4.0,1,5.0,RECYCLE
A01548,Laptop,Gurugram,3.8,1,4,0,76.0,66.0,4.0,1,2.2,REDEPLOY
A01549,Laptop,Bengaluru,2.9,2,3,0,79.0,72.0,4.0,1,2.2,REDEPLOY
A01550,Laptop,Mumbai,4.1,1,2,0,64.0,62.0,3.0,1,2.2,HARVEST_PARTS
A01551,Laptop,Mumbai,2.2,1,4,0,90.0,74.0,2.0,1,2.2,REDEPLOY
A01552,Laptop,Kolkata,1.8,2,2,0,84.0,78.0,2.0,1,2.2,REDEPLOY
A01553,Laptop,Noida,5.0,2,3,0,59.0,49.0,5.0,1,2.2,HARVEST_PARTS
A01554,Laptop,Noida,3.8,1,4,1,48.0,73.0,2.0,1,2.2,HARVEST_PARTS
A01555,Monitor,Pune,5.6,2,4,0,62.0,,5.0,1,5.0,REFURBISH_RESELL
A01556,Mobile,Bengaluru,4.5,2,4,0,76.0,59.0,5.0,1,0.2,HARVEST_PARTS
A01557,Desktop,Mumbai,2.8,3,3,0,82.0,,2.0,1,8.0,REDEPLOY
A01558,Monitor,Bengaluru,6.1,1,3,0,51.0,,5.0,1,5.0,REFURBISH_RESELL
A01559,Network,Pune,3.0,3,2,0,88.0,,3.0,1,4.0,HARVEST_PARTS
A01560,Mobile,Mumbai,6.9,2,3,0,42.0,39.0,6.0,1,0.2,RECYCLE
A01561,Monitor,Pune,3.0,2,3,0,80.0,,3.0,1,5.0,REFURBISH_RESELL
A01562,Network,Mumbai,1.9,2,2,0,87.0,,3.0,1,4.0,REDEPLOY
A01563,Mobile,Gurugram,7.5,1,3,0,52.0,33.0,7.0,1,0.2,RECYCLE
A01564,Monitor,Mumbai,2.9,2,1,0,85.0,,2.0,1,5.0,REDEPLOY
A01565,Desktop,Chennai,3.0,2,3,0,82.0,,3.0,1,8.0,REFURBISH_RESELL
A01566,Laptop,Bengaluru,2.0,3,1,0,87.0,77.0,2.0,1,2.2,REDEPLOY
A01567,Laptop,Pune,3.7,1,2,0,77.0,53.0,3.0,1,2.2,HARVEST_PARTS
A01568,Desktop,Chennai,2.1,3,3,0,85.0,,2.0,1,8.0,REDEPLOY
A01569,Desktop,Chennai,7.3,1,3,0,70.0,,7.0,1,8.0,HARVEST_PARTS
A01570,Laptop,Chennai,3.2,3,4,1,54.0,76.0,3.0,1,2.2,HARVEST_PARTS
A01571,Desktop,Pune,2.4,2,3,1,67.0,,1.0,1,8.0,REFURBISH_RESELL
A01572,Desktop,Hyderabad,4.0,2,3,1,33.0,,4.0,1,8.0,RECYCLE
A01573,Server,Pune,10.0,2,3,1,24.0,,9.0,1,25.0,RECYCLE
A01574,Laptop,Bengaluru,4.1,3,4,1,69.0,57.0,3.0,1,2.2,HARVEST_PARTS
A01575,Laptop,Noida,3.5,1,2,0,72.0,69.0,2.0,1,2.2,REDEPLOY
A01576,Monitor,Pune,4.0,1,4,0,65.0,,5.0,1,5.0,REDEPLOY
A01577,Server,Gurugram,5.7,3,2,0,60.0,,6.0,1,25.0,HARVEST_PARTS
A01578,Mobile,Bengaluru,5.5,1,1,0,67.0,50.0,5.0,1,0.2,RECYCLE
A01579,Network,Mumbai,4.4,2,4,0,70.0,,4.0,1,4.0,HARVEST_PARTS
A01580,Network,Bengaluru,6.2,1,3,0,48.0,,6.0,1,4.0,HARVEST_PARTS
A01581,Laptop,Pune,4.1,2,3,0,82.0,66.0,4.0,1,2.2,REFURBISH_RESELL
A01582,Laptop,Hyderabad,3.6,3,1,0,85.0,66.0,3.0,1,2.2,REFURBISH_RESELL
A01583,Laptop,Pune,4.0,1,2,0,67.0,48.0,3.0,1,2.2,HARVEST_PARTS
A01584,Monitor,Chennai,3.0,2,3,0,85.0,,2.0,1,5.0,REDEPLOY
A01585,Mobile,Hyderabad,5.8,1,1,0,56.0,48.0,6.0,1,0.2,RECYCLE
A01586,Laptop,Kolkata,2.9,2,3,0,75.0,71.0,2.0,1,2.2,REFURBISH_RESELL
A01587,Desktop,Pune,1.3,1,3,0,93.0,,3.0,1,8.0,REDEPLOY
A01588,Laptop,Bengaluru,1.8,1,3,0,84.0,85.0,2.0,1,2.2,REDEPLOY
A01589,Laptop,Bengaluru,4.6,1,2,0,63.0,46.0,5.0,1,2.2,HARVEST_PARTS
A01590,Laptop,Mumbai,2.7,1,4,0,80.0,76.0,2.0,1,2.2,REDEPLOY
A01591,Laptop,Mumbai,5.5,2,2,0,63.0,56.0,5.0,1,2.2,HARVEST_PARTS
A01592,Mobile,Hyderabad,3.9,1,4,0,80.0,53.0,3.0,1,0.2,REFURBISH_RESELL
A01593,Laptop,Pune,5.8,3,4,0,60.0,32.0,4.0,1,2.2,HARVEST_PARTS
A01594,Server,Noida,1.4,3,1,0,94.0,,2.0,1,25.0,REDEPLOY
A01595,Monitor,Bengaluru,2.9,2,3,0,82.0,,4.0,1,5.0,REDEPLOY
A01596,Laptop,Gurugram,2.4,3,3,0,83.0,70.0,4.0,1,2.2,REFURBISH_RESELL
A01597,Laptop,Kolkata,10.0,3,2,0,16.0,13.0,9.0,1,2.2,RECYCLE
A01598,Server,Noida,3.1,2,3,0,85.0,,2.0,1,25.0,REDEPLOY
A01599,Laptop,Noida,1.7,2,4,0,93.0,79.0,2.0,1,2.2,REDEPLOY
A01600,Mobile,Pune,4.6,1,3,0,82.0,47.0,4.0,1,0.2,HARVEST_PARTS
A01601,Laptop,Hyderabad,2.3,2,1,0,81.0,77.0,2.0,1,2.2,REFURBISH_RESELL
A01602,Monitor,Mumbai,6.1,2,4,0,65.0,,5.0,1,5.0,REFURBISH_RESELL
A01603,Server,Chennai,6.5,1,4,0,70.0,,5.0,1,25.0,REFURBISH_RESELL
A01604,Laptop,Hyderabad,2.4,1,2,0,81.0,72.0,1.0,1,2.2,REDEPLOY
A01605,Laptop,Pune,8.4,1,3,0,62.0,5.0,9.0,1,2.2,RECYCLE
A01606,Mobile,Noida,2.7,2,3,0,82.0,67.0,2.0,1,0.2,REDEPLOY
A01607,Laptop,Hyderabad,4.4,3,3,1,35.0,57.0,4.0,1,2.2,RECYCLE
A01608,Laptop,Kolkata,6.1,1,1,0,48.0,22.0,5.0,1,2.2,RECYCLE
A01609,Laptop,Bengaluru,4.6,1,4,0,72.0,67.0,4.0,1,2.2,REFURBISH_RESELL
A01610,Laptop,Hyderabad,3.1,3,4,0,77.0,72.0,3.0,1,2.2,REFURBISH_RESELL
A01611,Monitor,Chennai,1.9,1,3,0,92.0,,2.0,1,5.0,REDEPLOY
A01612,Monitor,Hyderabad,8.3,2,3,0,45.0,,7.0,1,5.0,RECYCLE
A01613,Laptop,Pune,4.7,1,4,0,71.0,40.0,5.0,1,2.2,REFURBISH_RESELL
A01614,Server,Bengaluru,9.1,1,3,0,50.0,,8.0,1,25.0,RECYCLE
A01615,Laptop,Hyderabad,5.0,1,3,0,57.0,36.0,3.0,1,2.2,HARVEST_PARTS
A01616,Laptop,Pune,8.5,1,3,0,38.0,10.0,8.0,0,2.2,RECYCLE
A01617,Desktop,Gurugram,2.6,2,3,0,82.0,,2.0,1,8.0,REDEPLOY
A01618,Mobile,Bengaluru,2.7,1,4,0,87.0,72.0,2.0,1,0.2,REDEPLOY
A01619,Laptop,Hyderabad,3.5,2,3,0,74.0,69.0,3.0,1,2.2,REDEPLOY
A01620,Laptop,Mumbai,2.5,3,2,0,84.0,80.0,1.0,1,2.2,REFURBISH_RESELL
A01621,Desktop,Chennai,1.6,2,3,0,88.0,,1.0,1,8.0,REDEPLOY
A01622,Server,Mumbai,2.8,1,3,0,78.0,,3.0,1,25.0,REDEPLOY
A01623,Laptop,Mumbai,5.0,1,3,0,59.0,47.0,4.0,1,2.2,HARVEST_PARTS
A01624,Laptop,Hyderabad,2.0,1,3,0,88.0,79.0,2.0,1,2.2,REDEPLOY
A01625,Monitor,Mumbai,2.2,2,2,0,82.0,,1.0,1,5.0,REDEPLOY
A01626,Laptop,Chennai,2.9,1,2,0,83.0,73.0,2.0,1,2.2,REFURBISH_RESELL
A01627,Laptop,Hyderabad,2.3,3,4,0,83.0,71.0,3.0,1,2.2,REDEPLOY
A01628,Laptop,Noida,3.0,2,4,0,83.0,78.0,2.0,1,2.2,REDEPLOY
A01629,Laptop,Pune,3.7,1,4,0,69.0,61.0,3.0,1,2.2,REDEPLOY
A01630,Desktop,Bengaluru,2.1,1,4,0,87.0,,1.0,1,8.0,REDEPLOY
A01631,Network,Kolkata,2.9,2,3,0,85.0,,1.0,0,4.0,HARVEST_PARTS
A01632,Monitor,Bengaluru,3.8,3,4,0,66.0,,4.0,1,5.0,REDEPLOY
A01633,Monitor,Mumbai,2.5,1,3,0,86.0,,2.0,1,5.0,REDEPLOY
A01634,Mobile,Noida,1.9,2,3,0,84.0,86.0,2.0,1,0.2,REDEPLOY
A01635,Laptop,Noida,2.6,1,4,0,79.0,69.0,3.0,1,2.2,REDEPLOY
A01636,Laptop,Noida,3.2,3,4,0,79.0,77.0,2.0,1,2.2,REDEPLOY
A01637,Mobile,Pune,1.5,2,4,0,92.0,81.0,0.0,1,0.2,REDEPLOY
A01638,Laptop,Hyderabad,5.0,2,3,0,78.0,55.0,5.0,1,2.2,HARVEST_PARTS
A01639,Monitor,Gurugram,3.3,1,3,0,83.0,,4.0,1,5.0,REFURBISH_RESELL
A01640,Monitor,Gurugram,2.6,3,3,0,78.0,,3.0,1,5.0,REDEPLOY
A01641,Laptop,Kolkata,1.7,2,4,0,91.0,80.0,0.0,1,2.2,REDEPLOY
A01642,Desktop,Pune,4.7,1,1,1,61.0,,7.0,1,8.0,RECYCLE
A01643,Laptop,Hyderabad,6.6,2,3,1,51.0,46.0,5.0,1,2.2,RECYCLE
A01644,Laptop,Kolkata,2.9,1,3,1,69.0,69.0,1.0,0,2.2,HARVEST_PARTS
A01645,Desktop,Pune,8.7,2,3,1,14.0,,9.0,1,8.0,RECYCLE
A01646,Laptop,Noida,3.7,2,4,0,72.0,54.0,3.0,1,2.2,HARVEST_PARTS
A01647,Monitor,Mumbai,3.8,1,2,0,68.0,,3.0,1,5.0,REFURBISH_RESELL
A01648,Mobile,Noida,5.7,1,3,0,74.0,33.0,6.0,1,0.2,HARVEST_PARTS
A01649,Server,Bengaluru,4.8,3,4,0,72.0,,6.0,1,25.0,REFURBISH_RESELL
A01650,Laptop,Bengaluru,2.0,3,4,0,86.0,77.0,2.0,1,2.2,REDEPLOY
A01651,Laptop,Hyderabad,2.8,1,3,0,86.0,74.0,3.0,1,2.2,REFURBISH_RESELL
A01652,Laptop,Gurugram,6.1,2,3,0,67.0,45.0,7.0,1,2.2,RECYCLE
A01653,Laptop,Pune,4.9,1,1,0,61.0,51.0,3.0,1,2.2,REFURBISH_RESELL
A01654,Mobile,Hyderabad,8.7,1,3,0,64.0,5.0,8.0,1,0.2,RECYCLE
A01655,Laptop,Hyderabad,4.5,3,2,0,62.0,68.0,4.0,1,2.2,HARVEST_PARTS
A01656,Laptop,Pune,5.0,2,4,0,60.0,37.0,4.0,1,2.2,HARVEST_PARTS
A01657,Server,Mumbai,2.6,1,3,0,85.0,,3.0,1,25.0,REDEPLOY
A01658,Laptop,Noida,6.5,1,3,0,63.0,50.0,7.0,1,2.2,RECYCLE
A01659,Laptop,Hyderabad,1.1,1,1,0,94.0,92.0,2.0,1,2.2,REDEPLOY
A01660,Laptop,Chennai,4.1,1,3,0,83.0,56.0,4.0,1,2.2,REFURBISH_RESELL
A01661,Monitor,Mumbai,5.0,3,3,1,37.0,,4.0,1,5.0,RECYCLE
A01662,Monitor,Kolkata,4.4,1,4,0,65.0,,4.0,1,5.0,REDEPLOY
A01663,Laptop,Gurugram,3.8,1,3,0,81.0,65.0,4.0,1,2.2,HARVEST_PARTS
A01664,Mobile,Gurugram,3.6,2,3,0,78.0,68.0,5.0,1,0.2,REFURBISH_RESELL
A01665,Network,Hyderabad,3.8,1,4,0,76.0,,2.0,1,4.0,REFURBISH_RESELL
A01666,Server,Pune,2.2,1,2,0,90.0,,1.0,1,25.0,REDEPLOY
A01667,Laptop,Noida,4.4,2,3,1,57.0,44.0,4.0,1,2.2,RECYCLE
A01668,Laptop,Mumbai,2.6,1,3,0,86.0,80.0,3.0,1,2.2,REFURBISH_RESELL
A01669,Network,Mumbai,2.9,1,3,0,76.0,,4.0,1,4.0,REFURBISH_RESELL
A01670,Laptop,Pune,2.1,2,3,0,90.0,76.0,3.0,1,2.2,REFURBISH_RESELL
A01671,Monitor,Gurugram,10.0,3,4,0,48.0,,9.0,1,5.0,RECYCLE
A01672,Monitor,Gurugram,4.2,3,3,1,61.0,,4.0,1,5.0,RECYCLE
A01673,Laptop,Bengaluru,1.9,1,2,0,91.0,77.0,2.0,1,2.2,REDEPLOY
A01674,Monitor,Bengaluru,4.0,2,4,0,80.0,,4.0,1,5.0,REFURBISH_RESELL
A01675,Mobile,Gurugram,6.5,2,2,1,32.0,54.0,7.0,1,0.2,RECYCLE
A01676,Monitor,Chennai,4.3,1,2,0,64.0,,2.0,1,5.0,REDEPLOY
A01677,Laptop,Pune,3.7,1,4,0,83.0,74.0,3.0,1,2.2,REFURBISH_RESELL
A01678,Network,Mumbai,2.5,2,4,0,87.0,,1.0,1,4.0,REDEPLOY
A01679,Desktop,Chennai,4.3,1,2,0,64.0,,3.0,1,8.0,REFURBISH_RESELL
A01680,Monitor,Mumbai,5.4,3,1,0,69.0,,4.0,1,5.0,HARVEST_PARTS
A01681,Server,Noida,5.4,1,4,0,66.0,,3.0,1,25.0,REFURBISH_RESELL
A01682,Monitor,Pune,4.2,1,1,0,79.0,,5.0,1,5.0,REFURBISH_RESELL
A01683,Laptop,Mumbai,4.1,3,4,0,72.0,49.0,6.0,1,2.2,REFURBISH_RESELL
A01684,Laptop,Noida,7.0,3,3,0,67.0,35.0,6.0,1,2.2,RECYCLE
A01685,Laptop,Bengaluru,6.6,1,2,0,56.0,49.0,7.0,1,2.2,RECYCLE
A01686,Desktop,Bengaluru,3.5,2,3,0,70.0,,3.0,1,8.0,HARVEST_PARTS
A01687,Desktop,Pune,8.4,2,2,1,7.0,,9.0,1,8.0,RECYCLE
A01688,Desktop,Hyderabad,1.9,1,4,0,85.0,,1.0,1,8.0,REDEPLOY
A01689,Laptop,Gurugram,4.2,2,3,0,71.0,56.0,3.0,1,2.2,REFURBISH_RESELL
A01690,Monitor,Gurugram,4.4,2,1,0,74.0,,4.0,1,5.0,REFURBISH_RESELL
A01691,Mobile,Hyderabad,2.4,1,4,0,79.0,76.0,4.0,1,0.2,REDEPLOY
A01692,Laptop,Pune,1.7,3,2,0,85.0,78.0,2.0,1,2.2,REFURBISH_RESELL
A01693,Monitor,Chennai,2.5,3,1,0,86.0,,3.0,1,5.0,REFURBISH_RESELL
A01694,Monitor,Bengaluru,5.9,1,2,0,47.0,,4.0,1,5.0,HARVEST_PARTS
A01695,Desktop,Mumbai,6.0,1,1,0,46.0,,5.0,1,8.0,HARVEST_PARTS
A01696,Laptop,Mumbai,5.3,3,1,1,50.0,59.0,4.0,1,2.2,RECYCLE
A01697,Monitor,Bengaluru,2.7,1,4,0,83.0,,4.0,1,5.0,REDEPLOY
A01698,Mobile,Hyderabad,6.0,1,3,1,49.0,43.0,6.0,1,0.2,RECYCLE
A01699,Monitor,Kolkata,2.7,2,3,1,73.0,,1.0,1,5.0,HARVEST_PARTS
A01700,Mobile,Hyderabad,4.4,2,2,0,79.0,54.0,4.0,1,0.2,HARVEST_PARTS
A01701,Mobile,Mumbai,3.8,1,2,0,80.0,51.0,3.0,1,0.2,HARVEST_PARTS
A01702,Laptop,Hyderabad,3.2,1,4,0,73.0,77.0,3.0,1,2.2,REDEPLOY
A01703,Monitor,Gurugram,5.1,3,2,0,71.0,,6.0,1,5.0,HARVEST_PARTS
A01704,Desktop,Mumbai,5.6,3,3,0,58.0,,5.0,0,8.0,HARVEST_PARTS
A01705,Mobile,Pune,2.6,1,3,0,77.0,69.0,2.0,1,0.2,REDEPLOY
A01706,Laptop,Pune,3.9,1,3,1,56.0,60.0,3.0,1,2.2,HARVEST_PARTS
A01707,Laptop,Kolkata,5.5,1,3,1,18.0,50.0,6.0,1,2.2,RECYCLE
A01708,Network,Hyderabad,0.8,1,2,0,95.0,,1.0,1,4.0,REDEPLOY
A01709,Laptop,Mumbai,4.6,1,3,0,76.0,63.0,3.0,1,2.2,REFURBISH_RESELL
A01710,Monitor,Bengaluru,5.5,2,2,0,57.0,,5.0,1,5.0,HARVEST_PARTS
A01711,Laptop,Hyderabad,4.7,1,2,0,66.0,67.0,4.0,1,2.2,HARVEST_PARTS
A01712,Mobile,Noida,4.9,2,2,1,33.0,46.0,4.0,1,0.2,RECYCLE
A01713,Network,Noida,3.7,2,2,1,63.0,,3.0,1,4.0,HARVEST_PARTS
A01714,Laptop,Chennai,5.4,2,1,1,49.0,37.0,3.0,1,2.2,RECYCLE
A01715,Monitor,Chennai,2.0,1,4,1,53.0,,2.0,1,5.0,REDEPLOY
A01716,Laptop,Kolkata,2.5,2,3,1,62.0,73.0,3.0,1,2.2,HARVEST_PARTS
A01717,Monitor,Kolkata,4.8,1,4,1,45.0,,5.0,1,5.0,RECYCLE
A01718,Monitor,Bengaluru,5.4,1,3,0,75.0,,5.0,1,5.0,HARVEST_PARTS
A01719,Server,Gurugram,6.5,2,2,0,51.0,,5.0,1,25.0,HARVEST_PARTS
A01720,Laptop,Noida,7.8,2,2,0,59.0,14.0,7.0,1,2.2,RECYCLE
A01721,Laptop,Hyderabad,2.7,2,3,0,80.0,71.0,3.0,1,2.2,REFURBISH_RESELL
A01722,Monitor,Mumbai,2.2,1,2,0,88.0,,2.0,1,5.0,REFURBISH_RESELL
A01723,Desktop,Hyderabad,5.8,2,4,0,64.0,,5.0,1,8.0,HARVEST_PARTS
A01724,Desktop,Chennai,3.1,1,1,0,81.0,,4.0,1,8.0,HARVEST_PARTS
A01725,Laptop,Chennai,3.8,2,4,0,69.0,52.0,3.0,1,2.2,REFURBISH_RESELL
A01726,Laptop,Hyderabad,5.6,1,4,0,68.0,54.0,5.0,1,2.2,HARVEST_PARTS
A01727,Network,Mumbai,4.2,2,4,1,39.0,,3.0,1,4.0,HARVEST_PARTS
A01728,Laptop,Bengaluru,5.3,3,1,0,76.0,38.0,4.0,1,2.2,HARVEST_PARTS
A01729,Laptop,Gurugram,2.5,1,3,0,87.0,80.0,2.0,1,2.2,REDEPLOY
A01730,Mobile,Hyderabad,4.5,3,3,0,77.0,51.0,3.0,1,0.2,HARVEST_PARTS
A01731,Laptop,Pune,4.4,2,3,1,60.0,63.0,4.0,1,2.2,HARVEST_PARTS
A01732,Monitor,Hyderabad,6.4,2,4,1,31.0,,5.0,1,5.0,RECYCLE
A01733,Laptop,Pune,7.1,1,4,0,58.0,15.0,6.0,1,2.2,RECYCLE
A01734,Network,Gurugram,3.1,1,4,0,81.0,,3.0,1,4.0,REDEPLOY
A01735,Monitor,Bengaluru,2.3,1,3,0,79.0,,1.0,1,5.0,REDEPLOY
A01736,Network,Pune,5.4,1,4,0,56.0,,6.0,1,4.0,HARVEST_PARTS
A01737,Laptop,Kolkata,1.6,2,3,0,90.0,88.0,1.0,1,2.2,REDEPLOY
A01738,Desktop,Pune,5.6,1,3,0,57.0,,5.0,1,8.0,REFURBISH_RESELL
A01739,Monitor,Pune,5.8,1,3,0,73.0,,6.0,1,5.0,HARVEST_PARTS
A01740,Laptop,Hyderabad,2.9,3,2,0,84.0,77.0,4.0,1,2.2,HARVEST_PARTS
A01741,Laptop,Bengaluru,0.9,2,4,0,92.0,93.0,1.0,1,2.2,REDEPLOY
A01742,Laptop,Bengaluru,6.1,1,3,0,46.0,41.0,5.0,1,2.2,RECYCLE
A01743,Mobile,Gurugram,7.4,2,4,0,39.0,5.0,6.0,1,0.2,RECYCLE
A01744,Monitor,Pune,1.0,1,1,0,93.0,,1.0,1,5.0,REDEPLOY
A01745,Monitor,Bengaluru,7.1,2,1,1,5.0,,6.0,1,5.0,RECYCLE
A01746,Monitor,Chennai,7.2,1,4,1,39.0,,8.0,0,5.0,RECYCLE
A01747,Desktop,Gurugram,1.9,1,4,1,68.0,,1.0,1,8.0,HARVEST_PARTS
A01748,Desktop,Bengaluru,4.0,3,4,0,72.0,,3.0,1,8.0,REFURBISH_RESELL
A01749,Laptop,Chennai,4.4,1,4,0,69.0,68.0,3.0,1,2.2,REFURBISH_RESELL
A01750,Monitor,Bengaluru,4.1,1,4,0,78.0,,6.0,1,5.0,REDEPLOY
A01751,Laptop,Bengaluru,5.3,1,4,0,62.0,34.0,6.0,1,2.2,RECYCLE
A01752,Network,Chennai,2.2,1,4,0,88.0,,1.0,1,4.0,REDEPLOY
A01753,Server,Chennai,1.6,2,4,0,88.0,,1.0,1,25.0,REDEPLOY
A01754,Laptop,Chennai,1.3,1,3,0,92.0,85.0,1.0,1,2.2,REDEPLOY
A01755,Desktop,Pune,6.2,1,4,0,58.0,,4.0,1,8.0,REFURBISH_RESELL
A01756,Laptop,Bengaluru,1.9,3,3,0,83.0,82.0,2.0,1,2.2,REDEPLOY
A01757,Mobile,Pune,4.1,1,2,0,64.0,67.0,4.0,1,0.2,REFURBISH_RESELL
A01758,Mobile,Hyderabad,2.9,1,3,0,77.0,76.0,3.0,1,0.2,REDEPLOY
A01759,Mobile,Chennai,2.9,1,4,0,82.0,77.0,2.0,1,0.2,REDEPLOY
A01760,Laptop,Bengaluru,3.5,3,1,0,78.0,60.0,3.0,1,2.2,REFURBISH_RESELL
A01761,Laptop,Hyderabad,3.0,1,3,0,80.0,68.0,2.0,1,2.2,REFURBISH_RESELL
A01762,Laptop,Kolkata,1.6,2,4,0,87.0,83.0,2.0,1,2.2,REDEPLOY
A01763,Laptop,Chennai,3.5,2,3,0,73.0,69.0,4.0,1,2.2,REFURBISH_RESELL
A01764,Laptop,Hyderabad,2.6,1,4,1,53.0,78.0,2.0,1,2.2,HARVEST_PARTS
A01765,Laptop,Hyderabad,2.5,2,3,1,62.0,71.0,2.0,1,2.2,REFURBISH_RESELL
A01766,Mobile,Gurugram,8.3,3,2,1,13.0,30.0,7.0,1,0.2,RECYCLE
A01767,Laptop,Gurugram,1.8,2,3,0,92.0,86.0,3.0,1,2.2,REDEPLOY
A01768,Laptop,Gurugram,3.4,2,2,1,46.0,66.0,5.0,1,2.2,RECYCLE
A01769,Server,Hyderabad,4.3,1,3,0,65.0,,4.0,1,25.0,REFURBISH_RESELL
A01770,Desktop,Noida,8.4,1,4,0,27.0,,8.0,1,8.0,RECYCLE
A01771,Monitor,Bengaluru,2.1,2,3,0,90.0,,2.0,1,5.0,REDEPLOY
A01772,Monitor,Hyderabad,6.9,1,3,0,41.0,,5.0,1,5.0,REFURBISH_RESELL
A01773,Network,Pune,3.5,1,2,0,71.0,,3.0,1,4.0,REFURBISH_RESELL
A01774,Monitor,Gurugram,3.6,1,2,0,83.0,,2.0,1,5.0,REDEPLOY
A01775,Desktop,Mumbai,5.2,1,3,0,75.0,,4.0,1,8.0,REFURBISH_RESELL
A01776,Monitor,Noida,7.5,2,1,1,28.0,,6.0,1,5.0,RECYCLE
A01777,Laptop,Chennai,3.0,1,4,0,76.0,74.0,4.0,1,2.2,REFURBISH_RESELL
A01778,Laptop,Gurugram,4.4,2,1,0,72.0,56.0,4.0,1,2.2,HARVEST_PARTS
A01779,Desktop,Hyderabad,4.1,1,4,0,67.0,,3.0,1,8.0,HARVEST_PARTS
A01780,Laptop,Mumbai,4.0,2,3,0,81.0,62.0,4.0,1,2.2,REFURBISH_RESELL
A01781,Monitor,Bengaluru,5.6,1,3,0,71.0,,5.0,1,5.0,REFURBISH_RESELL
A01782,Laptop,Pune,2.7,1,3,1,40.0,74.0,2.0,1,2.2,HARVEST_PARTS
A01783,Laptop,Hyderabad,3.2,1,2,0,79.0,71.0,3.0,1,2.2,REFURBISH_RESELL
A01784,Laptop,Hyderabad,1.6,1,3,0,90.0,88.0,2.0,1,2.2,REDEPLOY
A01785,Server,Gurugram,5.0,1,3,0,59.0,,3.0,1,25.0,REFURBISH_RESELL
A01786,Laptop,Chennai,3.9,2,2,0,82.0,59.0,4.0,1,2.2,HARVEST_PARTS
A01787,Monitor,Noida,7.4,3,4,1,16.0,,6.0,1,5.0,RECYCLE
A01788,Network,Hyderabad,2.1,2,3,0,82.0,,1.0,1,4.0,REDEPLOY
A01789,Laptop,Bengaluru,8.8,1,2,0,25.0,5.0,8.0,1,2.2,RECYCLE
A01790,Monitor,Bengaluru,5.4,2,3,0,68.0,,3.0,1,5.0,REFURBISH_RESELL
A01791,Laptop,Pune,0.9,1,4,0,94.0,91.0,1.0,1,2.2,REDEPLOY
A01792,Laptop,Pune,5.2,2,4,0,77.0,59.0,5.0,1,2.2,HARVEST_PARTS
A01793,Monitor,Noida,2.8,2,4,0,86.0,,2.0,1,5.0,REDEPLOY
A01794,Mobile,Mumbai,3.4,1,3,0,86.0,61.0,3.0,1,0.2,REDEPLOY
A01795,Laptop,Bengaluru,3.1,2,3,0,79.0,74.0,3.0,1,2.2,REFURBISH_RESELL
A01796,Desktop,Chennai,6.7,1,4,0,40.0,,6.0,1,8.0,HARVEST_PARTS
A01797,Laptop,Hyderabad,1.4,1,3,0,93.0,84.0,2.0,1,2.2,REDEPLOY
A01798,Desktop,Hyderabad,3.6,2,4,0,68.0,,3.0,1,8.0,REDEPLOY
A01799,Monitor,Gurugram,3.7,2,1,0,78.0,,3.0,1,5.0,REFURBISH_RESELL
A01800,Monitor,Kolkata,3.0,2,2,0,87.0,,1.0,1,5.0,REDEPLOY
A01801,Monitor,Mumbai,2.4,1,4,0,88.0,,2.0,1,5.0,REDEPLOY
A01802,Laptop,Hyderabad,1.0,2,4,0,94.0,91.0,2.0,1,2.2,REDEPLOY
A01803,Monitor,Chennai,3.6,3,2,0,82.0,,2.0,1,5.0,REFURBISH_RESELL
A01804,Monitor,Chennai,5.0,1,3,0,63.0,,5.0,1,5.0,REFURBISH_RESELL
A01805,Monitor,Chennai,3.9,1,3,0,80.0,,3.0,1,5.0,REDEPLOY
A01806,Laptop,Kolkata,2.4,1,3,0,81.0,73.0,3.0,1,2.2,REDEPLOY
A01807,Laptop,Bengaluru,3.8,2,3,1,44.0,64.0,4.0,1,2.2,RECYCLE
A01808,Laptop,Bengaluru,7.4,1,1,0,49.0,9.0,8.0,1,2.2,RECYCLE
A01809,Laptop,Bengaluru,2.7,2,2,1,59.0,68.0,0.0,1,2.2,HARVEST_PARTS
A01810,Laptop,Hyderabad,4.2,1,4,0,66.0,60.0,3.0,1,2.2,REFURBISH_RESELL
A01811,Laptop,Pune,4.5,1,3,0,68.0,58.0,5.0,1,2.2,REFURBISH_RESELL
A01812,Monitor,Bengaluru,1.8,1,2,0,88.0,,2.0,1,5.0,REDEPLOY
A01813,Laptop,Pune,3.3,1,4,0,72.0,59.0,3.0,1,2.2,REFURBISH_RESELL
A01814,Server,Bengaluru,3.3,2,2,0,72.0,,2.0,1,25.0,REFURBISH_RESELL
A01815,Desktop,Gurugram,3.9,1,3,0,67.0,,3.0,1,8.0,REFURBISH_RESELL
A01816,Monitor,Bengaluru,6.6,1,3,1,42.0,,7.0,1,5.0,RECYCLE
A01817,Desktop,Hyderabad,2.1,3,1,1,67.0,,2.0,1,8.0,HARVEST_PARTS
A01818,Desktop,Gurugram,6.8,1,2,0,51.0,,9.0,1,8.0,RECYCLE
A01819,Monitor,Pune,5.1,2,4,0,58.0,,5.0,1,5.0,REFURBISH_RESELL
A01820,Mobile,Mumbai,9.0,1,3,0,36.0,14.0,9.0,1,0.2,RECYCLE
A01821,Desktop,Noida,1.2,3,3,0,94.0,,2.0,1,8.0,REDEPLOY
A01822,Desktop,Kolkata,0.9,1,2,1,57.0,,1.0,1,8.0,REDEPLOY
A01823,Monitor,Mumbai,10.0,1,4,0,36.0,,10.0,1,5.0,RECYCLE
A01824,Monitor,Pune,1.8,2,3,0,88.0,,3.0,1,5.0,REDEPLOY
A01825,Laptop,Gurugram,2.5,1,2,0,85.0,79.0,2.0,1,2.2,REDEPLOY
A01826,Desktop,Bengaluru,2.5,1,2,0,79.0,,2.0,1,8.0,REDEPLOY
A01827,Desktop,Kolkata,2.1,1,4,0,83.0,,3.0,1,8.0,REFURBISH_RESELL
A01828,Mobile,Bengaluru,5.0,1,1,0,61.0,62.0,6.0,1,0.2,HARVEST_PARTS
A01829,Desktop,Noida,3.4,2,4,0,79.0,,2.0,1,8.0,REDEPLOY
A01830,Desktop,Noida,2.7,1,2,0,79.0,,4.0,1,8.0,REFURBISH_RESELL
A01831,Mobile,Bengaluru,8.2,2,3,0,32.0,19.0,6.0,1,0.2,RECYCLE
A01832,Desktop,Chennai,1.1,1,1,0,92.0,,1.0,1,8.0,REDEPLOY
A01833,Laptop,Bengaluru,6.0,2,2,0,58.0,22.0,4.0,1,2.2,RECYCLE
A01834,Laptop,Bengaluru,3.7,1,2,0,81.0,67.0,2.0,1,2.2,REFURBISH_RESELL
A01835,Laptop,Bengaluru,2.6,1,4,0,85.0,81.0,2.0,1,2.2,REDEPLOY
A01836,Laptop,Gurugram,2.8,2,2,1,42.0,70.0,3.0,1,2.2,RECYCLE
A01837,Laptop,Pune,3.2,2,3,0,73.0,77.0,3.0,1,2.2,REFURBISH_RESELL
A01838,Monitor,Chennai,2.5,2,3,0,81.0,,4.0,1,5.0,REDEPLOY
A01839,Monitor,Kolkata,5.6,1,1,0,68.0,,4.0,1,5.0,HARVEST_PARTS
A01840,Laptop,Pune,3.1,3,2,0,75.0,62.0,3.0,1,2.2,REFURBISH_RESELL
A01841,Desktop,Mumbai,5.2,3,3,0,67.0,,4.0,1,8.0,HARVEST_PARTS
A01842,Laptop,Noida,2.8,3,4,0,84.0,66.0,2.0,1,2.2,REFURBISH_RESELL
A01843,Mobile,Pune,4.2,1,3,0,76.0,60.0,3.0,1,0.2,REDEPLOY
A01844,Laptop,Bengaluru,4.2,1,4,1,54.0,59.0,3.0,1,2.2,HARVEST_PARTS
A01845,Monitor,Pune,3.8,2,4,0,69.0,,3.0,1,5.0,REDEPLOY
A01846,Laptop,Pune,6.9,1,1,0,61.0,22.0,5.0,1,2.2,RECYCLE
A01847,Monitor,Chennai,7.3,2,3,0,63.0,,7.0,1,5.0,HARVEST_PARTS
A01848,Laptop,Hyderabad,5.5,1,4,0,63.0,40.0,6.0,1,2.2,HARVEST_PARTS
A01849,Monitor,Pune,6.3,2,3,1,20.0,,6.0,1,5.0,RECYCLE
A01850,Laptop,Chennai,5.3,1,4,0,76.0,49.0,5.0,1,2.2,REFURBISH_RESELL
A01851,Mobile,Gurugram,3.0,3,4,1,68.0,64.0,2.0,1,0.2,REFURBISH_RESELL
A01852,Desktop,Gurugram,3.6,2,2,0,86.0,,4.0,1,8.0,REFURBISH_RESELL
A01853,Monitor,Mumbai,1.2,1,4,0,92.0,,0.0,1,5.0,REDEPLOY
A01854,Server,Pune,2.3,1,4,0,88.0,,3.0,1,25.0,REDEPLOY
A01855,Mobile,Pune,1.8,1,4,0,89.0,77.0,1.0,1,0.2,REDEPLOY
A01856,Laptop,Mumbai,2.6,3,2,0,85.0,73.0,2.0,0,2.2,HARVEST_PARTS
A01857,Laptop,Pune,4.3,1,4,0,72.0,62.0,4.0,1,2.2,REFURBISH_RESELL
A01858,Laptop,Mumbai,2.9,2,3,0,79.0,79.0,3.0,1,2.2,REDEPLOY
A01859,Laptop,Noida,5.7,1,1,0,74.0,31.0,4.0,1,2.2,RECYCLE
A01860,Desktop,Gurugram,2.3,2,3,0,83.0,,1.0,1,8.0,REDEPLOY
A01861,Mobile,Bengaluru,5.1,1,4,0,72.0,55.0,4.0,1,0.2,REFURBISH_RESELL
A01862,Mobile,Pune,2.2,3,2,0,83.0,73.0,2.0,1,0.2,REFURBISH_RESELL
A01863,Desktop,Bengaluru,6.7,2,3,1,34.0,,5.0,1,8.0,RECYCLE
A01864,Monitor,Chennai,2.3,2,2,0,82.0,,3.0,1,5.0,REFURBISH_RESELL
A01865,Network,Pune,4.7,2,4,0,65.0,,5.0,1,4.0,HARVEST_PARTS
A01866,Mobile,Noida,2.7,1,4,0,88.0,68.0,2.0,1,0.2,REDEPLOY
A01867,Laptop,Bengaluru,7.8,1,4,1,23.0,33.0,7.0,1,2.2,RECYCLE
A01868,Desktop,Hyderabad,7.6,1,3,1,37.0,,8.0,0,8.0,RECYCLE
A01869,Server,Hyderabad,4.7,1,3,1,55.0,,4.0,1,25.0,HARVEST_PARTS
A01870,Laptop,Hyderabad,4.6,1,3,0,77.0,48.0,4.0,1,2.2,HARVEST_PARTS
A01871,Laptop,Kolkata,5.5,2,3,0,73.0,32.0,6.0,1,2.2,HARVEST_PARTS
A01872,Mobile,Pune,5.1,1,3,1,41.0,53.0,6.0,1,0.2,RECYCLE
A01873,Mobile,Pune,5.9,2,3,0,64.0,26.0,5.0,1,0.2,HARVEST_PARTS
A01874,Mobile,Gurugram,2.3,1,4,0,89.0,76.0,2.0,1,0.2,REDEPLOY
A01875,Monitor,Bengaluru,3.8,1,3,0,74.0,,4.0,1,5.0,REFURBISH_RESELL
A01876,Laptop,Pune,2.8,1,2,1,41.0,76.0,2.0,1,2.2,RECYCLE
A01877,Laptop,Pune,7.6,1,1,1,7.0,46.0,6.0,1,2.2,RECYCLE
A01878,Desktop,Mumbai,2.0,3,4,0,86.0,,1.0,1,8.0,REDEPLOY
A01879,Desktop,Pune,8.2,2,3,1,31.0,,7.0,1,8.0,RECYCLE
A01880,Desktop,Bengaluru,3.9,1,4,0,82.0,,2.0,1,8.0,REDEPLOY
A01881,Monitor,Hyderabad,5.9,2,3,0,49.0,,7.0,1,5.0,HARVEST_PARTS
A01882,Laptop,Kolkata,2.9,1,3,0,77.0,79.0,2.0,1,2.2,REDEPLOY
A01883,Monitor,Gurugram,1.9,1,2,0,91.0,,2.0,1,5.0,REDEPLOY
A01884,Laptop,Bengaluru,7.4,1,1,0,41.0,36.0,5.0,1,2.2,RECYCLE
A01885,Laptop,Bengaluru,4.9,1,3,0,78.0,55.0,6.0,1,2.2,HARVEST_PARTS
A01886,Laptop,Bengaluru,2.0,2,3,1,60.0,79.0,2.0,1,2.2,HARVEST_PARTS
A01887,Laptop,Bengaluru,3.6,2,3,1,48.0,57.0,4.0,1,2.2,HARVEST_PARTS
A01888,Network,Hyderabad,3.5,2,3,0,69.0,,3.0,1,4.0,HARVEST_PARTS
A01889,Laptop,Noida,4.8,1,2,0,73.0,63.0,6.0,1,2.2,HARVEST_PARTS
A01890,Laptop,Gurugram,2.3,1,4,0,89.0,83.0,1.0,1,2.2,REDEPLOY
A01891,Monitor,Mumbai,2.0,1,4,0,84.0,,2.0,1,5.0,REDEPLOY
A01892,Desktop,Bengaluru,4.1,1,3,0,75.0,,2.0,1,8.0,REFURBISH_RESELL
A01893,Laptop,Kolkata,2.4,2,3,0,83.0,83.0,2.0,1,2.2,REDEPLOY
A01894,Laptop,Chennai,7.5,1,3,1,5.0,44.0,7.0,1,2.2,RECYCLE
A01895,Laptop,Mumbai,5.6,1,3,0,70.0,31.0,5.0,1,2.2,HARVEST_PARTS
A01896,Monitor,Chennai,5.6,2,4,1,36.0,,5.0,1,5.0,RECYCLE
A01897,Laptop,Noida,1.2,1,4,0,94.0,88.0,1.0,1,2.2,REDEPLOY
A01898,Laptop,Bengaluru,3.0,2,2,0,75.0,77.0,2.0,1,2.2,REFURBISH_RESELL
A01899,Laptop,Bengaluru,3.3,2,3,0,82.0,71.0,4.0,1,2.2,REFURBISH_RESELL
A01900,Desktop,Hyderabad,2.2,2,4,0,86.0,,2.0,1,8.0,REDEPLOY
A01901,Laptop,Kolkata,5.1,3,4,1,22.0,47.0,4.0,1,2.2,RECYCLE
A01902,Server,Gurugram,4.7,2,2,0,60.0,,5.0,1,25.0,HARVEST_PARTS
A01903,Laptop,Bengaluru,5.5,2,3,0,68.0,35.0,5.0,1,2.2,HARVEST_PARTS
A01904,Monitor,Gurugram,6.2,2,2,0,73.0,,4.0,1,5.0,REFURBISH_RESELL
A01905,Laptop,Bengaluru,6.1,2,1,0,60.0,47.0,7.0,1,2.2,RECYCLE
A01906,Laptop,Bengaluru,10.0,1,4,1,22.0,5.0,8.0,1,2.2,RECYCLE
A01907,Laptop,Mumbai,3.8,1,1,0,77.0,60.0,4.0,1,2.2,HARVEST_PARTS
A01908,Server,Bengaluru,3.5,1,3,0,79.0,,3.0,0,25.0,HARVEST_PARTS
A01909,Network,Pune,5.0,2,2,0,68.0,,5.0,1,4.0,HARVEST_PARTS
A01910,Laptop,Mumbai,6.7,1,3,0,60.0,36.0,7.0,1,2.2,RECYCLE
A01911,Laptop,Kolkata,1.6,3,3,0,88.0,81.0,2.0,1,2.2,REDEPLOY
A01912,Mobile,Bengaluru,2.5,2,3,0,87.0,69.0,2.0,1,0.2,REDEPLOY
A01913,Desktop,Hyderabad,2.8,1,4,1,54.0,,2.0,1,8.0,HARVEST_PARTS
A01914,Laptop,Hyderabad,4.0,1,3,0,78.0,55.0,4.0,1,2.2,REFURBISH_RESELL
A01915,Laptop,Noida,3.0,2,4,0,79.0,69.0,4.0,1,2.2,REDEPLOY
A01916,Monitor,Mumbai,6.3,2,4,0,62.0,,6.0,1,5.0,HARVEST_PARTS
A01917,Monitor,Hyderabad,4.3,2,3,0,78.0,,3.0,1,5.0,REFURBISH_RESELL
A01918,Desktop,Kolkata,3.6,1,2,0,75.0,,4.0,1,8.0,REFURBISH_RESELL
A01919,Mobile,Bengaluru,4.8,3,4,0,75.0,38.0,4.0,1,0.2,HARVEST_PARTS
A01920,Desktop,Gurugram,1.3,3,4,0,92.0,,2.0,1,8.0,REDEPLOY
A01921,Laptop,Mumbai,4.7,3,1,1,49.0,58.0,4.0,1,2.2,RECYCLE
A01922,Desktop,Bengaluru,2.4,2,3,0,80.0,,3.0,1,8.0,REDEPLOY
A01923,Laptop,Hyderabad,5.7,1,3,0,56.0,59.0,5.0,1,2.2,HARVEST_PARTS
A01924,Laptop,Mumbai,1.4,3,4,0,90.0,86.0,1.0,1,2.2,REDEPLOY
A01925,Laptop,Bengaluru,4.9,1,3,1,38.0,54.0,5.0,1,2.2,RECYCLE
A01926,Laptop,Mumbai,2.4,1,2,0,87.0,82.0,2.0,1,2.2,REFURBISH_RESELL
A01927,Monitor,Gurugram,6.8,2,4,0,71.0,,5.0,1,5.0,HARVEST_PARTS
A01928,Laptop,Mumbai,1.6,1,3,1,56.0,84.0,2.0,1,2.2,HARVEST_PARTS
A01929,Laptop,Pune,3.9,2,4,0,82.0,52.0,3.0,1,2.2,REDEPLOY
A01930,Monitor,Noida,5.3,2,4,0,78.0,,5.0,1,5.0,REFURBISH_RESELL
A01931,Monitor,Chennai,4.5,1,3,0,74.0,,4.0,1,5.0,REFURBISH_RESELL
A01932,Monitor,Gurugram,4.5,2,3,0,65.0,,5.0,1,5.0,REFURBISH_RESELL
A01933,Server,Gurugram,1.9,3,3,0,88.0,,2.0,1,25.0,REDEPLOY
A01934,Monitor,Kolkata,1.9,3,3,1,76.0,,2.0,1,5.0,HARVEST_PARTS
A01935,Laptop,Mumbai,4.4,1,3,1,45.0,49.0,4.0,1,2.2,RECYCLE
A01936,Desktop,Bengaluru,4.1,1,3,1,36.0,,4.0,1,8.0,RECYCLE
A01937,Monitor,Noida,2.2,1,3,0,81.0,,2.0,1,5.0,REDEPLOY
A01938,Laptop,Mumbai,2.2,2,4,0,90.0,83.0,1.0,1,2.2,REDEPLOY
A01939,Laptop,Pune,3.6,2,4,1,59.0,74.0,4.0,1,2.2,HARVEST_PARTS
A01940,Laptop,Pune,3.2,1,1,0,76.0,59.0,2.0,1,2.2,REFURBISH_RESELL
A01941,Desktop,Gurugram,8.8,1,4,1,5.0,,7.0,1,8.0,RECYCLE
A01942,Laptop,Bengaluru,7.0,2,3,1,27.0,13.0,5.0,1,2.2,RECYCLE
A01943,Laptop,Pune,5.6,2,3,0,66.0,44.0,6.0,1,2.2,RECYCLE
A01944,Server,Pune,7.4,1,2,0,43.0,,8.0,1,25.0,HARVEST_PARTS
A01945,Mobile,Hyderabad,2.7,1,2,0,84.0,73.0,3.0,1,0.2,REFURBISH_RESELL
A01946,Laptop,Kolkata,3.0,1,2,0,75.0,76.0,3.0,1,2.2,REDEPLOY
A01947,Mobile,Pune,6.5,3,3,0,51.0,52.0,5.0,1,0.2,RECYCLE
A01948,Laptop,Hyderabad,3.9,2,4,1,49.0,66.0,3.0,1,2.2,RECYCLE
A01949,Mobile,Pune,4.0,2,2,0,80.0,60.0,4.0,1,0.2,HARVEST_PARTS
A01950,Mobile,Pune,2.1,1,2,0,82.0,77.0,2.0,1,0.2,REDEPLOY
A01951,Laptop,Chennai,6.4,1,1,0,56.0,42.0,5.0,0,2.2,RECYCLE
A01952,Monitor,Bengaluru,5.0,1,2,1,22.0,,5.0,1,5.0,RECYCLE
A01953,Mobile,Noida,3.3,1,3,0,73.0,68.0,4.0,1,0.2,REFURBISH_RESELL
A01954,Mobile,Noida,3.0,1,4,1,59.0,71.0,3.0,1,0.2,HARVEST_PARTS
A01955,Mobile,Hyderabad,6.9,1,3,0,69.0,17.0,5.0,1,0.2,RECYCLE
A01956,Desktop,Mumbai,2.8,1,3,0,76.0,,3.0,1,8.0,REDEPLOY
A01957,Laptop,Hyderabad,1.7,2,4,0,88.0,87.0,1.0,0,2.2,HARVEST_PARTS
A01958,Server,Pune,7.1,1,3,0,46.0,,8.0,1,25.0,RECYCLE
A01959,Monitor,Bengaluru,7.1,1,1,0,58.0,,6.0,1,5.0,HARVEST_PARTS
A01960,Monitor,Hyderabad,2.8,1,4,0,85.0,,3.0,1,5.0,REDEPLOY
A01961,Laptop,Chennai,9.6,1,3,0,57.0,20.0,10.0,1,2.2,RECYCLE
A01962,Desktop,Bengaluru,3.7,2,3,1,64.0,,4.0,1,8.0,HARVEST_PARTS
A01963,Laptop,Hyderabad,2.8,2,4,0,87.0,77.0,2.0,1,2.2,REDEPLOY
A01964,Monitor,Noida,5.0,2,2,0,57.0,,5.0,1,5.0,HARVEST_PARTS
A01965,Laptop,Kolkata,1.9,3,2,0,84.0,79.0,1.0,0,2.2,HARVEST_PARTS
A01966,Monitor,Bengaluru,2.4,1,4,0,81.0,,2.0,1,5.0,REDEPLOY
A01967,Server,Mumbai,4.4,1,2,0,82.0,,5.0,1,25.0,HARVEST_PARTS
A01968,Desktop,Chennai,4.1,1,3,1,41.0,,4.0,1,8.0,RECYCLE
A01969,Desktop,Bengaluru,5.9,1,3,0,69.0,,5.0,1,8.0,HARVEST_PARTS
A01970,Laptop,Hyderabad,2.1,1,2,0,91.0,84.0,3.0,1,2.2,REDEPLOY
A01971,Mobile,Noida,8.8,2,2,1,48.0,38.0,9.0,1,0.2,RECYCLE
A01972,Monitor,Pune,3.1,2,4,0,76.0,,2.0,1,5.0,REDEPLOY
A01973,Laptop,Noida,4.0,1,3,1,56.0,52.0,4.0,1,2.2,RECYCLE
A01974,Laptop,Pune,3.1,1,3,1,43.0,62.0,2.0,1,2.2,HARVEST_PARTS
A01975,Laptop,Gurugram,1.9,3,2,0,85.0,84.0,2.0,1,2.2,REFURBISH_RESELL
A01976,Desktop,Pune,3.8,2,2,0,76.0,,4.0,1,8.0,REFURBISH_RESELL
A01977,Mobile,Hyderabad,5.3,2,1,0,75.0,44.0,5.0,1,0.2,HARVEST_PARTS
A01978,Monitor,Pune,3.5,1,4,0,69.0,,2.0,1,5.0,REDEPLOY
A01979,Laptop,Gurugram,2.5,1,3,0,82.0,69.0,3.0,1,2.2,REFURBISH_RESELL
A01980,Network,Noida,6.0,2,3,0,70.0,,5.0,1,4.0,HARVEST_PARTS
A01981,Laptop,Hyderabad,6.1,1,3,1,32.0,26.0,6.0,1,2.2,RECYCLE
A01982,Network,Pune,3.4,1,2,1,42.0,,4.0,1,4.0,HARVEST_PARTS
A01983,Laptop,Kolkata,4.6,1,3,0,63.0,63.0,5.0,1,2.2,HARVEST_PARTS
A01984,Monitor,Hyderabad,6.0,2,4,0,54.0,,5.0,0,5.0,HARVEST_PARTS
A01985,Mobile,Pune,5.3,2,3,0,72.0,44.0,5.0,1,0.2,HARVEST_PARTS
A01986,Laptop,Bengaluru,4.5,1,4,0,65.0,66.0,5.0,1,2.2,REFURBISH_RESELL
A01987,Monitor,Gurugram,5.2,1,4,0,65.0,,5.0,1,5.0,HARVEST_PARTS
A01988,Mobile,Pune,4.7,1,2,0,65.0,67.0,4.0,1,0.2,HARVEST_PARTS
A01989,Laptop,Noida,3.9,2,2,0,77.0,67.0,3.0,1,2.2,REFURBISH_RESELL
A01990,Laptop,Gurugram,2.0,3,3,1,62.0,75.0,3.0,1,2.2,HARVEST_PARTS
A01991,Monitor,Hyderabad,2.3,1,3,1,64.0,,1.0,1,5.0,HARVEST_PARTS
A01992,Laptop,Mumbai,4.8,1,3,0,62.0,47.0,4.0,1,2.2,HARVEST_PARTS
A01993,Laptop,Hyderabad,3.0,3,4,0,84.0,77.0,3.0,1,2.2,REFURBISH_RESELL
A01994,Desktop,Mumbai,4.7,2,3,0,67.0,,3.0,1,8.0,REFURBISH_RESELL
A01995,Monitor,Bengaluru,2.0,2,4,0,84.0,,3.0,1,5.0,REDEPLOY
A01996,Laptop,Bengaluru,2.6,1,2,0,77.0,81.0,1.0,1,2.2,REFURBISH_RESELL
A01997,Laptop,Bengaluru,3.5,1,2,0,69.0,68.0,3.0,1,2.2,REFURBISH_RESELL
A01998,Server,Kolkata,1.1,3,4,0,91.0,,2.0,1,25.0,REDEPLOY
A01999,Desktop,Chennai,2.4,1,4,1,70.0,,1.0,1,8.0,REFURBISH_RESELL
A02000,Server,Chennai,2.8,1,4,1,56.0,,2.0,0,25.0,HARVEST_PARTS
A02001,Laptop,Noida,4.2,2,1,0,83.0,56.0,4.0,1,2.2,REFURBISH_RESELL
A02002,Mobile,Noida,3.4,2,2,0,83.0,57.0,3.0,1,0.2,REDEPLOY
A02003,Monitor,Hyderabad,4.3,1,2,1,54.0,,4.0,1,5.0,HARVEST_PARTS
A02004,Laptop,Chennai,4.0,3,3,0,73.0,64.0,3.0,1,2.2,REFURBISH_RESELL
A02005,Network,Gurugram,3.3,2,2,0,76.0,,3.0,1,4.0,HARVEST_PARTS
A02006,Desktop,Hyderabad,2.8,1,3,0,75.0,,3.0,1,8.0,REFURBISH_RESELL
A02007,Laptop,Bengaluru,4.0,1,4,0,76.0,58.0,3.0,1,2.2,REFURBISH_RESELL
A02008,Laptop,Bengaluru,6.8,2,3,0,41.0,48.0,6.0,1,2.2,RECYCLE
A02009,Monitor,Mumbai,2.8,2,3,0,77.0,,2.0,1,5.0,REDEPLOY
A02010,Laptop,Gurugram,8.7,1,3,0,34.0,5.0,7.0,1,2.2,RECYCLE
A02011,Laptop,Mumbai,4.1,1,4,0,80.0,67.0,4.0,1,2.2,REDEPLOY
A02012,Laptop,Hyderabad,5.8,1,3,0,59.0,58.0,4.0,1,2.2,HARVEST_PARTS
A02013,Laptop,Noida,4.6,1,3,0,68.0,52.0,3.0,1,2.2,HARVEST_PARTS
A02014,Laptop,Gurugram,4.9,3,4,1,49.0,61.0,5.0,1,2.2,RECYCLE
A02015,Desktop,Mumbai,2.4,1,4,0,83.0,,1.0,1,8.0,REDEPLOY
A02016,Laptop,Kolkata,3.0,3,2,0,74.0,67.0,4.0,1,2.2,HARVEST_PARTS
A02017,Laptop,Bengaluru,1.5,1,3,0,93.0,81.0,0.0,1,2.2,REDEPLOY
A02018,Monitor,Mumbai,3.5,1,3,0,83.0,,4.0,1,5.0,REDEPLOY
A02019,Laptop,Bengaluru,5.1,1,1,0,61.0,55.0,5.0,1,2.2,HARVEST_PARTS
A02020,Monitor,Hyderabad,3.5,3,3,0,69.0,,2.0,1,5.0,REDEPLOY
A02021,Laptop,Hyderabad,5.9,1,3,0,69.0,44.0,5.0,1,2.2,HARVEST_PARTS
A02022,Laptop,Mumbai,3.2,1,4,1,53.0,73.0,2.0,0,2.2,HARVEST_PARTS
A02023,Laptop,Kolkata,2.7,1,3,0,80.0,72.0,2.0,1,2.2,REDEPLOY
A02024,Desktop,Chennai,3.0,2,4,0,77.0,,2.0,1,8.0,REDEPLOY
A02025,Laptop,Pune,5.4,1,2,0,65.0,62.0,3.0,1,2.2,REFURBISH_RESELL
A02026,Server,Pune,7.8,1,2,0,60.0,,6.0,1,25.0,RECYCLE
A02027,Laptop,Noida,9.1,1,3,1,16.0,22.0,8.0,1,2.2,RECYCLE
A02028,Desktop,Pune,5.1,3,4,0,72.0,,4.0,1,8.0,HARVEST_PARTS
A02029,Desktop,Pune,5.8,3,4,0,70.0,,4.0,1,8.0,HARVEST_PARTS
A02030,Laptop,Chennai,1.7,3,2,0,89.0,87.0,1.0,1,2.2,REFURBISH_RESELL
A02031,Desktop,Hyderabad,2.0,1,2,1,55.0,,2.0,1,8.0,RECYCLE
A02032,Laptop,Noida,2.5,1,3,0,81.0,73.0,3.0,1,2.2,REDEPLOY
A02033,Laptop,Gurugram,6.9,1,2,0,46.0,16.0,8.0,1,2.2,RECYCLE
A02034,Laptop,Bengaluru,6.9,3,4,1,13.0,25.0,7.0,1,2.2,RECYCLE
A02035,Monitor,Bengaluru,10.0,2,3,0,16.0,,8.0,1,5.0,RECYCLE
A02036,Mobile,Mumbai,2.5,2,4,0,86.0,71.0,2.0,1,0.2,REDEPLOY
A02037,Laptop,Gurugram,3.7,1,3,0,80.0,58.0,4.0,1,2.2,REFURBISH_RESELL
A02038,Monitor,Noida,1.5,1,3,0,91.0,,2.0,0,5.0,HARVEST_PARTS
A02039,Monitor,Gurugram,1.8,1,3,0,86.0,,3.0,1,5.0,REDEPLOY
A02040,Laptop,Hyderabad,3.3,1,2,0,86.0,69.0,2.0,0,2.2,HARVEST_PARTS
A02041,Monitor,Bengaluru,2.5,1,4,0,78.0,,3.0,1,5.0,REDEPLOY
A02042,Monitor,Pune,2.5,1,4,1,48.0,,1.0,1,5.0,REFURBISH_RESELL
A02043,Mobile,Gurugram,2.9,1,2,0,76.0,65.0,2.0,1,0.2,REFURBISH_RESELL
A02044,Mobile,Bengaluru,7.3,1,3,0,46.0,13.0,7.0,1,0.2,HARVEST_PARTS
A02045,Laptop,Mumbai,6.3,3,1,1,11.0,38.0,5.0,1,2.2,RECYCLE
A02046,Laptop,Hyderabad,2.3,3,2,0,81.0,78.0,2.0,1,2.2,REDEPLOY
A02047,Desktop,Bengaluru,6.2,2,3,0,62.0,,7.0,1,8.0,RECYCLE
A02048,Laptop,Noida,2.6,2,3,0,80.0,79.0,4.0,1,2.2,REFURBISH_RESELL
A02049,Laptop,Bengaluru,1.7,1,3,0,85.0,82.0,2.0,1,2.2,REDEPLOY
A02050,Mobile,Gurugram,2.8,1,4,0,76.0,75.0,1.0,1,0.2,REDEPLOY
A02051,Laptop,Gurugram,4.4,1,3,0,63.0,61.0,3.0,1,2.2,REFURBISH_RESELL
A02052,Desktop,Pune,2.4,1,4,0,81.0,,2.0,1,8.0,REDEPLOY
A02053,Server,Hyderabad,5.1,2,4,0,63.0,,5.0,1,25.0,REFURBISH_RESELL
A02054,Laptop,Noida,2.9,1,2,0,80.0,63.0,3.0,1,2.2,REDEPLOY
A02055,Desktop,Mumbai,4.5,3,3,0,78.0,,3.0,1,8.0,REFURBISH_RESELL
A02056,Mobile,Noida,2.3,2,2,0,86.0,81.0,2.0,1,0.2,REDEPLOY
A02057,Desktop,Bengaluru,3.8,1,2,0,82.0,,4.0,1,8.0,REFURBISH_RESELL
A02058,Laptop,Pune,2.5,2,2,0,88.0,75.0,2.0,1,2.2,REFURBISH_RESELL
A02059,Laptop,Mumbai,3.4,2,2,0,84.0,69.0,2.0,1,2.2,REDEPLOY
A02060,Mobile,Bengaluru,8.7,2,4,1,9.0,26.0,8.0,1,0.2,RECYCLE
A02061,Laptop,Hyderabad,3.1,1,4,0,86.0,64.0,3.0,1,2.2,REFURBISH_RESELL
A02062,Desktop,Hyderabad,2.0,1,2,0,83.0,,2.0,1,8.0,REDEPLOY
A02063,Laptop,Chennai,4.0,1,3,0,66.0,53.0,4.0,1,2.2,HARVEST_PARTS
A02064,Laptop,Hyderabad,4.0,2,3,0,70.0,70.0,3.0,1,2.2,REFURBISH_RESELL
A02065,Mobile,Gurugram,4.0,1,1,0,74.0,50.0,2.0,1,0.2,HARVEST_PARTS
A02066,Desktop,Bengaluru,4.9,3,2,0,57.0,,4.0,1,8.0,HARVEST_PARTS
A02067,Mobile,Bengaluru,3.0,1,4,0,83.0,73.0,4.0,1,0.2,REDEPLOY
A02068,Laptop,Noida,5.2,3,2,0,63.0,41.0,4.0,1,2.2,RECYCLE
A02069,Desktop,Hyderabad,3.8,1,2,1,40.0,,5.0,1,8.0,RECYCLE
A02070,Network,Mumbai,1.9,2,1,0,85.0,,0.0,1,4.0,REFURBISH_RESELL
A02071,Laptop,Hyderabad,5.5,1,2,0,55.0,50.0,5.0,1,2.2,RECYCLE
A02072,Laptop,Pune,4.1,2,4,0,79.0,57.0,4.0,1,2.2,REFURBISH_RESELL
A02073,Network,Kolkata,5.0,3,2,0,60.0,,4.0,1,4.0,HARVEST_PARTS
A02074,Laptop,Bengaluru,2.0,1,3,0,92.0,83.0,2.0,1,2.2,REFURBISH_RESELL
A02075,Desktop,Mumbai,5.6,1,3,1,25.0,,3.0,1,8.0,RECYCLE
A02076,Mobile,Noida,9.8,3,2,1,36.0,5.0,9.0,1,0.2,RECYCLE
A02077,Laptop,Hyderabad,2.0,3,3,0,89.0,78.0,1.0,1,2.2,REDEPLOY
A02078,Laptop,Kolkata,6.0,2,1,1,33.0,36.0,6.0,1,2.2,RECYCLE
A02079,Laptop,Chennai,4.2,1,1,0,68.0,52.0,4.0,1,2.2,HARVEST_PARTS
A02080,Laptop,Hyderabad,3.8,1,4,1,41.0,68.0,3.0,1,2.2,RECYCLE
A02081,Laptop,Noida,5.7,1,3,1,24.0,51.0,4.0,1,2.2,RECYCLE
A02082,Monitor,Pune,5.4,2,4,0,65.0,,4.0,1,5.0,REFURBISH_RESELL
A02083,Laptop,Hyderabad,6.7,1,3,1,44.0,51.0,5.0,1,2.2,RECYCLE
A02084,Monitor,Mumbai,2.1,1,4,1,74.0,,2.0,1,5.0,REDEPLOY
A02085,Laptop,Hyderabad,6.8,3,3,0,44.0,47.0,6.0,1,2.2,RECYCLE
A02086,Laptop,Hyderabad,4.5,2,4,0,61.0,58.0,2.0,1,2.2,REFURBISH_RESELL
A02087,Laptop,Mumbai,1.6,2,2,0,88.0,86.0,3.0,1,2.2,REFURBISH_RESELL
A02088,Monitor,Bengaluru,3.1,3,4,0,76.0,,3.0,1,5.0,REDEPLOY
A02089,Desktop,Gurugram,4.2,1,4,0,70.0,,3.0,1,8.0,REFURBISH_RESELL
A02090,Laptop,Mumbai,3.1,1,4,0,78.0,73.0,2.0,0,2.2,HARVEST_PARTS
A02091,Network,Noida,3.6,3,3,0,69.0,,3.0,1,4.0,REFURBISH_RESELL
A02092,Desktop,Pune,2.9,3,4,0,82.0,,4.0,1,8.0,REDEPLOY
A02093,Laptop,Bengaluru,8.4,1,2,1,18.0,37.0,8.0,1,2.2,RECYCLE
A02094,Mobile,Kolkata,10.0,1,3,0,26.0,5.0,9.0,1,0.2,RECYCLE
A02095,Laptop,Hyderabad,5.2,1,1,0,69.0,37.0,5.0,1,2.2,HARVEST_PARTS
A02096,Laptop,Mumbai,4.0,1,4,0,75.0,64.0,4.0,1,2.2,REFURBISH_RESELL
A02097,Desktop,Noida,2.3,1,4,0,87.0,,2.0,1,8.0,REDEPLOY
A02098,Laptop,Mumbai,6.7,1,2,0,41.0,16.0,7.0,0,2.2,RECYCLE
A02099,Laptop,Bengaluru,4.9,2,3,0,77.0,65.0,5.0,1,2.2,HARVEST_PARTS
A02100,Monitor,Kolkata,2.4,1,4,0,87.0,,3.0,1,5.0,REDEPLOY
A02101,Laptop,Pune,2.4,3,4,0,81.0,79.0,3.0,1,2.2,REDEPLOY
A02102,Server,Gurugram,3.6,2,2,0,79.0,,4.0,1,25.0,HARVEST_PARTS
A02103,Mobile,Pune,4.0,1,4,0,70.0,71.0,3.0,1,0.2,REFURBISH_RESELL
A02104,Monitor,Mumbai,5.1,2,3,0,61.0,,3.0,1,5.0,REFURBISH_RESELL
A02105,Monitor,Noida,3.7,2,2,0,75.0,,4.0,1,5.0,REFURBISH_RESELL
A02106,Monitor,Bengaluru,5.3,2,3,0,68.0,,5.0,1,5.0,HARVEST_PARTS
A02107,Mobile,Chennai,3.1,3,2,0,77.0,71.0,2.0,1,0.2,REFURBISH_RESELL
A02108,Laptop,Bengaluru,3.7,2,3,0,85.0,55.0,2.0,1,2.2,REDEPLOY
A02109,Laptop,Mumbai,6.8,2,2,0,49.0,43.0,7.0,1,2.2,RECYCLE
A02110,Desktop,Mumbai,5.5,2,3,0,62.0,,5.0,1,8.0,HARVEST_PARTS
A02111,Desktop,Mumbai,3.8,1,4,1,53.0,,3.0,1,8.0,HARVEST_PARTS
A02112,Laptop,Hyderabad,4.5,2,3,0,65.0,44.0,4.0,1,2.2,HARVEST_PARTS
A02113,Monitor,Pune,3.7,2,1,0,75.0,,2.0,1,5.0,REDEPLOY
A02114,Laptop,Chennai,1.8,3,3,0,86.0,87.0,1.0,1,2.2,REDEPLOY
A02115,Mobile,Kolkata,0.8,1,3,0,96.0,91.0,1.0,1,0.2,REDEPLOY
A02116,Laptop,Mumbai,7.9,1,3,0,53.0,7.0,7.0,1,2.2,RECYCLE
A02117,Laptop,Bengaluru,2.5,1,2,1,60.0,81.0,1.0,1,2.2,HARVEST_PARTS
A02118,Laptop,Bengaluru,3.2,1,3,0,75.0,75.0,3.0,1,2.2,HARVEST_PARTS
A02119,Laptop,Gurugram,10.0,1,3,0,50.0,5.0,8.0,1,2.2,RECYCLE
A02120,Laptop,Bengaluru,2.2,2,4,0,83.0,82.0,2.0,1,2.2,REDEPLOY
A02121,Laptop,Bengaluru,3.6,3,4,0,81.0,74.0,4.0,1,2.2,REFURBISH_RESELL
A02122,Laptop,Mumbai,7.1,1,3,1,48.0,20.0,6.0,1,2.2,RECYCLE
A02123,Laptop,Noida,8.8,3,2,1,37.0,5.0,6.0,0,2.2,RECYCLE
A02124,Laptop,Mumbai,4.8,2,3,1,41.0,64.0,4.0,1,2.2,RECYCLE
A02125,Laptop,Hyderabad,6.8,1,3,0,58.0,46.0,7.0,1,2.2,HARVEST_PARTS
A02126,Laptop,Chennai,3.5,1,3,1,56.0,71.0,4.0,1,2.2,RECYCLE
A02127,Laptop,Noida,0.8,3,3,0,95.0,91.0,3.0,1,2.2,REDEPLOY
A02128,Laptop,Noida,6.5,2,2,0,43.0,43.0,6.0,1,2.2,RECYCLE
A02129,Laptop,Noida,3.8,1,3,0,72.0,67.0,3.0,1,2.2,REDEPLOY
A02130,Laptop,Noida,3.3,2,2,1,62.0,68.0,3.0,1,2.2,RECYCLE
A02131,Monitor,Gurugram,3.1,1,4,0,73.0,,3.0,0,5.0,HARVEST_PARTS
A02132,Mobile,Mumbai,5.3,2,2,0,70.0,43.0,5.0,1,0.2,RECYCLE
A02133,Mobile,Kolkata,5.3,1,4,0,62.0,62.0,5.0,1,0.2,REFURBISH_RESELL
A02134,Desktop,Pune,3.8,1,4,0,76.0,,4.0,1,8.0,REFURBISH_RESELL
A02135,Desktop,Mumbai,4.7,1,3,1,29.0,,3.0,1,8.0,RECYCLE
A02136,Laptop,Hyderabad,2.2,1,4,1,47.0,84.0,3.0,1,2.2,HARVEST_PARTS
A02137,Monitor,Noida,3.5,1,4,0,85.0,,3.0,1,5.0,REDEPLOY
A02138,Monitor,Bengaluru,2.2,2,4,0,88.0,,3.0,1,5.0,REDEPLOY
A02139,Server,Pune,2.2,2,3,1,60.0,,3.0,1,25.0,REFURBISH_RESELL
A02140,Network,Pune,4.5,2,4,0,73.0,,5.0,1,4.0,REFURBISH_RESELL
A02141,Laptop,Bengaluru,3.9,3,2,0,70.0,60.0,3.0,1,2.2,HARVEST_PARTS
A02142,Monitor,Chennai,3.1,2,3,0,77.0,,2.0,1,5.0,REDEPLOY
A02143,Server,Chennai,3.4,1,3,1,67.0,,4.0,1,25.0,HARVEST_PARTS
A02144,Laptop,Noida,4.7,1,3,0,80.0,50.0,5.0,1,2.2,HARVEST_PARTS
A02145,Mobile,Bengaluru,5.3,2,2,0,74.0,44.0,6.0,1,0.2,RECYCLE
A02146,Laptop,Bengaluru,4.9,2,2,0,69.0,61.0,4.0,1,2.2,HARVEST_PARTS
A02147,Mobile,Gurugram,1.5,3,4,0,90.0,85.0,2.0,1,0.2,REDEPLOY
A02148,Monitor,Gurugram,1.0,1,2,1,64.0,,1.0,1,5.0,REFURBISH_RESELL
A02149,Laptop,Gurugram,2.6,1,3,0,79.0,74.0,2.0,1,2.2,REDEPLOY
A02150,Monitor,Gurugram,1.0,2,1,1,65.0,,-0.0,1,5.0,REFURBISH_RESELL
A02151,Laptop,Hyderabad,7.5,3,3,0,42.0,22.0,6.0,1,2.2,RECYCLE
A02152,Monitor,Noida,3.3,1,4,0,70.0,,2.0,1,5.0,REDEPLOY
A02153,Monitor,Gurugram,1.9,1,2,0,86.0,,3.0,1,5.0,REFURBISH_RESELL
A02154,Monitor,Mumbai,3.3,3,4,0,77.0,,3.0,1,5.0,REDEPLOY
A02155,Network,Bengaluru,1.3,1,2,0,90.0,,1.0,1,4.0,REDEPLOY
A02156,Laptop,Bengaluru,1.9,2,3,0,88.0,82.0,3.0,1,2.2,REFURBISH_RESELL
A02157,Laptop,Chennai,3.2,3,4,0,73.0,77.0,4.0,1,2.2,REDEPLOY
A02158,Laptop,Hyderabad,2.9,1,4,0,79.0,73.0,3.0,1,2.2,REFURBISH_RESELL
A02159,Laptop,Chennai,3.2,1,4,0,73.0,67.0,3.0,1,2.2,REFURBISH_RESELL
A02160,Laptop,Bengaluru,4.8,3,4,0,69.0,45.0,4.0,1,2.2,HARVEST_PARTS
A02161,Laptop,Pune,6.0,1,3,0,69.0,48.0,6.0,1,2.2,HARVEST_PARTS
A02162,Laptop,Pune,4.1,1,2,0,66.0,61.0,4.0,1,2.2,HARVEST_PARTS
A02163,Laptop,Bengaluru,6.1,1,4,0,70.0,26.0,6.0,1,2.2,HARVEST_PARTS
A02164,Network,Gurugram,3.0,2,4,0,74.0,,3.0,1,4.0,REFURBISH_RESELL
A02165,Laptop,Bengaluru,6.5,1,2,0,44.0,33.0,6.0,1,2.2,HARVEST_PARTS
A02166,Network,Pune,4.1,2,4,0,76.0,,5.0,1,4.0,REDEPLOY
A02167,Laptop,Hyderabad,5.7,1,2,0,53.0,43.0,5.0,1,2.2,RECYCLE
A02168,Laptop,Mumbai,3.0,1,4,0,74.0,74.0,2.0,1,2.2,REDEPLOY
A02169,Desktop,Pune,4.0,1,2,0,76.0,,4.0,1,8.0,REFURBISH_RESELL
A02170,Laptop,Chennai,9.3,1,2,1,5.0,5.0,9.0,1,2.2,RECYCLE
A02171,Laptop,Pune,4.0,3,4,1,50.0,51.0,4.0,1,2.2,RECYCLE
A02172,Desktop,Bengaluru,5.9,1,3,0,67.0,,7.0,1,8.0,HARVEST_PARTS
A02173,Laptop,Gurugram,6.3,2,3,1,39.0,52.0,6.0,1,2.2,RECYCLE
A02174,Laptop,Bengaluru,5.1,1,4,0,56.0,58.0,3.0,1,2.2,REFURBISH_RESELL
A02175,Desktop,Chennai,5.6,1,3,0,60.0,,5.0,1,8.0,HARVEST_PARTS
A02176,Laptop,Mumbai,3.0,1,3,1,61.0,69.0,3.0,1,2.2,REFURBISH_RESELL
A02177,Server,Mumbai,2.5,2,2,1,50.0,,2.0,1,25.0,HARVEST_PARTS
A02178,Laptop,Noida,2.3,2,4,0,82.0,79.0,2.0,1,2.2,REDEPLOY
A02179,Mobile,Hyderabad,4.7,2,2,0,73.0,51.0,3.0,1,0.2,HARVEST_PARTS
A02180,Monitor,Mumbai,3.9,1,4,0,68.0,,4.0,1,5.0,REDEPLOY
A02181,Mobile,Kolkata,4.5,3,4,1,51.0,50.0,4.0,1,0.2,RECYCLE
A02182,Server,Noida,2.1,2,4,1,56.0,,1.0,1,25.0,REFURBISH_RESELL
A02183,Laptop,Kolkata,2.7,3,3,0,82.0,69.0,2.0,1,2.2,REFURBISH_RESELL
A02184,Desktop,Kolkata,5.9,1,4,0,71.0,,6.0,1,8.0,HARVEST_PARTS
A02185,Laptop,Chennai,4.2,1,4,0,82.0,68.0,4.0,1,2.2,REFURBISH_RESELL
A02186,Server,Bengaluru,4.1,2,3,0,69.0,,3.0,1,25.0,HARVEST_PARTS
A02187,Desktop,Bengaluru,3.5,1,1,0,76.0,,3.0,1,8.0,REFURBISH_RESELL
A02188,Laptop,Chennai,2.6,2,3,0,78.0,71.0,3.0,1,2.2,REFURBISH_RESELL
A02189,Mobile,Chennai,6.6,1,1,0,46.0,23.0,7.0,1,0.2,RECYCLE
A02190,Laptop,Bengaluru,7.1,2,4,0,58.0,23.0,7.0,1,2.2,HARVEST_PARTS
A02191,Desktop,Gurugram,4.0,1,2,0,64.0,,4.0,1,8.0,REFURBISH_RESELL
A02192,Monitor,Mumbai,1.4,1,4,0,88.0,,2.0,1,5.0,REDEPLOY
A02193,Laptop,Bengaluru,3.6,1,4,0,84.0,74.0,3.0,1,2.2,REDEPLOY
A02194,Desktop,Chennai,7.4,3,4,1,27.0,,6.0,1,8.0,RECYCLE
A02195,Server,Bengaluru,2.8,1,3,0,80.0,,3.0,1,25.0,REDEPLOY
A02196,Laptop,Bengaluru,3.1,2,4,1,74.0,71.0,3.0,1,2.2,HARVEST_PARTS
A02197,Desktop,Noida,5.7,1,2,1,50.0,,5.0,0,8.0,RECYCLE
A02198,Laptop,Hyderabad,3.1,1,2,0,79.0,60.0,3.0,1,2.2,REFURBISH_RESELL
A02199,Monitor,Mumbai,3.9,1,4,1,29.0,,5.0,1,5.0,HARVEST_PARTS
A02200,Laptop,Bengaluru,1.2,1,2,0,90.0,87.0,1.0,1,2.2,REDEPLOY
A02201,Mobile,Chennai,7.2,1,4,0,70.0,43.0,7.0,1,0.2,RECYCLE
A02202,Network,Mumbai,5.5,1,4,0,56.0,,4.0,1,4.0,REFURBISH_RESELL
A02203,Laptop,Hyderabad,6.4,2,4,1,56.0,36.0,7.0,1,2.2,RECYCLE
A02204,Laptop,Bengaluru,2.4,3,4,0,79.0,82.0,2.0,1,2.2,REDEPLOY
A02205,Desktop,Bengaluru,7.9,2,4,0,42.0,,7.0,1,8.0,RECYCLE
A02206,Monitor,Bengaluru,3.7,1,4,0,83.0,,3.0,1,5.0,REDEPLOY
A02207,Laptop,Gurugram,6.7,1,3,0,40.0,53.0,5.0,1,2.2,HARVEST_PARTS
A02208,Laptop,Pune,4.6,1,2,0,79.0,44.0,3.0,1,2.2,HARVEST_PARTS
A02209,Laptop,Gurugram,5.6,1,2,0,72.0,57.0,4.0,1,2.2,REFURBISH_RESELL
A02210,Mobile,Hyderabad,4.8,2,1,1,61.0,46.0,7.0,1,0.2,RECYCLE
A02211,Desktop,Bengaluru,3.1,1,4,0,82.0,,4.0,1,8.0,REFURBISH_RESELL
A02212,Network,Pune,1.6,1,4,0,92.0,,2.0,1,4.0,REDEPLOY
A02213,Desktop,Bengaluru,6.9,2,3,1,5.0,,7.0,1,8.0,RECYCLE
A02214,Mobile,Kolkata,0.9,1,3,0,94.0,89.0,2.0,1,0.2,REDEPLOY
A02215,Laptop,Chennai,5.9,1,4,1,21.0,50.0,5.0,0,2.2,RECYCLE
A02216,Laptop,Mumbai,6.9,3,2,0,62.0,19.0,5.0,1,2.2,RECYCLE
A02217,Mobile,Pune,1.9,1,1,0,90.0,77.0,3.0,0,0.2,HARVEST_PARTS
A02218,Mobile,Pune,3.2,2,3,0,79.0,69.0,3.0,1,0.2,REFURBISH_RESELL
A02219,Laptop,Bengaluru,1.8,1,1,0,86.0,77.0,2.0,1,2.2,REFURBISH_RESELL
A02220,Laptop,Chennai,2.8,3,4,0,80.0,70.0,3.0,1,2.2,REDEPLOY
A02221,Desktop,Hyderabad,6.3,2,3,0,60.0,,6.0,1,8.0,REFURBISH_RESELL
A02222,Laptop,Hyderabad,5.6,1,4,1,34.0,46.0,6.0,0,2.2,RECYCLE
A02223,Laptop,Chennai,5.2,3,3,1,44.0,55.0,5.0,1,2.2,RECYCLE
A02224,Network,Bengaluru,3.2,1,4,0,77.0,,3.0,1,4.0,REDEPLOY
A02225,Laptop,Kolkata,0.9,3,3,0,96.0,89.0,0.0,1,2.2,REDEPLOY
A02226,Monitor,Bengaluru,2.0,2,4,0,86.0,,4.0,1,5.0,REDEPLOY
A02227,Laptop,Pune,3.5,1,3,0,69.0,71.0,4.0,1,2.2,REFURBISH_RESELL
A02228,Laptop,Mumbai,2.2,1,2,1,60.0,84.0,3.0,1,2.2,HARVEST_PARTS
A02229,Monitor,Chennai,6.0,1,3,0,69.0,,7.0,1,5.0,HARVEST_PARTS
A02230,Laptop,Pune,8.1,2,3,1,30.0,13.0,7.0,1,2.2,RECYCLE
A02231,Monitor,Mumbai,4.6,2,1,0,65.0,,5.0,1,5.0,REFURBISH_RESELL
A02232,Laptop,Noida,1.9,1,2,0,88.0,79.0,2.0,1,2.2,REDEPLOY
A02233,Mobile,Chennai,7.0,2,1,0,67.0,33.0,6.0,1,0.2,RECYCLE
A02234,Monitor,Kolkata,4.1,3,4,0,69.0,,4.0,1,5.0,HARVEST_PARTS
A02235,Network,Mumbai,3.8,1,3,0,75.0,,3.0,1,4.0,HARVEST_PARTS
A02236,Laptop,Bengaluru,5.0,2,2,0,61.0,60.0,5.0,1,2.2,HARVEST_PARTS
A02237,Laptop,Gurugram,2.1,1,1,1,60.0,77.0,1.0,1,2.2,HARVEST_PARTS
A02238,Laptop,Kolkata,3.2,3,4,1,32.0,66.0,3.0,1,2.2,HARVEST_PARTS
A02239,Desktop,Bengaluru,3.7,3,1,0,82.0,,4.0,1,8.0,REFURBISH_RESELL
A02240,Laptop,Bengaluru,4.4,3,3,1,35.0,60.0,4.0,1,2.2,RECYCLE
A02241,Laptop,Pune,4.6,2,2,0,80.0,41.0,4.0,1,2.2,HARVEST_PARTS
A02242,Laptop,Bengaluru,5.0,1,3,1,51.0,64.0,4.0,1,2.2,RECYCLE
A02243,Laptop,Bengaluru,2.9,1,4,1,69.0,68.0,2.0,1,2.2,REFURBISH_RESELL
A02244,Laptop,Bengaluru,1.5,1,4,0,88.0,82.0,0.0,1,2.2,REDEPLOY
A02245,Laptop,Chennai,3.4,1,4,0,75.0,57.0,3.0,1,2.2,REDEPLOY
A02246,Laptop,Noida,3.7,2,3,0,76.0,58.0,4.0,1,2.2,REFURBISH_RESELL
A02247,Monitor,Kolkata,1.4,1,3,0,88.0,,0.0,0,5.0,HARVEST_PARTS
A02248,Laptop,Pune,2.8,2,3,0,86.0,79.0,2.0,1,2.2,REFURBISH_RESELL
A02249,Laptop,Bengaluru,4.2,2,3,0,76.0,54.0,4.0,1,2.2,HARVEST_PARTS
A02250,Desktop,Chennai,3.0,1,3,0,88.0,,3.0,1,8.0,REFURBISH_RESELL
A02251,Monitor,Hyderabad,4.1,2,4,0,75.0,,4.0,1,5.0,REFURBISH_RESELL
A02252,Laptop,Hyderabad,3.0,1,4,0,87.0,71.0,3.0,1,2.2,REDEPLOY
A02253,Desktop,Chennai,5.2,1,3,0,74.0,,5.0,1,8.0,REFURBISH_RESELL
A02254,Mobile,Noida,2.3,1,3,0,89.0,81.0,1.0,1,0.2,REDEPLOY
A02255,Desktop,Chennai,3.9,1,1,0,73.0,,4.0,1,8.0,REFURBISH_RESELL
A02256,Mobile,Mumbai,4.0,1,1,1,63.0,66.0,3.0,1,0.2,HARVEST_PARTS
A02257,Monitor,Noida,5.8,1,3,1,36.0,,6.0,1,5.0,RECYCLE
A02258,Laptop,Chennai,3.3,1,4,0,76.0,70.0,2.0,1,2.2,REDEPLOY
A02259,Laptop,Chennai,8.0,1,2,0,61.0,21.0,8.0,1,2.2,RECYCLE
A02260,Monitor,Chennai,7.9,1,4,0,59.0,,7.0,1,5.0,HARVEST_PARTS
A02261,Mobile,Hyderabad,2.4,2,3,0,84.0,72.0,3.0,1,0.2,REDEPLOY
A02262,Desktop,Kolkata,3.8,1,1,0,66.0,,4.0,1,8.0,HARVEST_PARTS
A02263,Laptop,Noida,2.0,1,2,0,84.0,84.0,3.0,0,2.2,HARVEST_PARTS
A02264,Desktop,Bengaluru,4.8,1,1,1,38.0,,5.0,1,8.0,RECYCLE
A02265,Laptop,Chennai,3.0,1,4,0,78.0,66.0,2.0,1,2.2,REDEPLOY
A02266,Monitor,Bengaluru,4.1,1,3,0,78.0,,4.0,1,5.0,REFURBISH_RESELL
A02267,Desktop,Bengaluru,3.4,1,2,0,76.0,,3.0,1,8.0,REFURBISH_RESELL
A02268,Monitor,Bengaluru,10.0,2,4,1,8.0,,10.0,1,5.0,RECYCLE
A02269,Network,Hyderabad,3.6,2,2,0,82.0,,3.0,1,4.0,HARVEST_PARTS
A02270,Monitor,Chennai,3.4,3,3,0,70.0,,4.0,1,5.0,REFURBISH_RESELL
A02271,Monitor,Pune,6.0,3,2,0,52.0,,6.0,1,5.0,HARVEST_PARTS
A02272,Monitor,Bengaluru,6.4,1,3,0,56.0,,5.0,1,5.0,REFURBISH_RESELL
A02273,Server,Hyderabad,4.4,1,4,0,72.0,,4.0,1,25.0,REDEPLOY
A02274,Network,Pune,6.5,1,1,0,50.0,,5.0,1,4.0,HARVEST_PARTS
A02275,Laptop,Kolkata,10.0,2,2,1,5.0,5.0,9.0,1,2.2,RECYCLE
A02276,Desktop,Chennai,3.3,2,3,0,83.0,,3.0,1,8.0,REFURBISH_RESELL
A02277,Laptop,Mumbai,2.1,1,1,0,91.0,82.0,2.0,1,2.2,REDEPLOY
A02278,Network,Mumbai,4.7,3,3,0,66.0,,4.0,1,4.0,HARVEST_PARTS
A02279,Monitor,Hyderabad,6.2,1,3,0,64.0,,7.0,1,5.0,HARVEST_PARTS
A02280,Laptop,Hyderabad,7.7,3,3,0,58.0,28.0,7.0,1,2.2,RECYCLE
A02281,Laptop,Pune,5.1,3,2,1,50.0,60.0,4.0,1,2.2,RECYCLE
A02282,Laptop,Hyderabad,3.9,1,3,1,51.0,60.0,4.0,1,2.2,RECYCLE
A02283,Monitor,Pune,2.6,1,3,1,77.0,,3.0,1,5.0,REFURBISH_RESELL
A02284,Laptop,Gurugram,6.9,1,1,1,26.0,25.0,5.0,1,2.2,RECYCLE
A02285,Laptop,Chennai,4.5,1,4,0,71.0,45.0,3.0,1,2.2,REFURBISH_RESELL
A02286,Network,Bengaluru,1.5,3,2,0,92.0,,3.0,1,4.0,REFURBISH_RESELL
A02287,Monitor,Pune,9.3,3,2,0,63.0,,8.0,1,5.0,RECYCLE
A02288,Laptop,Mumbai,2.1,1,4,0,89.0,80.0,2.0,1,2.2,REDEPLOY
A02289,Laptop,Bengaluru,6.3,1,2,1,59.0,28.0,7.0,1,2.2,RECYCLE
A02290,Mobile,Pune,4.3,2,2,0,82.0,49.0,4.0,1,0.2,REFURBISH_RESELL
A02291,Monitor,Bengaluru,1.6,2,3,0,89.0,,1.0,1,5.0,REDEPLOY
A02292,Monitor,Chennai,3.7,2,4,0,67.0,,3.0,1,5.0,REFURBISH_RESELL
A02293,Laptop,Pune,3.3,1,4,0,81.0,76.0,3.0,1,2.2,REFURBISH_RESELL
A02294,Laptop,Noida,1.8,1,4,0,85.0,81.0,2.0,1,2.2,REDEPLOY
A02295,Laptop,Bengaluru,4.8,1,3,1,52.0,52.0,4.0,1,2.2,RECYCLE
A02296,Monitor,Gurugram,5.9,1,3,0,57.0,,6.0,0,5.0,HARVEST_PARTS
A02297,Laptop,Bengaluru,3.8,1,3,0,76.0,54.0,3.0,1,2.2,HARVEST_PARTS
A02298,Laptop,Hyderabad,3.3,1,3,0,71.0,68.0,3.0,1,2.2,REFURBISH_RESELL
A02299,Monitor,Pune,5.0,1,3,0,64.0,,5.0,1,5.0,REFURBISH_RESELL
A02300,Mobile,Mumbai,0.7,2,2,0,95.0,93.0,3.0,1,0.2,REFURBISH_RESELL
A02301,Monitor,Noida,3.1,1,2,0,82.0,,3.0,1,5.0,REDEPLOY
A02302,Desktop,Noida,3.2,3,2,0,74.0,,1.0,1,8.0,REFURBISH_RESELL
A02303,Desktop,Gurugram,3.9,1,2,0,65.0,,3.0,0,8.0,HARVEST_PARTS
A02304,Laptop,Kolkata,1.7,2,4,0,91.0,87.0,1.0,1,2.2,REDEPLOY
A02305,Laptop,Bengaluru,1.3,1,1,0,94.0,87.0,1.0,1,2.2,REDEPLOY
A02306,Desktop,Chennai,2.3,2,2,0,80.0,,2.0,1,8.0,REFURBISH_RESELL
A02307,Laptop,Chennai,4.8,1,1,0,64.0,66.0,3.0,1,2.2,HARVEST_PARTS
A02308,Desktop,Chennai,3.2,1,3,0,86.0,,4.0,1,8.0,REFURBISH_RESELL
A02309,Network,Hyderabad,2.2,3,3,0,89.0,,2.0,1,4.0,REDEPLOY
A02310,Mobile,Pune,8.6,1,3,0,33.0,5.0,9.0,1,0.2,RECYCLE
A02311,Laptop,Hyderabad,3.3,2,3,0,72.0,71.0,2.0,1,2.2,REDEPLOY
A02312,Laptop,Kolkata,3.9,2,3,0,83.0,60.0,4.0,1,2.2,REFURBISH_RESELL
A02313,Laptop,Kolkata,6.9,1,3,0,68.0,14.0,7.0,1,2.2,RECYCLE
A02314,Laptop,Bengaluru,4.2,1,1,0,80.0,68.0,3.0,1,2.2,HARVEST_PARTS
A02315,Laptop,Pune,5.0,2,3,1,28.0,55.0,7.0,1,2.2,RECYCLE
A02316,Laptop,Bengaluru,2.5,3,3,0,78.0,80.0,3.0,1,2.2,REFURBISH_RESELL
A02317,Monitor,Hyderabad,4.0,1,3,1,38.0,,4.0,1,5.0,RECYCLE
A02318,Desktop,Hyderabad,8.1,2,4,0,51.0,,7.0,1,8.0,RECYCLE
A02319,Mobile,Chennai,4.7,2,4,0,68.0,49.0,4.0,1,0.2,REFURBISH_RESELL
A02320,Laptop,Bengaluru,4.4,2,2,1,57.0,46.0,2.0,1,2.2,RECYCLE
A02321,Laptop,Hyderabad,3.4,2,3,1,53.0,62.0,3.0,1,2.2,HARVEST_PARTS
A02322,Laptop,Chennai,1.9,1,4,0,86.0,80.0,3.0,1,2.2,REDEPLOY
A02323,Laptop,Chennai,6.5,1,3,0,52.0,41.0,5.0,1,2.2,HARVEST_PARTS
A02324,Laptop,Gurugram,3.7,3,4,1,32.0,58.0,3.0,1,2.2,HARVEST_PARTS
A02325,Mobile,Hyderabad,2.7,2,4,0,87.0,79.0,2.0,1,0.2,REDEPLOY
A02326,Laptop,Hyderabad,1.8,1,3,0,86.0,87.0,3.0,1,2.2,REDEPLOY
A02327,Laptop,Bengaluru,4.5,2,1,0,61.0,50.0,4.0,0,2.2,HARVEST_PARTS
A02328,Desktop,Kolkata,2.1,1,4,0,90.0,,1.0,1,8.0,REDEPLOY
A02329,Desktop,Gurugram,6.5,1,3,0,62.0,,6.0,1,8.0,HARVEST_PARTS
A02330,Desktop,Gurugram,2.8,1,3,1,63.0,,3.0,1,8.0,HARVEST_PARTS
A02331,Laptop,Noida,4.0,1,2,0,67.0,52.0,3.0,1,2.2,HARVEST_PARTS
A02332,Server,Hyderabad,4.7,1,3,0,67.0,,3.0,1,25.0,HARVEST_PARTS
A02333,Laptop,Gurugram,4.4,1,2,0,69.0,65.0,4.0,1,2.2,REFURBISH_RESELL
A02334,Laptop,Gurugram,5.9,2,2,0,59.0,37.0,5.0,1,2.2,RECYCLE
A02335,Monitor,Noida,2.9,3,4,0,82.0,,3.0,1,5.0,REDEPLOY
A02336,Network,Bengaluru,3.9,1,2,0,81.0,,3.0,1,4.0,REFURBISH_RESELL
A02337,Laptop,Hyderabad,5.1,1,4,0,78.0,42.0,5.0,1,2.2,HARVEST_PARTS
A02338,Desktop,Hyderabad,7.7,3,2,1,44.0,,7.0,1,8.0,RECYCLE
A02339,Laptop,Gurugram,5.7,1,3,0,49.0,48.0,6.0,1,2.2,HARVEST_PARTS
A02340,Laptop,Hyderabad,6.2,1,3,0,50.0,49.0,6.0,1,2.2,HARVEST_PARTS
A02341,Laptop,Bengaluru,3.3,1,3,0,83.0,74.0,1.0,1,2.2,REDEPLOY
A02342,Monitor,Bengaluru,4.7,3,3,0,75.0,,4.0,1,5.0,REFURBISH_RESELL
A02343,Laptop,Mumbai,7.2,1,4,1,34.0,49.0,7.0,1,2.2,RECYCLE
A02344,Monitor,Mumbai,3.8,3,3,0,72.0,,4.0,1,5.0,REFURBISH_RESELL
A02345,Laptop,Pune,4.7,3,3,0,80.0,50.0,5.0,1,2.2,HARVEST_PARTS
A02346,Network,Chennai,1.6,3,3,0,93.0,,2.0,1,4.0,REDEPLOY
A02347,Server,Hyderabad,5.4,2,3,1,26.0,,5.0,1,25.0,RECYCLE
A02348,Laptop,Mumbai,4.4,2,3,1,38.0,66.0,5.0,1,2.2,RECYCLE
A02349,Laptop,Hyderabad,5.2,3,2,0,65.0,33.0,6.0,1,2.2,HARVEST_PARTS
A02350,Laptop,Pune,3.4,1,3,0,81.0,59.0,4.0,1,2.2,REFURBISH_RESELL
A02351,Network,Kolkata,1.4,2,3,0,91.0,,2.0,1,4.0,REDEPLOY
A02352,Laptop,Pune,5.5,1,1,1,30.0,55.0,5.0,1,2.2,RECYCLE
A02353,Desktop,Hyderabad,2.7,1,4,0,86.0,,1.0,1,8.0,REDEPLOY
A02354,Laptop,Bengaluru,1.7,1,4,0,93.0,85.0,1.0,1,2.2,REDEPLOY
A02355,Monitor,Gurugram,4.2,3,1,0,73.0,,2.0,1,5.0,REFURBISH_RESELL
A02356,Desktop,Noida,8.2,1,2,1,5.0,,7.0,1,8.0,RECYCLE
A02357,Desktop,Pune,2.5,2,3,0,88.0,,2.0,1,8.0,REDEPLOY
A02358,Mobile,Chennai,2.8,2,4,0,84.0,75.0,1.0,1,0.2,REDEPLOY
A02359,Laptop,Noida,5.6,2,3,1,42.0,47.0,5.0,1,2.2,RECYCLE
A02360,Server,Hyderabad,3.5,1,2,0,72.0,,3.0,1,25.0,REFURBISH_RESELL
A02361,Laptop,Hyderabad,5.5,2,3,1,39.0,31.0,5.0,0,2.2,RECYCLE
A02362,Desktop,Hyderabad,3.4,2,2,0,78.0,,3.0,1,8.0,REFURBISH_RESELL
A02363,Network,Noida,3.2,3,4,1,58.0,,2.0,0,4.0,HARVEST_PARTS
A02364,Monitor,Hyderabad,2.6,3,3,1,58.0,,3.0,1,5.0,HARVEST_PARTS
A02365,Monitor,Gurugram,4.5,1,4,0,60.0,,4.0,1,5.0,REFURBISH_RESELL
A02366,Laptop,Chennai,2.6,1,3,0,80.0,79.0,3.0,1,2.2,REDEPLOY
A02367,Laptop,Bengaluru,3.1,2,2,0,87.0,76.0,2.0,1,2.2,REDEPLOY
A02368,Laptop,Noida,6.5,1,4,1,21.0,36.0,7.0,1,2.2,RECYCLE
A02369,Desktop,Pune,9.8,2,3,0,51.0,,9.0,1,8.0,RECYCLE
A02370,Desktop,Pune,4.8,2,3,0,77.0,,4.0,1,8.0,HARVEST_PARTS
A02371,Laptop,Mumbai,6.6,1,3,0,51.0,15.0,6.0,1,2.2,HARVEST_PARTS
A02372,Laptop,Mumbai,3.2,3,4,0,75.0,62.0,2.0,1,2.2,REFURBISH_RESELL
A02373,Laptop,Noida,3.5,1,3,0,77.0,58.0,3.0,1,2.2,REFURBISH_RESELL
A02374,Laptop,Chennai,4.3,3,1,0,73.0,67.0,4.0,1,2.2,HARVEST_PARTS
A02375,Laptop,Gurugram,2.7,1,4,0,84.0,74.0,2.0,1,2.2,REDEPLOY
A02376,Network,Pune,3.1,3,4,0,73.0,,2.0,1,4.0,REFURBISH_RESELL
A02377,Monitor,Kolkata,5.4,1,4,0,71.0,,5.0,1,5.0,REDEPLOY
A02378,Laptop,Noida,4.0,1,3,0,80.0,67.0,4.0,0,2.2,HARVEST_PARTS
A02379,Monitor,Hyderabad,3.6,1,4,0,69.0,,4.0,1,5.0,REFURBISH_RESELL
A02380,Server,Chennai,3.6,2,1,0,76.0,,4.0,0,25.0,HARVEST_PARTS
A02381,Laptop,Bengaluru,2.3,3,2,1,68.0,72.0,3.0,1,2.2,HARVEST_PARTS
A02382,Laptop,Pune,4.2,2,3,0,66.0,64.0,3.0,1,2.2,REFURBISH_RESELL
A02383,Laptop,Mumbai,2.7,2,4,0,81.0,77.0,3.0,1,2.2,REDEPLOY
A02384,Laptop,Mumbai,1.6,1,3,1,73.0,80.0,2.0,1,2.2,REFURBISH_RESELL
A02385,Monitor,Hyderabad,2.1,3,2,0,85.0,,2.0,1,5.0,REDEPLOY
A02386,Mobile,Hyderabad,3.6,1,3,0,70.0,73.0,2.0,1,0.2,REFURBISH_RESELL
A02387,Laptop,Bengaluru,5.2,2,2,0,60.0,51.0,4.0,1,2.2,RECYCLE
A02388,Monitor,Kolkata,5.8,1,2,0,57.0,,7.0,1,5.0,HARVEST_PARTS
A02389,Laptop,Noida,1.8,2,1,0,85.0,77.0,2.0,1,2.2,REFURBISH_RESELL
A02390,Desktop,Noida,4.9,1,3,0,74.0,,4.0,1,8.0,HARVEST_PARTS
A02391,Monitor,Hyderabad,8.4,1,2,0,63.0,,7.0,1,5.0,HARVEST_PARTS
A02392,Laptop,Gurugram,6.0,1,4,1,47.0,45.0,6.0,1,2.2,RECYCLE
A02393,Laptop,Gurugram,4.1,2,3,0,80.0,58.0,5.0,1,2.2,REDEPLOY
A02394,Desktop,Bengaluru,4.3,1,3,0,73.0,,4.0,1,8.0,REFURBISH_RESELL
A02395,Mobile,Mumbai,4.1,3,3,0,83.0,56.0,3.0,1,0.2,REFURBISH_RESELL
A02396,Laptop,Mumbai,3.0,2,4,1,56.0,76.0,2.0,1,2.2,REFURBISH_RESELL
A02397,Laptop,Bengaluru,6.1,3,3,1,18.0,22.0,5.0,1,2.2,RECYCLE
A02398,Laptop,Hyderabad,2.4,1,4,0,85.0,81.0,4.0,1,2.2,REDEPLOY
A02399,Desktop,Gurugram,4.3,2,3,0,71.0,,4.0,1,8.0,REFURBISH_RESELL
A02400,Desktop,Noida,1.6,1,4,0,86.0,,2.0,1,8.0,REDEPLOY
A02401,Monitor,Hyderabad,6.4,3,3,1,43.0,,6.0,1,5.0,RECYCLE
A02402,Monitor,Noida,4.2,1,3,0,75.0,,4.0,1,5.0,REDEPLOY
A02403,Network,Noida,1.8,1,4,0,84.0,,1.0,1,4.0,REDEPLOY
A02404,Server,Pune,7.4,1,3,0,65.0,,6.0,1,25.0,HARVEST_PARTS
A02405,Laptop,Bengaluru,3.7,1,3,0,69.0,65.0,2.0,1,2.2,REFURBISH_RESELL
A02406,Desktop,Mumbai,2.0,3,3,0,88.0,,2.0,1,8.0,REDEPLOY
A02407,Laptop,Pune,8.8,1,2,1,17.0,10.0,8.0,1,2.2,RECYCLE
A02408,Laptop,Chennai,3.4,2,2,0,72.0,63.0,3.0,1,2.2,REFURBISH_RESELL
A02409,Mobile,Bengaluru,2.6,1,3,0,77.0,69.0,2.0,1,0.2,REDEPLOY
A02410,Monitor,Hyderabad,4.4,1,3,0,82.0,,3.0,1,5.0,REFURBISH_RESELL
A02411,Mobile,Bengaluru,2.1,3,3,0,88.0,85.0,1.0,1,0.2,REDEPLOY
A02412,Laptop,Bengaluru,3.0,2,3,0,84.0,65.0,4.0,1,2.2,REFURBISH_RESELL
A02413,Desktop,Hyderabad,7.0,3,4,0,56.0,,7.0,1,8.0,RECYCLE
A02414,Desktop,Mumbai,9.0,1,4,0,57.0,,9.0,1,8.0,RECYCLE
A02415,Laptop,Noida,3.5,2,1,0,80.0,68.0,3.0,1,2.2,HARVEST_PARTS
A02416,Laptop,Bengaluru,4.8,2,4,0,66.0,40.0,4.0,1,2.2,HARVEST_PARTS
A02417,Desktop,Mumbai,7.1,2,3,0,43.0,,7.0,1,8.0,RECYCLE
A02418,Laptop,Noida,3.4,1,4,1,59.0,68.0,2.0,1,2.2,HARVEST_PARTS
A02419,Mobile,Kolkata,2.5,1,4,0,87.0,76.0,2.0,1,0.2,REDEPLOY
A02420,Laptop,Hyderabad,5.2,1,4,1,32.0,62.0,5.0,1,2.2,RECYCLE
A02421,Laptop,Chennai,1.9,2,3,0,90.0,82.0,1.0,1,2.2,REDEPLOY
A02422,Monitor,Bengaluru,2.4,2,3,0,79.0,,3.0,1,5.0,REDEPLOY
A02423,Laptop,Gurugram,1.7,2,2,0,87.0,80.0,2.0,1,2.2,REDEPLOY
A02424,Mobile,Kolkata,6.9,1,2,0,58.0,29.0,5.0,1,0.2,RECYCLE
A02425,Monitor,Mumbai,4.0,2,2,0,65.0,,3.0,1,5.0,REFURBISH_RESELL
A02426,Laptop,Bengaluru,5.3,1,3,0,78.0,49.0,4.0,1,2.2,HARVEST_PARTS
A02427,Monitor,Hyderabad,2.5,3,4,0,80.0,,3.0,1,5.0,REDEPLOY
A02428,Monitor,Bengaluru,4.7,1,2,1,25.0,,5.0,1,5.0,RECYCLE
A02429,Monitor,Bengaluru,4.8,2,3,0,79.0,,5.0,1,5.0,REFURBISH_RESELL
A02430,Server,Pune,8.8,1,2,0,52.0,,9.0,1,25.0,RECYCLE
A02431,Monitor,Mumbai,5.1,1,4,0,68.0,,5.0,1,5.0,REFURBISH_RESELL
A02432,Desktop,Hyderabad,5.8,1,3,0,70.0,,7.0,0,8.0,HARVEST_PARTS
A02433,Laptop,Gurugram,4.2,1,3,0,64.0,64.0,4.0,1,2.2,REFURBISH_RESELL
A02434,Monitor,Pune,0.8,1,4,0,96.0,,1.0,1,5.0,REDEPLOY
A02435,Mobile,Hyderabad,4.5,1,3,0,69.0,52.0,4.0,1,0.2,HARVEST_PARTS
A02436,Desktop,Hyderabad,3.6,1,2,0,76.0,,3.0,1,8.0,REFURBISH_RESELL
A02437,Monitor,Bengaluru,3.5,3,2,1,44.0,,3.0,1,5.0,RECYCLE
A02438,Laptop,Noida,3.1,1,2,0,85.0,76.0,4.0,1,2.2,REFURBISH_RESELL
A02439,Monitor,Hyderabad,3.5,1,2,0,77.0,,4.0,1,5.0,REDEPLOY
A02440,Mobile,Mumbai,2.8,2,2,0,76.0,67.0,3.0,1,0.2,REFURBISH_RESELL
A02441,Laptop,Chennai,5.6,2,2,0,72.0,43.0,6.0,1,2.2,RECYCLE
A02442,Laptop,Bengaluru,2.3,1,2,0,90.0,76.0,1.0,1,2.2,REDEPLOY
A02443,Desktop,Chennai,8.2,2,4,0,28.0,,8.0,1,8.0,RECYCLE
A02444,Desktop,Hyderabad,5.3,3,1,0,54.0,,6.0,1,8.0,RECYCLE
A02445,Desktop,Gurugram,6.3,1,3,0,57.0,,3.0,1,8.0,REFURBISH_RESELL
A02446,Laptop,Bengaluru,2.4,1,4,0,80.0,80.0,3.0,1,2.2,REDEPLOY
A02447,Laptop,Pune,3.0,1,3,0,73.0,71.0,3.0,1,2.2,REFURBISH_RESELL
A02448,Desktop,Pune,4.1,3,2,0,80.0,,4.0,1,8.0,HARVEST_PARTS
A02449,Desktop,Hyderabad,3.9,1,2,0,80.0,,4.0,1,8.0,HARVEST_PARTS
A02450,Monitor,Bengaluru,5.3,1,4,0,65.0,,4.0,1,5.0,REFURBISH_RESELL
A02451,Monitor,Pune,3.9,3,3,0,71.0,,5.0,1,5.0,HARVEST_PARTS
A02452,Monitor,Hyderabad,8.4,3,2,0,32.0,,8.0,1,5.0,RECYCLE
A02453,Monitor,Chennai,2.4,1,2,0,84.0,,3.0,0,5.0,HARVEST_PARTS
A02454,Monitor,Gurugram,2.1,1,4,0,91.0,,1.0,1,5.0,REDEPLOY
A02455,Desktop,Hyderabad,2.9,2,2,0,87.0,,2.0,1,8.0,REFURBISH_RESELL
A02456,Monitor,Pune,3.5,2,3,0,71.0,,1.0,1,5.0,REDEPLOY
A02457,Laptop,Bengaluru,6.5,1,4,0,56.0,51.0,6.0,1,2.2,HARVEST_PARTS
A02458,Laptop,Chennai,4.6,1,3,0,80.0,54.0,4.0,1,2.2,REFURBISH_RESELL
A02459,Desktop,Gurugram,0.9,3,3,0,93.0,,1.0,1,8.0,REDEPLOY
A02460,Network,Bengaluru,1.0,2,3,0,93.0,,1.0,1,4.0,REDEPLOY
A02461,Monitor,Chennai,3.7,1,1,0,77.0,,3.0,1,5.0,REFURBISH_RESELL
A02462,Laptop,Gurugram,3.1,3,1,0,74.0,78.0,2.0,1,2.2,REDEPLOY
A02463,Desktop,Pune,3.7,2,2,0,80.0,,3.0,1,8.0,REFURBISH_RESELL
A02464,Laptop,Chennai,3.5,3,3,0,73.0,63.0,3.0,1,2.2,REFURBISH_RESELL
A02465,Monitor,Gurugram,7.8,1,4,0,56.0,,6.0,1,5.0,HARVEST_PARTS
A02466,Server,Mumbai,6.0,1,3,1,44.0,,7.0,1,25.0,RECYCLE
A02467,Desktop,Kolkata,3.0,2,3,0,73.0,,2.0,0,8.0,HARVEST_PARTS
A02468,Desktop,Hyderabad,3.9,1,3,0,72.0,,3.0,1,8.0,HARVEST_PARTS
A02469,Laptop,Pune,3.4,1,1,1,55.0,57.0,4.0,1,2.2,HARVEST_PARTS
A02470,Laptop,Bengaluru,1.2,2,4,0,92.0,91.0,2.0,1,2.2,REDEPLOY
A02471,Network,Hyderabad,3.1,2,3,0,77.0,,4.0,1,4.0,REFURBISH_RESELL
A02472,Monitor,Noida,3.1,1,3,0,75.0,,4.0,1,5.0,REFURBISH_RESELL
A02473,Desktop,Noida,2.7,1,3,0,78.0,,1.0,1,8.0,REDEPLOY
A02474,Laptop,Mumbai,3.0,2,4,0,77.0,64.0,3.0,1,2.2,REFURBISH_RESELL
A02475,Laptop,Hyderabad,3.4,2,3,0,81.0,69.0,4.0,1,2.2,REFURBISH_RESELL
A02476,Laptop,Mumbai,4.8,1,4,1,49.0,41.0,5.0,1,2.2,RECYCLE
A02477,Laptop,Chennai,2.9,1,3,0,83.0,75.0,1.0,1,2.2,REDEPLOY
A02478,Laptop,Pune,7.0,1,1,0,54.0,37.0,6.0,1,2.2,RECYCLE
A02479,Mobile,Pune,2.4,2,3,0,81.0,69.0,2.0,1,0.2,REFURBISH_RESELL
A02480,Desktop,Bengaluru,6.4,2,4,0,58.0,,6.0,1,8.0,HARVEST_PARTS
A02481,Laptop,Hyderabad,4.5,2,2,0,74.0,60.0,4.0,1,2.2,REFURBISH_RESELL
A02482,Laptop,Bengaluru,2.0,2,4,1,51.0,77.0,2.0,1,2.2,HARVEST_PARTS
A02483,Laptop,Bengaluru,3.3,1,4,0,86.0,61.0,3.0,1,2.2,REDEPLOY
A02484,Server,Chennai,8.0,1,1,1,20.0,,8.0,1,25.0,RECYCLE
A02485,Laptop,Gurugram,2.4,1,2,0,84.0,71.0,2.0,1,2.2,REDEPLOY
A02486,Monitor,Hyderabad,8.1,1,3,1,11.0,,8.0,1,5.0,RECYCLE
A02487,Server,Noida,4.9,1,3,1,44.0,,3.0,1,25.0,RECYCLE
A02488,Laptop,Pune,4.5,1,3,1,57.0,45.0,3.0,1,2.2,RECYCLE
A02489,Monitor,Bengaluru,4.8,3,2,0,67.0,,5.0,1,5.0,HARVEST_PARTS
A02490,Mobile,Chennai,3.3,2,3,0,76.0,74.0,3.0,1,0.2,REDEPLOY
A02491,Laptop,Noida,0.4,3,3,0,96.0,95.0,-0.0,1,2.2,REDEPLOY
A02492,Laptop,Chennai,2.5,2,4,1,46.0,74.0,1.0,1,2.2,HARVEST_PARTS
A02493,Mobile,Chennai,4.0,2,4,0,80.0,49.0,2.0,1,0.2,REFURBISH_RESELL
A02494,Network,Mumbai,4.6,1,4,1,54.0,,5.0,1,4.0,HARVEST_PARTS
A02495,Desktop,Mumbai,5.0,1,3,1,66.0,,6.0,1,8.0,RECYCLE
A02496,Desktop,Bengaluru,4.9,2,3,0,80.0,,3.0,1,8.0,REFURBISH_RESELL
A02497,Laptop,Mumbai,5.5,1,3,0,55.0,36.0,5.0,1,2.2,HARVEST_PARTS
A02498,Server,Noida,9.5,1,4,1,19.0,,8.0,1,25.0,RECYCLE
A02499,Desktop,Bengaluru,4.4,2,3,0,77.0,,4.0,1,8.0,REFURBISH_RESELL
A02500,Laptop,Bengaluru,6.8,1,4,0,56.0,15.0,6.0,1,2.2,HARVEST_PARTS
A02501,Monitor,Hyderabad,5.1,1,2,0,74.0,,3.0,1,5.0,REFURBISH_RESELL
A02502,Mobile,Gurugram,10.0,3,2,0,58.0,5.0,9.0,1,0.2,RECYCLE
A02503,Server,Noida,4.1,2,3,1,52.0,,5.0,1,25.0,HARVEST_PARTS
A02504,Laptop,Hyderabad,3.9,1,1,1,58.0,63.0,4.0,1,2.2,RECYCLE
A02505,Laptop,Bengaluru,6.6,1,3,0,73.0,24.0,6.0,1,2.2,RECYCLE
A02506,Mobile,Noida,6.6,3,3,0,49.0,47.0,6.0,1,0.2,RECYCLE
A02507,Mobile,Noida,3.4,3,3,0,70.0,69.0,3.0,1,0.2,REFURBISH_RESELL
A02508,Desktop,Mumbai,5.0,1,4,1,59.0,,5.0,1,8.0,HARVEST_PARTS
A02509,Monitor,Chennai,5.5,1,4,0,65.0,,6.0,1,5.0,REFURBISH_RESELL
A02510,Desktop,Mumbai,5.4,2,3,0,73.0,,5.0,1,8.0,HARVEST_PARTS
A02511,Laptop,Bengaluru,4.8,1,4,0,80.0,57.0,3.0,1,2.2,REFURBISH_RESELL
A02512,Laptop,Chennai,1.5,1,2,0,91.0,87.0,2.0,0,2.2,HARVEST_PARTS
A02513,Laptop,Chennai,5.4,1,4,1,41.0,50.0,5.0,1,2.2,RECYCLE
A02514,Laptop,Noida,5.5,1,3,0,69.0,52.0,5.0,1,2.2,HARVEST_PARTS
A02515,Server,Mumbai,4.9,2,3,0,78.0,,5.0,1,25.0,REFURBISH_RESELL
A02516,Laptop,Gurugram,3.3,1,4,0,77.0,68.0,3.0,1,2.2,REFURBISH_RESELL
A02517,Laptop,Noida,7.6,2,4,0,38.0,15.0,8.0,1,2.2,RECYCLE
A02518,Desktop,Bengaluru,2.4,1,3,0,86.0,,3.0,1,8.0,REFURBISH_RESELL
A02519,Laptop,Hyderabad,6.7,1,4,0,58.0,30.0,7.0,1,2.2,HARVEST_PARTS
A02520,Laptop,Pune,2.4,3,4,0,88.0,72.0,3.0,1,2.2,REFURBISH_RESELL
A02521,Desktop,Mumbai,6.3,1,4,0,44.0,,6.0,1,8.0,RECYCLE
A02522,Laptop,Mumbai,2.5,1,3,0,78.0,72.0,2.0,1,2.2,REDEPLOY
A02523,Monitor,Gurugram,6.1,1,2,0,51.0,,5.0,1,5.0,HARVEST_PARTS
A02524,Mobile,Hyderabad,8.4,3,2,1,26.0,26.0,9.0,1,0.2,RECYCLE
A02525,Laptop,Gurugram,8.4,2,3,1,31.0,11.0,8.0,1,2.2,RECYCLE
A02526,Mobile,Noida,7.5,1,2,0,63.0,5.0,6.0,1,0.2,RECYCLE
A02527,Mobile,Noida,4.1,1,1,0,81.0,59.0,4.0,1,0.2,HARVEST_PARTS
A02528,Server,Hyderabad,3.0,2,3,1,45.0,,4.0,1,25.0,RECYCLE
A02529,Monitor,Gurugram,0.9,2,1,0,95.0,,1.0,1,5.0,REDEPLOY
A02530,Monitor,Chennai,3.8,1,2,0,67.0,,4.0,1,5.0,REFURBISH_RESELL
A02531,Monitor,Noida,6.4,1,4,0,51.0,,7.0,1,5.0,HARVEST_PARTS
A02532,Monitor,Chennai,5.4,2,3,1,43.0,,5.0,1,5.0,RECYCLE
A02533,Laptop,Mumbai,10.0,1,1,0,57.0,20.0,9.0,1,2.2,RECYCLE
A02534,Mobile,Pune,3.1,2,4,0,73.0,72.0,4.0,1,0.2,REDEPLOY
A02535,Desktop,Gurugram,8.7,1,4,1,5.0,,8.0,0,8.0,RECYCLE
A02536,Monitor,Hyderabad,3.9,2,4,1,72.0,,4.0,1,5.0,HARVEST_PARTS
A02537,Laptop,Gurugram,2.4,2,4,0,80.0,77.0,2.0,1,2.2,REDEPLOY
A02538,Laptop,Chennai,4.7,3,4,0,70.0,56.0,4.0,1,2.2,REFURBISH_RESELL
A02539,Desktop,Noida,5.3,2,3,0,59.0,,4.0,1,8.0,RECYCLE
A02540,Desktop,Bengaluru,7.2,1,2,0,50.0,,6.0,1,8.0,RECYCLE
A02541,Laptop,Pune,3.1,2,4,1,43.0,75.0,5.0,1,2.2,HARVEST_PARTS
A02542,Laptop,Gurugram,4.7,2,2,0,74.0,63.0,4.0,1,2.2,HARVEST_PARTS
A02543,Laptop,Pune,4.1,1,1,0,73.0,69.0,4.0,1,2.2,HARVEST_PARTS
A02544,Desktop,Pune,3.4,1,3,0,83.0,,3.0,1,8.0,REDEPLOY
A02545,Laptop,Pune,8.2,1,1,0,51.0,6.0,9.0,1,2.2,RECYCLE
A02546,Mobile,Gurugram,5.4,2,3,0,76.0,43.0,5.0,1,0.2,RECYCLE
A02547,Laptop,Pune,1.2,1,4,0,91.0,86.0,1.0,1,2.2,REDEPLOY
A02548,Laptop,Bengaluru,4.7,1,4,0,80.0,50.0,3.0,1,2.2,HARVEST_PARTS
A02549,Laptop,Pune,1.7,2,3,0,91.0,79.0,1.0,1,2.2,REDEPLOY
A02550,Desktop,Mumbai,4.5,3,1,1,64.0,,5.0,1,8.0,RECYCLE
A02551,Desktop,Pune,1.9,1,4,0,86.0,,-0.0,1,8.0,REDEPLOY
A02552,Monitor,Chennai,5.4,1,3,0,66.0,,4.0,1,5.0,HARVEST_PARTS
A02553,Mobile,Bengaluru,1.7,3,2,0,90.0,88.0,0.0,1,0.2,REDEPLOY
A02554,Laptop,Pune,2.5,3,1,1,55.0,80.0,0.0,1,2.2,HARVEST_PARTS
A02555,Monitor,Mumbai,5.9,1,1,0,72.0,,6.0,1,5.0,HARVEST_PARTS
A02556,Laptop,Gurugram,4.1,1,4,0,65.0,71.0,3.0,1,2.2,REFURBISH_RESELL
A02557,Laptop,Pune,2.0,1,4,0,89.0,76.0,2.0,1,2.2,REDEPLOY
A02558,Desktop,Kolkata,8.0,1,4,0,41.0,,8.0,1,8.0,HARVEST_PARTS
A02559,Laptop,Chennai,3.3,1,4,1,52.0,65.0,3.0,1,2.2,HARVEST_PARTS
A02560,Monitor,Pune,3.6,2,2,1,49.0,,3.0,1,5.0,HARVEST_PARTS
A02561,Monitor,Pune,3.8,2,3,0,72.0,,3.0,1,5.0,REDEPLOY
A02562,Monitor,Mumbai,5.6,2,1,1,55.0,,5.0,1,5.0,RECYCLE
A02563,Desktop,Gurugram,3.5,3,3,0,69.0,,3.0,1,8.0,REFURBISH_RESELL
A02564,Monitor,Kolkata,3.8,2,3,0,78.0,,2.0,1,5.0,REDEPLOY
A02565,Laptop,Bengaluru,6.9,1,4,0,62.0,23.0,6.0,1,2.2,HARVEST_PARTS
A02566,Laptop,Pune,6.5,1,3,0,64.0,21.0,7.0,1,2.2,RECYCLE
A02567,Laptop,Mumbai,3.7,2,2,0,67.0,55.0,4.0,1,2.2,HARVEST_PARTS
A02568,Monitor,Mumbai,3.8,2,2,0,79.0,,4.0,1,5.0,REFURBISH_RESELL
A02569,Mobile,Hyderabad,0.9,1,2,0,92.0,91.0,0.0,1,0.2,REDEPLOY
A02570,Laptop,Hyderabad,4.5,1,2,0,62.0,48.0,5.0,1,2.2,HARVEST_PARTS
A02571,Desktop,Mumbai,6.0,2,4,0,50.0,,4.0,1,8.0,HARVEST_PARTS
A02572,Monitor,Gurugram,3.4,1,4,0,84.0,,3.0,1,5.0,REDEPLOY
A02573,Server,Gurugram,7.4,2,3,0,46.0,,7.0,1,25.0,HARVEST_PARTS
A02574,Desktop,Pune,1.6,1,3,0,91.0,,3.0,1,8.0,REDEPLOY
A02575,Monitor,Hyderabad,2.6,2,4,0,83.0,,2.0,1,5.0,REDEPLOY
A02576,Monitor,Hyderabad,7.2,1,4,0,66.0,,7.0,1,5.0,HARVEST_PARTS
A02577,Network,Mumbai,5.9,1,1,1,31.0,,4.0,1,4.0,RECYCLE
A02578,Laptop,Hyderabad,1.5,2,2,0,92.0,87.0,2.0,1,2.2,REDEPLOY
A02579,Mobile,Hyderabad,1.7,1,3,0,86.0,80.0,2.0,1,0.2,REDEPLOY
A02580,Laptop,Bengaluru,5.4,1,3,0,77.0,54.0,5.0,1,2.2,HARVEST_PARTS
A02581,Server,Mumbai,4.9,1,4,0,61.0,,4.0,1,25.0,REDEPLOY
A02582,Laptop,Chennai,3.6,1,4,0,71.0,60.0,4.0,1,2.2,REFURBISH_RESELL
A02583,Laptop,Gurugram,7.3,1,3,1,25.0,31.0,6.0,1,2.2,RECYCLE
A02584,Laptop,Bengaluru,2.9,1,4,0,80.0,79.0,3.0,1,2.2,REDEPLOY
A02585,Laptop,Bengaluru,1.2,1,1,0,93.0,85.0,0.0,1,2.2,REDEPLOY
A02586,Laptop,Chennai,5.6,2,4,0,72.0,42.0,5.0,1,2.2,REFURBISH_RESELL
A02587,Laptop,Gurugram,6.2,3,3,1,24.0,34.0,5.0,1,2.2,RECYCLE
A02588,Desktop,Mumbai,3.0,1,2,0,77.0,,1.0,1,8.0,REFURBISH_RESELL
A02589,Laptop,Pune,2.2,3,4,1,68.0,80.0,2.0,1,2.2,REFURBISH_RESELL
A02590,Monitor,Bengaluru,1.2,3,3,0,90.0,,2.0,1,5.0,REDEPLOY
A02591,Network,Bengaluru,4.0,2,3,0,70.0,,4.0,1,4.0,REFURBISH_RESELL
A02592,Monitor,Gurugram,4.8,2,4,0,72.0,,5.0,1,5.0,REFURBISH_RESELL
A02593,Laptop,Hyderabad,6.4,1,4,0,43.0,30.0,5.0,1,2.2,RECYCLE
A02594,Laptop,Gurugram,4.9,1,2,0,57.0,49.0,6.0,1,2.2,RECYCLE
A02595,Mobile,Pune,3.1,3,3,0,81.0,60.0,4.0,1,0.2,REFURBISH_RESELL
A02596,Laptop,Noida,4.5,3,4,0,60.0,49.0,3.0,1,2.2,HARVEST_PARTS
A02597,Laptop,Mumbai,6.5,1,3,1,26.0,21.0,5.0,0,2.2,RECYCLE
A02598,Mobile,Hyderabad,4.7,1,2,1,47.0,66.0,3.0,1,0.2,RECYCLE
A02599,Mobile,Bengaluru,6.1,1,2,0,51.0,55.0,4.0,1,0.2,HARVEST_PARTS
A02600,Laptop,Chennai,2.3,1,1,0,89.0,82.0,2.0,1,2.2,REFURBISH_RESELL
A02601,Monitor,Pune,5.5,3,2,0,71.0,,3.0,1,5.0,REFURBISH_RESELL
A02602,Desktop,Chennai,4.9,1,4,0,77.0,,5.0,1,8.0,HARVEST_PARTS
A02603,Monitor,Mumbai,3.4,2,4,0,84.0,,2.0,1,5.0,REDEPLOY
A02604,Laptop,Pune,6.6,2,3,1,10.0,19.0,6.0,1,2.2,RECYCLE
A02605,Laptop,Pune,9.5,1,3,0,52.0,21.0,9.0,1,2.2,RECYCLE
A02606,Monitor,Bengaluru,1.8,2,3,0,89.0,,0.0,1,5.0,REDEPLOY
A02607,Laptop,Bengaluru,1.5,1,3,0,91.0,89.0,1.0,1,2.2,REDEPLOY
A02608,Monitor,Hyderabad,3.5,1,4,0,85.0,,3.0,1,5.0,REDEPLOY
A02609,Laptop,Kolkata,3.9,1,1,0,68.0,61.0,4.0,1,2.2,HARVEST_PARTS
A02610,Network,Mumbai,4.0,1,3,0,67.0,,4.0,1,4.0,REFURBISH_RESELL
A02611,Server,Gurugram,2.9,2,2,0,88.0,,4.0,1,25.0,REFURBISH_RESELL
A02612,Desktop,Mumbai,1.7,1,3,0,88.0,,2.0,1,8.0,REDEPLOY
A02613,Monitor,Hyderabad,3.6,2,2,0,75.0,,2.0,1,5.0,REFURBISH_RESELL
A02614,Laptop,Mumbai,3.9,2,1,0,72.0,64.0,2.0,1,2.2,REFURBISH_RESELL
A02615,Desktop,Bengaluru,3.5,3,4,1,67.0,,2.0,1,8.0,HARVEST_PARTS
A02616,Laptop,Bengaluru,4.0,2,3,0,81.0,71.0,3.0,1,2.2,REFURBISH_RESELL
A02617,Network,Mumbai,4.5,2,2,0,80.0,,4.0,1,4.0,REFURBISH_RESELL
A02618,Server,Hyderabad,3.7,1,2,0,72.0,,5.0,1,25.0,REFURBISH_RESELL
A02619,Mobile,Noida,2.9,1,3,0,81.0,70.0,2.0,1,0.2,REDEPLOY
A02620,Network,Bengaluru,4.0,2,4,1,45.0,,4.0,1,4.0,HARVEST_PARTS
A02621,Mobile,Pune,4.7,2,3,1,56.0,65.0,4.0,1,0.2,RECYCLE
A02622,Laptop,Noida,4.1,2,3,0,70.0,52.0,4.0,1,2.2,HARVEST_PARTS
A02623,Mobile,Hyderabad,9.8,1,4,1,7.0,5.0,9.0,1,0.2,RECYCLE
A02624,Desktop,Bengaluru,4.8,1,3,0,76.0,,4.0,1,8.0,REFURBISH_RESELL
A02625,Laptop,Noida,4.1,1,3,0,69.0,51.0,4.0,1,2.2,HARVEST_PARTS
A02626,Desktop,Bengaluru,2.7,1,4,0,85.0,,4.0,1,8.0,REDEPLOY
A02627,Laptop,Kolkata,2.7,2,4,0,89.0,65.0,2.0,1,2.2,REDEPLOY
A02628,Laptop,Hyderabad,3.5,1,2,1,61.0,62.0,4.0,1,2.2,HARVEST_PARTS
A02629,Laptop,Bengaluru,3.5,1,4,0,73.0,55.0,3.0,1,2.2,REDEPLOY
A02630,Laptop,Pune,3.5,1,4,0,73.0,64.0,4.0,1,2.2,REDEPLOY
A02631,Desktop,Hyderabad,4.9,2,2,0,71.0,,4.0,1,8.0,HARVEST_PARTS
A02632,Network,Bengaluru,6.5,1,4,0,49.0,,6.0,1,4.0,HARVEST_PARTS
A02633,Monitor,Bengaluru,5.6,1,4,0,69.0,,6.0,1,5.0,REFURBISH_RESELL
A02634,Desktop,Mumbai,5.3,2,1,0,71.0,,5.0,1,8.0,HARVEST_PARTS
A02635,Laptop,Chennai,2.6,2,3,0,85.0,74.0,4.0,1,2.2,REDEPLOY
A02636,Desktop,Kolkata,6.9,1,4,1,34.0,,8.0,1,8.0,RECYCLE
A02637,Laptop,Noida,2.7,1,4,0,86.0,67.0,1.0,1,2.2,REDEPLOY
A02638,Server,Gurugram,4.6,1,4,0,80.0,,3.0,1,25.0,REDEPLOY
A02639,Laptop,Bengaluru,5.1,2,2,0,73.0,55.0,3.0,1,2.2,HARVEST_PARTS
A02640,Monitor,Bengaluru,7.0,1,3,0,56.0,,8.0,1,5.0,HARVEST_PARTS
A02641,Monitor,Mumbai,8.9,2,4,0,50.0,,8.0,1,5.0,RECYCLE
A02642,Desktop,Mumbai,3.4,1,1,0,74.0,,3.0,1,8.0,REFURBISH_RESELL
A02643,Network,Gurugram,4.4,2,2,0,81.0,,4.0,0,4.0,HARVEST_PARTS
A02644,Laptop,Gurugram,6.7,2,2,0,51.0,23.0,6.0,1,2.2,RECYCLE
A02645,Network,Chennai,9.3,2,3,0,48.0,,9.0,1,4.0,RECYCLE
A02646,Monitor,Bengaluru,3.6,1,1,1,56.0,,3.0,1,5.0,HARVEST_PARTS
A02647,Monitor,Bengaluru,2.6,1,3,0,87.0,,3.0,1,5.0,REDEPLOY
A02648,Monitor,Mumbai,2.0,1,4,0,90.0,,1.0,1,5.0,REDEPLOY
A02649,Server,Bengaluru,1.5,1,4,0,88.0,,1.0,1,25.0,REDEPLOY
A02650,Mobile,Gurugram,2.9,1,4,0,84.0,62.0,3.0,1,0.2,REDEPLOY
A02651,Laptop,Kolkata,6.1,1,2,0,51.0,47.0,6.0,1,2.2,RECYCLE
A02652,Server,Bengaluru,6.3,2,3,0,66.0,,6.0,1,25.0,HARVEST_PARTS
A02653,Monitor,Bengaluru,4.8,2,4,1,44.0,,4.0,1,5.0,HARVEST_PARTS
A02654,Desktop,Noida,3.5,2,4,0,86.0,,3.0,0,8.0,HARVEST_PARTS
A02655,Mobile,Noida,4.9,1,2,0,71.0,57.0,6.0,1,0.2,REFURBISH_RESELL
A02656,Laptop,Bengaluru,4.2,2,3,0,65.0,66.0,3.0,1,2.2,REFURBISH_RESELL
A02657,Desktop,Bengaluru,3.6,2,2,0,75.0,,4.0,1,8.0,REFURBISH_RESELL
A02658,Laptop,Bengaluru,4.7,2,1,0,65.0,49.0,3.0,1,2.2,HARVEST_PARTS
A02659,Laptop,Bengaluru,3.4,1,2,0,79.0,74.0,3.0,1,2.2,REFURBISH_RESELL
A02660,Server,Hyderabad,4.7,3,4,0,75.0,,5.0,1,25.0,REFURBISH_RESELL
A02661,Laptop,Noida,5.1,1,3,0,63.0,41.0,4.0,1,2.2,REFURBISH_RESELL
A02662,Laptop,Hyderabad,5.7,1,3,0,61.0,46.0,6.0,1,2.2,HARVEST_PARTS
A02663,Laptop,Bengaluru,1.7,1,2,0,93.0,84.0,1.0,1,2.2,REDEPLOY
A02664,Desktop,Hyderabad,7.0,1,4,1,27.0,,4.0,1,8.0,RECYCLE
A02665,Server,Chennai,3.9,3,2,1,57.0,,4.0,1,25.0,RECYCLE
A02666,Network,Mumbai,9.0,2,3,0,47.0,,7.0,1,4.0,RECYCLE
A02667,Laptop,Gurugram,6.1,3,3,0,65.0,43.0,5.0,0,2.2,HARVEST_PARTS
A02668,Desktop,Pune,2.7,3,4,1,45.0,,1.0,0,8.0,HARVEST_PARTS
A02669,Desktop,Hyderabad,5.3,2,4,1,38.0,,4.0,1,8.0,RECYCLE
A02670,Monitor,Chennai,6.7,2,2,0,64.0,,7.0,1,5.0,HARVEST_PARTS
A02671,Laptop,Chennai,3.7,3,4,1,48.0,71.0,5.0,1,2.2,HARVEST_PARTS
A02672,Laptop,Noida,2.6,1,3,0,77.0,68.0,2.0,1,2.2,REFURBISH_RESELL
A02673,Desktop,Bengaluru,2.3,1,3,0,89.0,,2.0,1,8.0,REDEPLOY
A02674,Desktop,Mumbai,1.9,1,3,0,89.0,,2.0,1,8.0,REDEPLOY
A02675,Desktop,Pune,1.3,2,3,0,95.0,,0.0,1,8.0,REDEPLOY
A02676,Desktop,Gurugram,4.0,2,3,0,74.0,,4.0,1,8.0,REFURBISH_RESELL
A02677,Server,Chennai,2.4,1,3,0,87.0,,3.0,1,25.0,REDEPLOY
A02678,Monitor,Mumbai,3.0,2,4,0,76.0,,2.0,1,5.0,REDEPLOY
A02679,Laptop,Mumbai,9.1,2,3,0,22.0,9.0,9.0,1,2.2,RECYCLE
A02680,Server,Chennai,5.1,1,3,0,77.0,,4.0,1,25.0,REFURBISH_RESELL
A02681,Network,Mumbai,2.6,2,2,0,78.0,,2.0,1,4.0,REFURBISH_RESELL
A02682,Laptop,Bengaluru,10.0,3,4,0,49.0,5.0,10.0,1,2.2,RECYCLE
A02683,Desktop,Pune,4.7,1,3,0,74.0,,6.0,1,8.0,HARVEST_PARTS
A02684,Laptop,Mumbai,0.7,1,4,0,94.0,93.0,-0.0,1,2.2,REDEPLOY
A02685,Monitor,Bengaluru,10.0,2,4,0,42.0,,10.0,1,5.0,RECYCLE
A02686,Laptop,Mumbai,8.1,1,3,0,67.0,12.0,6.0,1,2.2,RECYCLE
A02687,Monitor,Bengaluru,4.8,1,1,1,50.0,,5.0,1,5.0,RECYCLE
A02688,Laptop,Bengaluru,3.9,3,3,0,78.0,50.0,3.0,1,2.2,HARVEST_PARTS
A02689,Desktop,Kolkata,6.1,1,4,0,49.0,,6.0,1,8.0,HARVEST_PARTS
A02690,Mobile,Hyderabad,4.6,1,1,0,80.0,53.0,4.0,1,0.2,REFURBISH_RESELL
A02691,Laptop,Noida,3.3,3,2,0,84.0,73.0,3.0,1,2.2,REFURBISH_RESELL
A02692,Network,Gurugram,3.2,2,3,0,72.0,,3.0,1,4.0,REFURBISH_RESELL
A02693,Mobile,Gurugram,6.5,1,2,0,61.0,36.0,8.0,1,0.2,RECYCLE
A02694,Network,Pune,2.6,1,3,0,78.0,,2.0,1,4.0,REDEPLOY
A02695,Laptop,Gurugram,6.5,1,2,0,62.0,50.0,5.0,1,2.2,HARVEST_PARTS
A02696,Server,Gurugram,4.2,1,4,1,33.0,,5.0,1,25.0,HARVEST_PARTS
A02697,Laptop,Bengaluru,1.7,3,3,0,85.0,79.0,1.0,1,2.2,REDEPLOY
A02698,Laptop,Hyderabad,6.7,1,2,0,41.0,53.0,7.0,1,2.2,RECYCLE
A02699,Network,Pune,2.7,1,1,0,87.0,,2.0,1,4.0,REDEPLOY
A02700,Monitor,Noida,2.8,2,3,1,43.0,,2.0,1,5.0,RECYCLE
A02701,Desktop,Hyderabad,3.8,3,4,0,77.0,,4.0,1,8.0,REFURBISH_RESELL
A02702,Laptop,Pune,4.0,2,1,1,67.0,56.0,4.0,1,2.2,RECYCLE
A02703,Server,Pune,4.8,1,3,1,56.0,,4.0,1,25.0,RECYCLE
A02704,Monitor,Chennai,6.6,1,3,0,57.0,,6.0,1,5.0,HARVEST_PARTS
A02705,Desktop,Mumbai,6.5,3,4,0,71.0,,6.0,1,8.0,HARVEST_PARTS
A02706,Network,Chennai,3.1,2,2,0,73.0,,2.0,1,4.0,REFURBISH_RESELL
A02707,Laptop,Hyderabad,3.2,2,3,0,83.0,68.0,4.0,0,2.2,HARVEST_PARTS
A02708,Laptop,Mumbai,6.2,1,1,0,62.0,56.0,4.0,1,2.2,HARVEST_PARTS
A02709,Monitor,Hyderabad,2.4,2,3,0,82.0,,1.0,1,5.0,REDEPLOY
A02710,Mobile,Pune,4.2,3,4,1,50.0,62.0,4.0,1,0.2,RECYCLE
A02711,Laptop,Noida,7.8,1,2,0,54.0,37.0,8.0,1,2.2,RECYCLE
A02712,Laptop,Mumbai,3.4,1,4,0,76.0,73.0,3.0,1,2.2,REFURBISH_RESELL
A02713,Laptop,Pune,1.9,1,4,0,91.0,80.0,2.0,1,2.2,REDEPLOY
A02714,Network,Chennai,2.7,2,1,0,83.0,,2.0,1,4.0,REFURBISH_RESELL
A02715,Laptop,Pune,2.7,1,1,0,76.0,72.0,1.0,1,2.2,REFURBISH_RESELL
A02716,Desktop,Gurugram,2.5,1,2,0,80.0,,2.0,1,8.0,REDEPLOY
A02717,Mobile,Gurugram,3.7,2,4,0,79.0,66.0,2.0,1,0.2,REFURBISH_RESELL
A02718,Laptop,Gurugram,10.0,2,2,1,5.0,5.0,9.0,1,2.2,RECYCLE
A02719,Desktop,Mumbai,5.3,1,3,0,56.0,,5.0,1,8.0,HARVEST_PARTS
A02720,Desktop,Hyderabad,3.8,3,3,0,80.0,,4.0,1,8.0,REFURBISH_RESELL
A02721,Server,Gurugram,4.0,1,3,0,65.0,,3.0,1,25.0,REDEPLOY
A02722,Laptop,Bengaluru,2.9,1,3,0,81.0,65.0,3.0,1,2.2,REDEPLOY
A02723,Laptop,Noida,4.0,2,3,1,34.0,49.0,4.0,1,2.2,RECYCLE
A02724,Laptop,Noida,7.6,2,3,0,49.0,7.0,8.0,1,2.2,RECYCLE
A02725,Monitor,Pune,4.3,2,4,0,81.0,,3.0,1,5.0,REFURBISH_RESELL
A02726,Monitor,Hyderabad,6.4,2,2,1,38.0,,5.0,1,5.0,RECYCLE
A02727,Laptop,Bengaluru,6.0,2,2,0,61.0,50.0,5.0,1,2.2,HARVEST_PARTS
A02728,Laptop,Noida,10.0,2,3,1,43.0,5.0,9.0,1,2.2,RECYCLE
A02729,Network,Bengaluru,6.0,3,1,0,53.0,,5.0,1,4.0,RECYCLE
A02730,Laptop,Pune,9.9,3,2,0,45.0,26.0,9.0,1,2.2,RECYCLE
A02731,Laptop,Mumbai,6.7,1,2,1,53.0,18.0,6.0,1,2.2,RECYCLE
A02732,Desktop,Pune,4.8,2,2,0,65.0,,5.0,1,8.0,HARVEST_PARTS
A02733,Laptop,Noida,2.8,1,3,1,46.0,75.0,3.0,1,2.2,HARVEST_PARTS
A02734,Laptop,Bengaluru,6.4,2,2,0,70.0,54.0,6.0,1,2.2,HARVEST_PARTS
A02735,Desktop,Hyderabad,6.7,1,4,0,67.0,,8.0,1,8.0,HARVEST_PARTS
A02736,Laptop,Gurugram,6.8,1,1,0,48.0,48.0,5.0,1,2.2,RECYCLE
A02737,Desktop,Hyderabad,0.8,3,3,0,96.0,,0.0,1,8.0,REDEPLOY
A02738,Monitor,Hyderabad,3.3,2,2,1,55.0,,2.0,1,5.0,HARVEST_PARTS
A02739,Desktop,Noida,5.2,1,3,0,53.0,,4.0,1,8.0,REFURBISH_RESELL
A02740,Laptop,Bengaluru,3.5,1,4,1,69.0,72.0,3.0,1,2.2,HARVEST_PARTS
A02741,Server,Bengaluru,3.2,1,4,0,73.0,,3.0,1,25.0,REDEPLOY
A02742,Laptop,Bengaluru,2.9,2,4,1,59.0,66.0,3.0,1,2.2,HARVEST_PARTS
A02743,Monitor,Mumbai,1.8,1,3,0,84.0,,4.0,1,5.0,REDEPLOY
A02744,Laptop,Bengaluru,5.1,2,4,0,69.0,49.0,3.0,1,2.2,HARVEST_PARTS
A02745,Monitor,Noida,3.1,2,1,0,76.0,,3.0,1,5.0,REDEPLOY
A02746,Laptop,Hyderabad,3.4,2,2,0,70.0,71.0,4.0,1,2.2,REFURBISH_RESELL
A02747,Laptop,Mumbai,3.8,1,3,0,79.0,67.0,1.0,1,2.2,REDEPLOY
A02748,Desktop,Mumbai,5.5,2,2,1,47.0,,6.0,1,8.0,RECYCLE
A02749,Laptop,Mumbai,4.7,2,3,0,71.0,66.0,5.0,1,2.2,REFURBISH_RESELL
A02750,Laptop,Noida,4.6,1,1,1,54.0,49.0,4.0,1,2.2,RECYCLE
A02751,Monitor,Noida,1.2,1,2,0,92.0,,1.0,1,5.0,REDEPLOY
A02752,Server,Chennai,6.5,2,2,0,47.0,,5.0,1,25.0,HARVEST_PARTS
A02753,Laptop,Bengaluru,8.7,1,4,0,54.0,37.0,8.0,1,2.2,RECYCLE
A02754,Network,Bengaluru,4.6,1,2,1,56.0,,4.0,1,4.0,RECYCLE
A02755,Monitor,Gurugram,2.4,1,2,0,88.0,,3.0,1,5.0,REDEPLOY
A02756,Network,Chennai,3.2,1,4,0,84.0,,2.0,1,4.0,REDEPLOY
A02757,Monitor,Noida,2.4,2,4,0,86.0,,3.0,1,5.0,REDEPLOY
A02758,Monitor,Bengaluru,8.2,3,2,1,34.0,,7.0,1,5.0,RECYCLE
A02759,Desktop,Chennai,3.4,2,1,0,82.0,,5.0,1,8.0,HARVEST_PARTS
A02760,Monitor,Pune,4.7,1,3,0,78.0,,3.0,1,5.0,REDEPLOY
A02761,Mobile,Bengaluru,3.8,1,4,1,40.0,58.0,5.0,1,0.2,HARVEST_PARTS
A02762,Laptop,Pune,5.4,1,3,0,59.0,37.0,4.0,1,2.2,HARVEST_PARTS
A02763,Laptop,Bengaluru,2.7,2,4,0,77.0,69.0,1.0,1,2.2,REDEPLOY
A02764,Laptop,Bengaluru,4.6,2,2,1,64.0,55.0,4.0,1,2.2,HARVEST_PARTS
A02765,Mobile,Chennai,3.4,3,4,0,75.0,74.0,2.0,1,0.2,REDEPLOY
A02766,Laptop,Mumbai,6.9,1,3,0,54.0,45.0,6.0,1,2.2,HARVEST_PARTS
A02767,Monitor,Chennai,1.2,1,3,0,90.0,,2.0,0,5.0,HARVEST_PARTS
A02768,Server,Chennai,3.6,2,2,0,73.0,,3.0,1,25.0,REFURBISH_RESELL
A02769,Mobile,Kolkata,6.6,1,1,0,68.0,36.0,5.0,1,0.2,RECYCLE
A02770,Laptop,Bengaluru,6.2,1,3,0,67.0,30.0,6.0,1,2.2,HARVEST_PARTS
A02771,Monitor,Hyderabad,1.8,1,4,0,87.0,,1.0,1,5.0,REDEPLOY
A02772,Network,Chennai,5.9,1,4,1,29.0,,4.0,1,4.0,RECYCLE
A02773,Laptop,Gurugram,2.6,1,3,0,89.0,80.0,3.0,1,2.2,REFURBISH_RESELL
A02774,Monitor,Bengaluru,3.0,1,4,0,78.0,,3.0,1,5.0,REDEPLOY
A02775,Laptop,Hyderabad,6.4,2,3,1,37.0,47.0,6.0,1,2.2,RECYCLE
A02776,Monitor,Mumbai,3.5,3,3,0,69.0,,2.0,1,5.0,REFURBISH_RESELL
A02777,Desktop,Mumbai,1.8,1,3,0,84.0,,2.0,1,8.0,REDEPLOY
A02778,Laptop,Noida,2.3,1,4,0,81.0,78.0,3.0,1,2.2,REDEPLOY
A02779,Laptop,Kolkata,4.3,2,1,0,64.0,55.0,2.0,1,2.2,HARVEST_PARTS
A02780,Laptop,Mumbai,3.5,3,2,0,69.0,72.0,5.0,1,2.2,HARVEST_PARTS
A02781,Laptop,Bengaluru,3.4,2,3,1,66.0,63.0,2.0,1,2.2,HARVEST_PARTS
A02782,Monitor,Mumbai,5.3,1,3,1,44.0,,4.0,1,5.0,RECYCLE
A02783,Laptop,Noida,4.9,3,3,0,77.0,37.0,4.0,1,2.2,HARVEST_PARTS
A02784,Laptop,Mumbai,3.6,2,3,1,52.0,58.0,2.0,1,2.2,RECYCLE
A02785,Monitor,Hyderabad,6.3,1,2,1,48.0,,5.0,1,5.0,RECYCLE
A02786,Monitor,Hyderabad,5.3,1,3,0,60.0,,4.0,1,5.0,REFURBISH_RESELL
A02787,Desktop,Bengaluru,4.7,3,4,0,79.0,,4.0,1,8.0,HARVEST_PARTS
A02788,Mobile,Mumbai,3.2,3,1,0,73.0,64.0,2.0,1,0.2,REFURBISH_RESELL
A02789,Laptop,Chennai,6.8,1,3,1,27.0,35.0,7.0,1,2.2,RECYCLE
A02790,Server,Bengaluru,3.4,2,4,0,70.0,,3.0,1,25.0,REDEPLOY
A02791,Laptop,Bengaluru,3.6,1,4,0,85.0,70.0,4.0,1,2.2,HARVEST_PARTS
A02792,Monitor,Pune,8.3,2,3,1,9.0,,7.0,0,5.0,RECYCLE
A02793,Mobile,Hyderabad,2.7,1,3,0,85.0,71.0,3.0,1,0.2,REDEPLOY
A02794,Server,Kolkata,2.6,1,1,1,73.0,,2.0,1,25.0,HARVEST_PARTS
A02795,Desktop,Pune,3.6,1,4,0,72.0,,4.0,1,8.0,REDEPLOY
A02796,Monitor,Mumbai,2.4,1,3,1,52.0,,1.0,1,5.0,REFURBISH_RESELL
A02797,Laptop,Noida,2.4,3,4,0,80.0,81.0,3.0,1,2.2,REDEPLOY
A02798,Monitor,Chennai,8.2,3,3,0,31.0,,8.0,1,5.0,RECYCLE
A02799,Monitor,Gurugram,3.6,1,2,0,76.0,,3.0,1,5.0,REFURBISH_RESELL
A02800,Mobile,Pune,4.8,1,4,0,71.0,59.0,5.0,1,0.2,REFURBISH_RESELL
A02801,Desktop,Pune,1.9,1,1,0,84.0,,1.0,1,8.0,REDEPLOY
A02802,Laptop,Noida,2.5,1,4,0,81.0,80.0,2.0,1,2.2,REDEPLOY
A02803,Desktop,Pune,8.8,1,2,1,52.0,,9.0,1,8.0,RECYCLE
A02804,Laptop,Bengaluru,2.4,1,3,0,85.0,79.0,2.0,0,2.2,HARVEST_PARTS
A02805,Laptop,Bengaluru,4.9,1,3,0,70.0,65.0,4.0,1,2.2,HARVEST_PARTS
A02806,Laptop,Kolkata,0.8,3,2,0,93.0,90.0,-0.0,1,2.2,REDEPLOY
A02807,Monitor,Gurugram,1.9,2,3,0,84.0,,1.0,1,5.0,REDEPLOY
A02808,Laptop,Mumbai,3.6,1,2,0,76.0,74.0,4.0,1,2.2,REFURBISH_RESELL
A02809,Laptop,Chennai,6.2,2,3,0,72.0,21.0,6.0,1,2.2,HARVEST_PARTS
A02810,Laptop,Hyderabad,4.1,1,2,0,71.0,49.0,3.0,1,2.2,HARVEST_PARTS
A02811,Network,Gurugram,3.7,2,4,1,61.0,,3.0,1,4.0,HARVEST_PARTS
A02812,Monitor,Noida,5.5,1,3,1,45.0,,4.0,1,5.0,RECYCLE
A02813,Laptop,Bengaluru,4.5,1,2,0,60.0,57.0,4.0,1,2.2,REFURBISH_RESELL
A02814,Laptop,Bengaluru,1.6,1,3,0,86.0,83.0,2.0,1,2.2,REDEPLOY
A02815,Desktop,Kolkata,4.0,3,2,0,76.0,,3.0,1,8.0,REFURBISH_RESELL
A02816,Laptop,Kolkata,3.2,2,1,0,72.0,60.0,2.0,1,2.2,REFURBISH_RESELL
A02817,Desktop,Gurugram,3.7,2,4,0,81.0,,2.0,1,8.0,REDEPLOY
A02818,Laptop,Bengaluru,3.2,2,2,0,84.0,77.0,4.0,1,2.2,REFURBISH_RESELL
A02819,Mobile,Gurugram,4.0,2,2,0,71.0,52.0,3.0,1,0.2,HARVEST_PARTS
A02820,Laptop,Bengaluru,5.0,3,4,0,67.0,45.0,5.0,1,2.2,RECYCLE
A02821,Monitor,Chennai,2.1,1,4,0,84.0,,1.0,1,5.0,REDEPLOY
A02822,Laptop,Bengaluru,2.9,1,4,0,87.0,76.0,2.0,1,2.2,REDEPLOY
A02823,Mobile,Bengaluru,5.5,2,2,0,65.0,43.0,4.0,1,0.2,HARVEST_PARTS
A02824,Mobile,Gurugram,5.8,3,1,1,28.0,35.0,6.0,1,0.2,RECYCLE
A02825,Monitor,Mumbai,7.7,2,1,1,14.0,,8.0,1,5.0,RECYCLE
A02826,Desktop,Hyderabad,4.2,3,3,0,77.0,,4.0,1,8.0,REFURBISH_RESELL
A02827,Laptop,Pune,2.8,2,3,0,82.0,79.0,2.0,1,2.2,REFURBISH_RESELL
A02828,Server,Mumbai,2.9,1,4,0,80.0,,3.0,1,25.0,REDEPLOY
A02829,Monitor,Bengaluru,4.1,3,1,0,72.0,,3.0,1,5.0,HARVEST_PARTS
A02830,Laptop,Bengaluru,2.5,2,1,0,83.0,79.0,2.0,1,2.2,REDEPLOY
A02831,Desktop,Chennai,7.4,1,3,0,54.0,,7.0,1,8.0,HARVEST_PARTS
A02832,Desktop,Noida,3.2,2,4,0,82.0,,3.0,1,8.0,REFURBISH_RESELL
A02833,Server,Pune,6.9,1,1,0,70.0,,6.0,1,25.0,HARVEST_PARTS
A02834,Monitor,Noida,2.4,2,2,0,90.0,,1.0,1,5.0,REDEPLOY
A02835,Monitor,Hyderabad,3.7,1,1,0,75.0,,3.0,1,5.0,REFURBISH_RESELL
A02836,Monitor,Noida,3.4,1,3,0,72.0,,2.0,1,5.0,REDEPLOY
A02837,Laptop,Pune,1.9,2,3,0,85.0,79.0,1.0,1,2.2,REDEPLOY
A02838,Laptop,Pune,3.5,1,3,1,47.0,68.0,4.0,0,2.2,HARVEST_PARTS
A02839,Laptop,Bengaluru,4.5,1,3,0,68.0,62.0,3.0,1,2.2,REFURBISH_RESELL
A02840,Monitor,Mumbai,1.2,1,1,0,89.0,,1.0,1,5.0,REDEPLOY
A02841,Laptop,Kolkata,5.2,2,4,0,54.0,36.0,5.0,1,2.2,HARVEST_PARTS
A02842,Laptop,Hyderabad,4.7,1,3,0,58.0,43.0,4.0,1,2.2,HARVEST_PARTS
A02843,Laptop,Chennai,4.0,1,1,1,71.0,60.0,6.0,1,2.2,RECYCLE
A02844,Laptop,Noida,5.7,1,4,0,59.0,52.0,6.0,1,2.2,HARVEST_PARTS
A02845,Desktop,Chennai,5.8,1,3,0,55.0,,5.0,1,8.0,HARVEST_PARTS
A02846,Laptop,Mumbai,10.0,2,2,1,38.0,15.0,8.0,0,2.2,RECYCLE
A02847,Laptop,Kolkata,1.9,2,3,0,89.0,81.0,3.0,1,2.2,REDEPLOY
A02848,Monitor,Bengaluru,7.9,2,3,0,62.0,,7.0,1,5.0,RECYCLE
A02849,Laptop,Bengaluru,6.3,1,2,0,63.0,33.0,5.0,1,2.2,HARVEST_PARTS
A02850,Laptop,Mumbai,4.7,2,4,0,71.0,49.0,3.0,1,2.2,HARVEST_PARTS
A02851,Laptop,Hyderabad,2.4,1,2,1,68.0,73.0,1.0,1,2.2,REFURBISH_RESELL
A02852,Server,Chennai,3.3,2,1,0,79.0,,3.0,1,25.0,REDEPLOY
A02853,Laptop,Bengaluru,3.1,1,4,0,85.0,73.0,2.0,1,2.2,REDEPLOY
A02854,Monitor,Hyderabad,3.8,2,4,0,67.0,,4.0,1,5.0,REDEPLOY
A02855,Mobile,Gurugram,5.6,3,4,0,73.0,41.0,7.0,1,0.2,RECYCLE
A02856,Monitor,Noida,7.2,3,2,0,53.0,,7.0,1,5.0,HARVEST_PARTS
A02857,Laptop,Hyderabad,9.0,3,3,1,9.0,7.0,9.0,1,2.2,RECYCLE
A02858,Monitor,Bengaluru,3.3,1,3,0,80.0,,3.0,1,5.0,REFURBISH_RESELL
A02859,Desktop,Mumbai,4.4,1,2,0,74.0,,4.0,1,8.0,HARVEST_PARTS
A02860,Laptop,Hyderabad,2.6,1,3,0,77.0,81.0,0.0,1,2.2,REDEPLOY
A02861,Desktop,Gurugram,6.5,1,3,0,52.0,,7.0,1,8.0,RECYCLE
A02862,Laptop,Bengaluru,4.9,2,2,0,79.0,58.0,4.0,1,2.2,REFURBISH_RESELL
A02863,Laptop,Hyderabad,3.6,2,3,0,71.0,56.0,4.0,1,2.2,REFURBISH_RESELL
A02864,Laptop,Mumbai,1.8,3,2,0,88.0,85.0,-0.0,1,2.2,REDEPLOY
A02865,Laptop,Bengaluru,4.4,3,3,0,80.0,66.0,3.0,1,2.2,REFURBISH_RESELL
A02866,Laptop,Hyderabad,4.6,1,3,1,45.0,65.0,4.0,1,2.2,RECYCLE
A02867,Desktop,Chennai,1.5,3,4,0,93.0,,1.0,1,8.0,REDEPLOY
A02868,Mobile,Pune,2.1,3,2,0,86.0,77.0,1.0,1,0.2,REFURBISH_RESELL
A02869,Laptop,Hyderabad,4.4,2,3,1,63.0,59.0,4.0,1,2.2,RECYCLE
A02870,Monitor,Bengaluru,8.6,1,2,0,63.0,,8.0,0,5.0,RECYCLE
A02871,Desktop,Gurugram,6.8,1,3,1,17.0,,5.0,1,8.0,RECYCLE
A02872,Laptop,Gurugram,3.7,1,2,0,81.0,53.0,4.0,1,2.2,HARVEST_PARTS
A02873,Laptop,Bengaluru,3.4,1,4,0,73.0,73.0,4.0,1,2.2,REDEPLOY
A02874,Laptop,Bengaluru,2.8,1,2,0,76.0,71.0,3.0,1,2.2,REFURBISH_RESELL
A02875,Laptop,Pune,2.7,1,3,0,86.0,72.0,2.0,1,2.2,REDEPLOY
A02876,Laptop,Hyderabad,3.5,1,4,0,81.0,67.0,3.0,1,2.2,REDEPLOY
A02877,Laptop,Noida,9.8,2,3,0,59.0,5.0,9.0,1,2.2,RECYCLE
A02878,Desktop,Gurugram,3.4,1,4,0,78.0,,3.0,1,8.0,REFURBISH_RESELL
A02879,Laptop,Pune,4.0,3,4,0,67.0,69.0,5.0,1,2.2,REFURBISH_RESELL
A02880,Laptop,Gurugram,2.2,1,3,0,90.0,81.0,4.0,1,2.2,REDEPLOY
A02881,Laptop,Hyderabad,5.3,1,1,0,74.0,32.0,4.0,1,2.2,HARVEST_PARTS
A02882,Desktop,Noida,4.0,1,2,1,57.0,,4.0,1,8.0,RECYCLE
A02883,Laptop,Hyderabad,3.3,2,1,1,41.0,71.0,3.0,1,2.2,RECYCLE
A02884,Desktop,Noida,2.4,1,4,1,67.0,,1.0,1,8.0,HARVEST_PARTS
A02885,Laptop,Pune,2.7,2,4,1,62.0,71.0,3.0,1,2.2,HARVEST_PARTS
A02886,Laptop,Hyderabad,3.2,1,4,0,86.0,71.0,3.0,1,2.2,REDEPLOY
A02887,Mobile,Gurugram,3.3,1,2,0,87.0,72.0,4.0,1,0.2,REFURBISH_RESELL
A02888,Laptop,Bengaluru,2.4,1,1,0,85.0,77.0,3.0,1,2.2,HARVEST_PARTS
A02889,Laptop,Noida,3.8,1,3,0,83.0,67.0,4.0,1,2.2,REDEPLOY
A02890,Laptop,Mumbai,4.5,3,3,0,75.0,60.0,5.0,1,2.2,REFURBISH_RESELL
A02891,Mobile,Mumbai,5.7,2,4,0,52.0,51.0,4.0,1,0.2,RECYCLE
A02892,Monitor,Hyderabad,8.4,1,3,0,64.0,,8.0,1,5.0,RECYCLE
A02893,Monitor,Noida,1.5,2,1,0,88.0,,2.0,1,5.0,REFURBISH_RESELL
A02894,Mobile,Hyderabad,4.8,2,3,0,72.0,50.0,5.0,1,0.2,HARVEST_PARTS
A02895,Laptop,Bengaluru,3.5,1,3,1,61.0,58.0,3.0,1,2.2,HARVEST_PARTS
A02896,Mobile,Noida,1.3,3,3,0,88.0,86.0,2.0,1,0.2,REDEPLOY
A02897,Laptop,Noida,2.9,1,3,0,80.0,70.0,2.0,1,2.2,REDEPLOY
A02898,Monitor,Gurugram,1.6,1,3,0,93.0,,3.0,1,5.0,REDEPLOY
A02899,Laptop,Bengaluru,5.4,2,2,1,25.0,37.0,6.0,1,2.2,RECYCLE
A02900,Laptop,Bengaluru,5.1,3,3,0,65.0,59.0,5.0,1,2.2,HARVEST_PARTS
A02901,Mobile,Gurugram,4.3,1,4,0,66.0,55.0,4.0,1,0.2,REFURBISH_RESELL
A02902,Laptop,Pune,2.8,1,3,0,87.0,78.0,3.0,1,2.2,REDEPLOY
A02903,Mobile,Gurugram,7.3,2,4,0,61.0,49.0,7.0,1,0.2,RECYCLE
A02904,Laptop,Mumbai,2.3,2,4,0,80.0,78.0,2.0,1,2.2,REDEPLOY
A02905,Monitor,Pune,3.3,1,4,0,80.0,,4.0,1,5.0,REDEPLOY
A02906,Mobile,Mumbai,3.6,3,2,1,58.0,55.0,5.0,1,0.2,HARVEST_PARTS
A02907,Laptop,Mumbai,3.9,1,4,1,45.0,52.0,4.0,1,2.2,RECYCLE
A02908,Mobile,Noida,10.0,2,1,0,34.0,5.0,9.0,1,0.2,RECYCLE
A02909,Desktop,Hyderabad,8.1,3,3,0,37.0,,7.0,1,8.0,RECYCLE
A02910,Monitor,Bengaluru,5.0,1,3,1,35.0,,5.0,1,5.0,RECYCLE
A02911,Laptop,Bengaluru,4.0,1,2,0,66.0,66.0,5.0,1,2.2,REFURBISH_RESELL
A02912,Desktop,Gurugram,4.0,1,4,0,83.0,,4.0,1,8.0,REDEPLOY
A02913,Monitor,Chennai,5.6,2,1,0,64.0,,4.0,1,5.0,REFURBISH_RESELL
A02914,Desktop,Bengaluru,6.7,1,3,1,28.0,,5.0,1,8.0,RECYCLE
A02915,Laptop,Gurugram,2.2,2,4,0,84.0,75.0,1.0,1,2.2,REDEPLOY
A02916,Laptop,Gurugram,8.4,1,1,1,27.0,39.0,8.0,1,2.2,RECYCLE
A02917,Network,Pune,4.9,1,4,0,57.0,,3.0,1,4.0,HARVEST_PARTS
A02918,Laptop,Pune,3.1,1,4,1,50.0,61.0,4.0,1,2.2,HARVEST_PARTS
A02919,Monitor,Bengaluru,3.8,1,2,1,52.0,,5.0,1,5.0,HARVEST_PARTS
A02920,Mobile,Noida,5.0,1,3,0,57.0,40.0,5.0,1,0.2,HARVEST_PARTS
A02921,Laptop,Pune,5.1,3,2,0,62.0,34.0,3.0,1,2.2,HARVEST_PARTS
A02922,Laptop,Noida,2.4,2,4,0,86.0,82.0,1.0,1,2.2,REDEPLOY
A02923,Monitor,Gurugram,3.9,1,1,0,65.0,,3.0,1,5.0,REFURBISH_RESELL
A02924,Laptop,Chennai,4.4,3,3,0,66.0,56.0,4.0,1,2.2,HARVEST_PARTS
A02925,Desktop,Hyderabad,6.7,1,4,0,40.0,,5.0,1,8.0,HARVEST_PARTS
A02926,Monitor,Chennai,7.1,3,1,0,51.0,,6.0,1,5.0,RECYCLE
A02927,Desktop,Bengaluru,2.1,1,2,0,92.0,,2.0,1,8.0,REDEPLOY
A02928,Laptop,Hyderabad,4.1,1,2,0,64.0,63.0,3.0,1,2.2,REFURBISH_RESELL
A02929,Monitor,Gurugram,3.0,3,3,1,54.0,,2.0,1,5.0,HARVEST_PARTS
A02930,Desktop,Bengaluru,5.0,1,2,0,66.0,,5.0,1,8.0,HARVEST_PARTS
A02931,Laptop,Mumbai,10.0,3,4,0,52.0,5.0,7.0,1,2.2,RECYCLE
A02932,Desktop,Hyderabad,6.4,2,3,1,7.0,,4.0,1,8.0,RECYCLE
A02933,Network,Hyderabad,5.2,1,3,1,42.0,,4.0,1,4.0,RECYCLE
A02934,Monitor,Hyderabad,5.9,1,3,0,76.0,,5.0,1,5.0,REFURBISH_RESELL
A02935,Desktop,Mumbai,7.8,1,4,0,50.0,,7.0,1,8.0,HARVEST_PARTS
A02936,Laptop,Hyderabad,6.1,2,2,0,46.0,50.0,6.0,1,2.2,RECYCLE
A02937,Laptop,Hyderabad,2.3,1,4,0,84.0,81.0,2.0,1,2.2,REDEPLOY
A02938,Laptop,Pune,8.7,1,3,0,34.0,32.0,9.0,1,2.2,RECYCLE
A02939,Laptop,Mumbai,4.3,1,3,0,69.0,52.0,3.0,1,2.2,HARVEST_PARTS
A02940,Mobile,Chennai,4.9,1,4,0,68.0,58.0,4.0,1,0.2,REFURBISH_RESELL
A02941,Laptop,Bengaluru,7.1,1,3,1,31.0,30.0,6.0,1,2.2,RECYCLE
A02942,Server,Bengaluru,10.0,1,4,0,50.0,,9.0,1,25.0,RECYCLE
A02943,Laptop,Noida,3.3,1,4,1,52.0,74.0,3.0,1,2.2,HARVEST_PARTS
A02944,Laptop,Hyderabad,6.9,3,2,0,42.0,44.0,7.0,1,2.2,RECYCLE
A02945,Laptop,Pune,3.2,2,3,0,83.0,75.0,3.0,1,2.2,REFURBISH_RESELL
A02946,Laptop,Noida,4.7,1,3,0,71.0,61.0,3.0,1,2.2,REFURBISH_RESELL
A02947,Monitor,Mumbai,1.9,2,4,0,91.0,,3.0,1,5.0,REDEPLOY
A02948,Mobile,Kolkata,3.2,1,3,1,47.0,68.0,3.0,1,0.2,HARVEST_PARTS
A02949,Network,Noida,4.6,1,4,0,75.0,,4.0,1,4.0,REFURBISH_RESELL
A02950,Laptop,Mumbai,5.3,1,4,0,63.0,42.0,5.0,0,2.2,HARVEST_PARTS
A02951,Monitor,Gurugram,5.2,1,3,0,69.0,,4.0,1,5.0,REFURBISH_RESELL
A02952,Laptop,Bengaluru,6.5,3,2,1,41.0,47.0,6.0,1,2.2,RECYCLE
A02953,Mobile,Pune,3.5,1,4,1,58.0,57.0,2.0,1,0.2,HARVEST_PARTS
A02954,Desktop,Pune,3.9,2,4,0,65.0,,4.0,1,8.0,REFURBISH_RESELL
A02955,Laptop,Bengaluru,4.0,1,2,0,78.0,65.0,4.0,1,2.2,REFURBISH_RESELL
A02956,Laptop,Mumbai,3.6,1,4,0,78.0,64.0,3.0,1,2.2,REDEPLOY
A02957,Laptop,Noida,2.7,1,4,0,87.0,67.0,3.0,1,2.2,REDEPLOY
A02958,Laptop,Bengaluru,4.3,1,1,0,69.0,48.0,3.0,1,2.2,HARVEST_PARTS
A02959,Mobile,Chennai,6.0,1,4,1,39.0,50.0,6.0,1,0.2,RECYCLE
A02960,Monitor,Chennai,4.8,1,2,0,65.0,,4.0,1,5.0,HARVEST_PARTS
A02961,Mobile,Chennai,3.4,1,2,0,78.0,68.0,4.0,1,0.2,REFURBISH_RESELL
A02962,Laptop,Bengaluru,4.4,3,3,0,68.0,59.0,4.0,1,2.2,HARVEST_PARTS
A02963,Desktop,Bengaluru,3.3,2,3,0,87.0,,2.0,1,8.0,REFURBISH_RESELL
A02964,Laptop,Mumbai,5.4,3,3,0,60.0,44.0,7.0,1,2.2,RECYCLE
A02965,Desktop,Hyderabad,6.1,3,4,1,59.0,,6.0,1,8.0,RECYCLE
A02966,Laptop,Bengaluru,6.1,1,4,0,48.0,55.0,5.0,0,2.2,HARVEST_PARTS
A02967,Laptop,Hyderabad,3.8,3,1,0,70.0,56.0,4.0,1,2.2,REFURBISH_RESELL
A02968,Desktop,Pune,3.3,3,4,0,85.0,,4.0,1,8.0,REDEPLOY
A02969,Laptop,Mumbai,6.5,1,2,0,56.0,21.0,3.0,1,2.2,HARVEST_PARTS
A02970,Desktop,Pune,3.6,2,3,0,68.0,,3.0,1,8.0,REDEPLOY
A02971,Monitor,Hyderabad,4.3,1,3,0,78.0,,4.0,1,5.0,REDEPLOY
A02972,Laptop,Mumbai,4.8,1,3,0,79.0,41.0,4.0,1,2.2,HARVEST_PARTS
A02973,Mobile,Hyderabad,4.2,1,3,0,74.0,53.0,3.0,1,0.2,REFURBISH_RESELL
A02974,Desktop,Pune,5.7,1,3,0,73.0,,5.0,1,8.0,REFURBISH_RESELL
A02975,Server,Noida,2.0,1,3,0,84.0,,1.0,1,25.0,REDEPLOY
A02976,Monitor,Pune,5.1,2,2,1,37.0,,5.0,1,5.0,RECYCLE
A02977,Monitor,Bengaluru,9.9,1,2,1,19.0,,8.0,1,5.0,RECYCLE
A02978,Monitor,Noida,2.8,1,4,0,75.0,,3.0,1,5.0,REDEPLOY
A02979,Network,Chennai,3.4,1,4,0,83.0,,3.0,1,4.0,REFURBISH_RESELL
A02980,Monitor,Bengaluru,4.5,3,2,0,61.0,,4.0,1,5.0,HARVEST_PARTS
A02981,Laptop,Gurugram,1.8,2,4,0,90.0,81.0,1.0,1,2.2,REDEPLOY
A02982,Laptop,Bengaluru,3.9,1,2,1,49.0,63.0,4.0,1,2.2,HARVEST_PARTS
A02983,Monitor,Noida,3.5,2,4,0,70.0,,3.0,1,5.0,REDEPLOY
A02984,Laptop,Kolkata,3.9,2,4,0,78.0,68.0,5.0,1,2.2,REFURBISH_RESELL
A02985,Laptop,Noida,3.5,2,4,0,86.0,72.0,3.0,1,2.2,REDEPLOY
A02986,Laptop,Kolkata,4.3,3,4,0,76.0,59.0,4.0,1,2.2,HARVEST_PARTS
A02987,Desktop,Chennai,3.2,1,2,0,80.0,,3.0,1,8.0,REFURBISH_RESELL
A02988,Laptop,Hyderabad,4.1,1,3,0,63.0,65.0,4.0,1,2.2,REFURBISH_RESELL
A02989,Monitor,Bengaluru,4.5,3,1,0,66.0,,5.0,1,5.0,HARVEST_PARTS
A02990,Monitor,Gurugram,6.6,2,3,0,53.0,,6.0,1,5.0,HARVEST_PARTS
A02991,Server,Bengaluru,7.2,1,2,1,11.0,,5.0,1,25.0,RECYCLE
A02992,Laptop,Hyderabad,2.1,2,2,0,87.0,85.0,2.0,1,2.2,REDEPLOY
A02993,Desktop,Pune,6.8,2,3,0,49.0,,7.0,1,8.0,RECYCLE
A02994,Desktop,Mumbai,2.6,1,2,0,86.0,,3.0,1,8.0,REFURBISH_RESELL
A02995,Desktop,Mumbai,4.1,2,3,0,68.0,,3.0,1,8.0,REFURBISH_RESELL
A02996,Monitor,Hyderabad,1.8,1,3,0,87.0,,1.0,1,5.0,REDEPLOY
A02997,Laptop,Gurugram,1.4,1,3,0,89.0,87.0,1.0,1,2.2,REDEPLOY
A02998,Mobile,Kolkata,10.0,1,3,1,36.0,5.0,9.0,1,0.2,RECYCLE
A02999,Laptop,Noida,4.2,1,4,0,72.0,56.0,4.0,1,2.2,REDEPLOY
A03000,Server,Bengaluru,3.7,1,3,0,82.0,,2.0,1,25.0,REDEPLOY
A03001,Desktop,Noida,4.8,1,1,0,73.0,,4.0,1,8.0,HARVEST_PARTS
A03002,Laptop,Bengaluru,3.8,1,2,1,31.0,58.0,3.0,1,2.2,RECYCLE
A03003,Monitor,Bengaluru,6.0,1,2,0,63.0,,6.0,1,5.0,HARVEST_PARTS
A03004,Laptop,Bengaluru,4.6,1,2,0,80.0,50.0,3.0,1,2.2,HARVEST_PARTS
A03005,Monitor,Bengaluru,5.6,1,3,0,53.0,,5.0,1,5.0,HARVEST_PARTS
A03006,Desktop,Chennai,2.8,1,2,0,87.0,,3.0,1,8.0,REDEPLOY
A03007,Laptop,Hyderabad,2.0,2,3,1,61.0,79.0,2.0,0,2.2,HARVEST_PARTS
A03008,Laptop,Hyderabad,6.4,2,1,1,36.0,43.0,6.0,1,2.2,RECYCLE
A03009,Monitor,Pune,4.9,1,3,1,60.0,,4.0,1,5.0,HARVEST_PARTS
A03010,Laptop,Mumbai,2.3,2,3,0,91.0,72.0,2.0,1,2.2,REFURBISH_RESELL
A03011,Network,Hyderabad,2.3,1,3,0,88.0,,1.0,1,4.0,REFURBISH_RESELL
A03012,Monitor,Bengaluru,4.4,1,4,0,79.0,,4.0,1,5.0,REDEPLOY
A03013,Monitor,Hyderabad,5.4,1,4,0,74.0,,4.0,1,5.0,REFURBISH_RESELL
A03014,Laptop,Chennai,2.6,2,1,1,78.0,79.0,2.0,0,2.2,HARVEST_PARTS
A03015,Monitor,Bengaluru,8.0,2,3,1,11.0,,7.0,0,5.0,RECYCLE
A03016,Mobile,Noida,5.7,2,4,0,74.0,34.0,5.0,1,0.2,REFURBISH_RESELL
A03017,Laptop,Kolkata,6.6,3,1,0,63.0,45.0,6.0,1,2.2,RECYCLE
A03018,Laptop,Pune,4.3,1,1,0,70.0,55.0,4.0,1,2.2,REFURBISH_RESELL
A03019,Laptop,Hyderabad,4.2,3,2,1,46.0,63.0,4.0,1,2.2,RECYCLE
A03020,Laptop,Bengaluru,2.2,2,4,0,85.0,74.0,0.0,1,2.2,REDEPLOY
A03021,Monitor,Mumbai,2.9,2,4,0,82.0,,4.0,1,5.0,REDEPLOY
A03022,Desktop,Kolkata,3.9,1,2,0,68.0,,3.0,1,8.0,REFURBISH_RESELL
A03023,Desktop,Bengaluru,4.9,1,4,0,78.0,,5.0,1,8.0,REFURBISH_RESELL
A03024,Laptop,Bengaluru,4.5,1,4,1,67.0,64.0,3.0,0,2.2,RECYCLE
A03025,Laptop,Bengaluru,1.5,1,4,0,93.0,84.0,1.0,1,2.2,REDEPLOY
A03026,Laptop,Pune,2.6,1,2,0,83.0,71.0,2.0,1,2.2,REDEPLOY
A03027,Network,Hyderabad,4.7,1,3,0,79.0,,3.0,1,4.0,REFURBISH_RESELL
A03028,Monitor,Bengaluru,5.0,1,1,0,65.0,,6.0,1,5.0,HARVEST_PARTS
A03029,Laptop,Noida,3.4,1,2,0,73.0,71.0,4.0,1,2.2,REFURBISH_RESELL
A03030,Monitor,Gurugram,5.5,3,1,0,63.0,,5.0,1,5.0,HARVEST_PARTS
A03031,Laptop,Hyderabad,5.5,1,4,0,68.0,42.0,6.0,1,2.2,HARVEST_PARTS
A03032,Laptop,Kolkata,9.9,3,3,0,38.0,5.0,9.0,1,2.2,RECYCLE
A03033,Laptop,Bengaluru,4.2,1,3,0,78.0,53.0,3.0,1,2.2,HARVEST_PARTS
A03034,Mobile,Bengaluru,3.4,1,1,0,72.0,65.0,2.0,1,0.2,REFURBISH_RESELL
A03035,Monitor,Mumbai,2.6,1,3,0,85.0,,1.0,1,5.0,REDEPLOY
A03036,Monitor,Kolkata,2.1,1,3,0,83.0,,1.0,1,5.0,REDEPLOY
A03037,Laptop,Pune,5.4,1,3,0,52.0,33.0,7.0,1,2.2,HARVEST_PARTS
A03038,Laptop,Kolkata,5.1,1,3,0,73.0,43.0,4.0,1,2.2,HARVEST_PARTS
A03039,Monitor,Gurugram,2.2,2,4,0,82.0,,2.0,1,5.0,REDEPLOY
A03040,Laptop,Chennai,5.4,1,3,1,17.0,46.0,5.0,1,2.2,RECYCLE
A03041,Mobile,Noida,4.4,1,3,0,69.0,58.0,4.0,1,0.2,REFURBISH_RESELL
A03042,Monitor,Noida,3.6,1,3,0,71.0,,3.0,1,5.0,REFURBISH_RESELL
A03043,Laptop,Bengaluru,1.4,2,4,0,91.0,82.0,1.0,1,2.2,REDEPLOY
A03044,Monitor,Chennai,5.1,3,3,0,64.0,,7.0,1,5.0,REFURBISH_RESELL
A03045,Mobile,Chennai,8.5,1,4,0,49.0,34.0,7.0,1,0.2,RECYCLE
A03046,Desktop,Pune,2.8,1,4,0,75.0,,4.0,1,8.0,REDEPLOY
A03047,Monitor,Hyderabad,4.5,3,3,0,70.0,,4.0,1,5.0,REFURBISH_RESELL
A03048,Mobile,Pune,5.2,3,4,0,73.0,38.0,5.0,1,0.2,HARVEST_PARTS
A03049,Laptop,Bengaluru,1.1,2,3,0,92.0,89.0,2.0,1,2.2,REDEPLOY
A03050,Network,Noida,2.6,2,3,0,80.0,,2.0,1,4.0,REDEPLOY
A03051,Laptop,Gurugram,1.9,1,3,0,84.0,81.0,1.0,1,2.2,REDEPLOY
A03052,Monitor,Chennai,8.5,1,4,0,65.0,,8.0,1,5.0,HARVEST_PARTS
A03053,Monitor,Hyderabad,1.1,1,4,0,91.0,,-0.0,1,5.0,REDEPLOY
A03054,Monitor,Bengaluru,3.6,2,3,0,76.0,,1.0,1,5.0,REDEPLOY
A03055,Desktop,Chennai,4.7,2,4,0,64.0,,5.0,1,8.0,REFURBISH_RESELL
A03056,Monitor,Bengaluru,2.8,1,4,0,81.0,,2.0,1,5.0,REDEPLOY
A03057,Laptop,Mumbai,1.2,1,2,0,93.0,89.0,2.0,1,2.2,REDEPLOY
A03058,Laptop,Bengaluru,3.7,2,4,0,85.0,64.0,4.0,1,2.2,REFURBISH_RESELL
A03059,Laptop,Chennai,2.8,1,3,0,84.0,78.0,3.0,1,2.2,REDEPLOY
A03060,Desktop,Hyderabad,4.9,2,4,0,64.0,,5.0,1,8.0,HARVEST_PARTS
A03061,Laptop,Gurugram,5.8,2,4,0,77.0,27.0,6.0,1,2.2,HARVEST_PARTS
A03062,Laptop,Pune,2.2,1,2,0,81.0,76.0,3.0,1,2.2,REDEPLOY
A03063,Network,Hyderabad,2.9,1,2,0,83.0,,2.0,0,4.0,HARVEST_PARTS
A03064,Laptop,Hyderabad,3.0,1,4,1,77.0,64.0,4.0,1,2.2,HARVEST_PARTS
A03065,Laptop,Kolkata,5.7,1,4,0,52.0,37.0,6.0,1,2.2,HARVEST_PARTS
A03066,Laptop,Chennai,4.2,1,3,1,52.0,60.0,4.0,1,2.2,RECYCLE
A03067,Laptop,Noida,2.2,2,3,0,91.0,79.0,3.0,1,2.2,REDEPLOY
A03068,Monitor,Hyderabad,6.6,1,3,0,71.0,,7.0,1,5.0,HARVEST_PARTS
A03069,Laptop,Gurugram,2.8,2,4,0,81.0,76.0,3.0,1,2.2,REDEPLOY
A03070,Laptop,Gurugram,3.2,1,1,1,50.0,70.0,1.0,1,2.2,HARVEST_PARTS
A03071,Mobile,Bengaluru,2.5,2,2,0,79.0,71.0,3.0,1,0.2,REFURBISH_RESELL
A03072,Server,Pune,4.4,1,3,0,70.0,,4.0,1,25.0,REDEPLOY
A03073,Monitor,Mumbai,3.4,2,1,0,82.0,,3.0,1,5.0,REFURBISH_RESELL
A03074,Network,Hyderabad,7.5,1,4,0,48.0,,7.0,0,4.0,HARVEST_PARTS
A03075,Mobile,Chennai,4.2,2,4,0,63.0,49.0,2.0,1,0.2,HARVEST_PARTS
A03076,Laptop,Hyderabad,2.6,1,3,0,78.0,71.0,2.0,1,2.2,REFURBISH_RESELL
A03077,Monitor,Noida,4.0,3,4,0,81.0,,4.0,1,5.0,REFURBISH_RESELL
A03078,Monitor,Gurugram,8.0,1,4,0,33.0,,10.0,1,5.0,RECYCLE
A03079,Laptop,Hyderabad,2.1,3,1,0,88.0,84.0,3.0,1,2.2,REFURBISH_RESELL
A03080,Laptop,Gurugram,5.1,1,2,0,70.0,35.0,4.0,1,2.2,HARVEST_PARTS
A03081,Laptop,Pune,1.5,1,3,1,56.0,83.0,2.0,1,2.2,HARVEST_PARTS
A03082,Monitor,Hyderabad,7.2,2,3,1,5.0,,8.0,1,5.0,RECYCLE
A03083,Monitor,Hyderabad,3.2,1,4,0,80.0,,3.0,1,5.0,REDEPLOY
A03084,Monitor,Hyderabad,2.5,2,4,1,66.0,,2.0,0,5.0,HARVEST_PARTS
A03085,Laptop,Kolkata,7.7,1,3,1,45.0,24.0,7.0,1,2.2,RECYCLE
A03086,Laptop,Gurugram,3.9,2,3,1,46.0,56.0,4.0,1,2.2,RECYCLE
A03087,Desktop,Bengaluru,4.0,1,3,0,65.0,,4.0,1,8.0,REFURBISH_RESELL
A03088,Desktop,Bengaluru,3.2,1,3,1,60.0,,2.0,1,8.0,REFURBISH_RESELL
A03089,Mobile,Bengaluru,3.3,2,1,0,75.0,64.0,2.0,1,0.2,REFURBISH_RESELL
A03090,Network,Bengaluru,1.4,2,4,0,94.0,,0.0,1,4.0,REDEPLOY
A03091,Mobile,Noida,5.0,2,4,1,63.0,41.0,4.0,1,0.2,RECYCLE
A03092,Network,Bengaluru,1.9,2,4,1,67.0,,2.0,0,4.0,HARVEST_PARTS
A03093,Mobile,Gurugram,6.1,2,1,0,54.0,33.0,6.0,1,0.2,RECYCLE
A03094,Desktop,Hyderabad,2.3,2,3,0,90.0,,1.0,1,8.0,REDEPLOY
A03095,Laptop,Bengaluru,4.1,1,3,0,71.0,52.0,3.0,1,2.2,REFURBISH_RESELL
A03096,Laptop,Mumbai,3.0,1,1,0,84.0,62.0,3.0,1,2.2,REFURBISH_RESELL
A03097,Laptop,Kolkata,3.2,2,3,0,85.0,74.0,2.0,1,2.2,REDEPLOY
A03098,Laptop,Bengaluru,3.5,1,3,0,74.0,58.0,3.0,1,2.2,REFURBISH_RESELL
A03099,Laptop,Chennai,4.7,3,4,1,34.0,66.0,4.0,1,2.2,RECYCLE
A03100,Mobile,Pune,7.6,3,3,0,36.0,36.0,7.0,1,0.2,RECYCLE
A03101,Laptop,Pune,3.2,3,2,0,76.0,60.0,2.0,1,2.2,REFURBISH_RESELL
A03102,Mobile,Bengaluru,1.2,1,1,0,93.0,91.0,2.0,1,0.2,REDEPLOY
A03103,Monitor,Hyderabad,6.9,2,4,0,68.0,,7.0,1,5.0,HARVEST_PARTS
A03104,Monitor,Hyderabad,5.4,1,2,0,61.0,,5.0,1,5.0,HARVEST_PARTS
A03105,Monitor,Mumbai,2.3,1,4,0,87.0,,4.0,1,5.0,REDEPLOY
A03106,Laptop,Mumbai,2.1,2,2,0,90.0,78.0,1.0,1,2.2,REFURBISH_RESELL
A03107,Monitor,Gurugram,4.8,2,4,1,53.0,,4.0,1,5.0,HARVEST_PARTS
A03108,Laptop,Hyderabad,4.4,1,4,1,50.0,44.0,3.0,1,2.2,HARVEST_PARTS
A03109,Mobile,Gurugram,8.5,3,3,0,54.0,37.0,7.0,1,0.2,RECYCLE
A03110,Laptop,Gurugram,5.0,3,2,0,62.0,38.0,6.0,0,2.2,HARVEST_PARTS
A03111,Laptop,Bengaluru,2.9,1,4,0,87.0,79.0,3.0,1,2.2,REDEPLOY
A03112,Monitor,Hyderabad,2.6,1,4,0,80.0,,2.0,1,5.0,REDEPLOY
A03113,Monitor,Pune,4.1,3,4,0,81.0,,3.0,1,5.0,REFURBISH_RESELL
A03114,Desktop,Kolkata,1.4,1,1,0,90.0,,0.0,1,8.0,REDEPLOY
A03115,Monitor,Chennai,1.7,1,3,0,90.0,,3.0,1,5.0,REDEPLOY
A03116,Laptop,Kolkata,2.1,1,1,0,90.0,78.0,2.0,1,2.2,REFURBISH_RESELL
A03117,Monitor,Noida,2.8,2,4,0,89.0,,2.0,1,5.0,REDEPLOY
A03118,Laptop,Pune,3.9,2,3,1,49.0,60.0,3.0,1,2.2,HARVEST_PARTS
A03119,Laptop,Bengaluru,5.2,2,3,0,56.0,60.0,5.0,1,2.2,REFURBISH_RESELL
A03120,Laptop,Gurugram,7.0,2,4,1,35.0,14.0,7.0,1,2.2,RECYCLE
A03121,Laptop,Pune,6.4,2,3,0,53.0,33.0,5.0,1,2.2,RECYCLE
A03122,Laptop,Hyderabad,5.9,2,3,0,51.0,44.0,5.0,1,2.2,RECYCLE
A03123,Desktop,Pune,3.2,1,4,0,86.0,,3.0,1,8.0,REDEPLOY
A03124,Laptop,Gurugram,2.6,1,3,0,83.0,66.0,2.0,1,2.2,REDEPLOY
A03125,Laptop,Chennai,4.7,1,3,1,43.0,47.0,4.0,0,2.2,RECYCLE
A03126,Desktop,Chennai,4.9,1,3,0,75.0,,3.0,1,8.0,REFURBISH_RESELL
A03127,Laptop,Noida,2.2,1,3,1,70.0,73.0,2.0,1,2.2,REFURBISH_RESELL
A03128,Monitor,Bengaluru,3.5,1,2,1,40.0,,4.0,1,5.0,HARVEST_PARTS
A03129,Mobile,Chennai,2.5,1,3,0,81.0,80.0,1.0,1,0.2,REDEPLOY
A03130,Laptop,Bengaluru,1.7,1,3,0,88.0,79.0,2.0,1,2.2,REDEPLOY
A03131,Mobile,Pune,4.5,1,4,0,67.0,44.0,4.0,1,0.2,REFURBISH_RESELL
A03132,Laptop,Pune,5.9,1,2,1,44.0,27.0,4.0,1,2.2,RECYCLE
A03133,Laptop,Pune,8.1,2,4,0,36.0,15.0,7.0,1,2.2,RECYCLE
A03134,Monitor,Pune,3.7,2,4,0,71.0,,3.0,1,5.0,REDEPLOY
A03135,Monitor,Gurugram,1.5,2,3,0,91.0,,1.0,1,5.0,REDEPLOY
A03136,Server,Chennai,8.8,1,2,1,28.0,,7.0,1,25.0,RECYCLE
A03137,Laptop,Noida,9.2,2,4,1,44.0,33.0,7.0,1,2.2,RECYCLE
A03138,Monitor,Gurugram,10.0,2,3,0,20.0,,9.0,1,5.0,RECYCLE
A03139,Laptop,Gurugram,10.0,1,4,1,5.0,5.0,10.0,1,2.2,RECYCLE
A03140,Laptop,Bengaluru,4.4,1,4,0,73.0,66.0,4.0,1,2.2,REDEPLOY
A03141,Laptop,Mumbai,4.0,1,3,0,81.0,64.0,2.0,1,2.2,REFURBISH_RESELL
A03142,Mobile,Noida,5.6,1,4,0,56.0,38.0,4.0,1,0.2,REFURBISH_RESELL
A03143,Laptop,Gurugram,1.8,1,2,0,90.0,87.0,1.0,1,2.2,REDEPLOY
A03144,Server,Hyderabad,2.8,1,4,1,64.0,,3.0,1,25.0,REFURBISH_RESELL
A03145,Monitor,Bengaluru,3.7,1,3,1,41.0,,3.0,1,5.0,HARVEST_PARTS
A03146,Monitor,Pune,6.5,1,4,1,12.0,,6.0,1,5.0,RECYCLE
A03147,Monitor,Chennai,6.7,1,4,1,54.0,,5.0,1,5.0,HARVEST_PARTS
A03148,Network,Bengaluru,3.8,3,3,1,42.0,,4.0,1,4.0,RECYCLE
A03149,Laptop,Pune,1.9,1,3,1,47.0,80.0,0.0,1,2.2,HARVEST_PARTS
A03150,Laptop,Mumbai,5.8,2,4,0,68.0,25.0,5.0,1,2.2,HARVEST_PARTS
A03151,Desktop,Mumbai,1.9,1,4,1,67.0,,1.0,1,8.0,HARVEST_PARTS
A03152,Laptop,Gurugram,3.0,2,4,0,84.0,62.0,3.0,1,2.2,REDEPLOY
A03153,Laptop,Kolkata,4.4,2,2,0,68.0,57.0,3.0,1,2.2,REFURBISH_RESELL
A03154,Laptop,Pune,1.8,2,2,0,87.0,78.0,2.0,1,2.2,REFURBISH_RESELL
A03155,Laptop,Bengaluru,2.7,2,4,0,77.0,71.0,2.0,1,2.2,REDEPLOY
A03156,Laptop,Pune,6.3,2,4,0,45.0,27.0,6.0,1,2.2,HARVEST_PARTS
A03157,Laptop,Pune,5.6,2,3,0,50.0,39.0,5.0,1,2.2,RECYCLE
A03158,Mobile,Pune,2.1,1,3,0,84.0,74.0,3.0,1,0.2,REDEPLOY
A03159,Laptop,Bengaluru,4.7,1,4,0,68.0,42.0,4.0,1,2.2,HARVEST_PARTS
A03160,Mobile,Hyderabad,1.5,2,4,0,89.0,88.0,1.0,0,0.2,HARVEST_PARTS
A03161,Mobile,Kolkata,5.3,1,3,1,45.0,46.0,5.0,1,0.2,RECYCLE
A03162,Laptop,Noida,2.8,1,2,0,77.0,72.0,2.0,1,2.2,REFURBISH_RESELL
A03163,Monitor,Chennai,3.6,3,3,0,80.0,,4.0,1,5.0,REFURBISH_RESELL
A03164,Monitor,Hyderabad,4.1,3,3,1,45.0,,4.0,1,5.0,RECYCLE
A03165,Monitor,Gurugram,2.2,1,4,0,89.0,,2.0,1,5.0,REDEPLOY
A03166,Laptop,Gurugram,2.7,1,3,1,60.0,68.0,3.0,1,2.2,HARVEST_PARTS
A03167,Laptop,Bengaluru,8.3,1,3,0,34.0,22.0,9.0,1,2.2,RECYCLE
A03168,Laptop,Chennai,3.4,1,3,0,77.0,72.0,3.0,1,2.2,REFURBISH_RESELL
A03169,Monitor,Kolkata,4.3,3,4,0,73.0,,4.0,1,5.0,REFURBISH_RESELL
A03170,Mobile,Hyderabad,4.3,1,3,1,59.0,62.0,3.0,1,0.2,RECYCLE
A03171,Monitor,Bengaluru,7.1,1,4,0,63.0,,7.0,1,5.0,HARVEST_PARTS
A03172,Monitor,Noida,5.8,3,2,1,40.0,,6.0,1,5.0,RECYCLE
A03173,Mobile,Chennai,0.6,1,4,0,97.0,94.0,0.0,0,0.2,HARVEST_PARTS
A03174,Monitor,Gurugram,2.2,3,2,0,84.0,,2.0,1,5.0,REDEPLOY
A03175,Laptop,Bengaluru,7.6,1,2,1,17.0,18.0,6.0,0,2.2,RECYCLE
A03176,Network,Pune,8.9,1,3,0,36.0,,8.0,1,4.0,RECYCLE
A03177,Laptop,Bengaluru,2.2,3,2,0,91.0,84.0,2.0,1,2.2,REFURBISH_RESELL
A03178,Laptop,Mumbai,3.3,1,4,0,81.0,58.0,3.0,1,2.2,REFURBISH_RESELL
A03179,Desktop,Hyderabad,3.7,2,4,0,78.0,,2.0,1,8.0,REDEPLOY
A03180,Mobile,Kolkata,3.4,1,3,0,77.0,66.0,2.0,1,0.2,REFURBISH_RESELL
A03181,Laptop,Pune,5.3,2,2,0,55.0,35.0,4.0,1,2.2,RECYCLE
A03182,Desktop,Noida,3.6,1,1,0,73.0,,3.0,1,8.0,REFURBISH_RESELL
A03183,Laptop,Gurugram,3.0,2,3,0,76.0,62.0,2.0,1,2.2,REDEPLOY
A03184,Laptop,Bengaluru,5.5,3,4,0,57.0,39.0,7.0,1,2.2,HARVEST_PARTS
A03185,Laptop,Gurugram,1.3,1,4,0,94.0,84.0,1.0,1,2.2,REDEPLOY
A03186,Monitor,Noida,4.4,1,3,0,71.0,,3.0,1,5.0,REFURBISH_RESELL
A03187,Network,Bengaluru,5.0,2,2,0,62.0,,3.0,1,4.0,HARVEST_PARTS
A03188,Laptop,Mumbai,7.3,3,3,0,51.0,9.0,7.0,1,2.2,RECYCLE
A03189,Laptop,Gurugram,4.1,1,2,0,64.0,47.0,3.0,1,2.2,HARVEST_PARTS
A03190,Laptop,Pune,1.5,3,4,1,72.0,82.0,2.0,1,2.2,HARVEST_PARTS
A03191,Laptop,Hyderabad,4.2,3,3,1,57.0,70.0,4.0,1,2.2,RECYCLE
A03192,Desktop,Bengaluru,1.5,2,4,0,93.0,,3.0,1,8.0,REDEPLOY
A03193,Monitor,Mumbai,4.8,1,3,0,79.0,,3.0,1,5.0,REFURBISH_RESELL
A03194,Monitor,Bengaluru,6.7,1,2,0,71.0,,6.0,1,5.0,HARVEST_PARTS
A03195,Laptop,Pune,3.8,2,3,0,82.0,57.0,3.0,1,2.2,REFURBISH_RESELL
A03196,Desktop,Mumbai,3.6,2,3,0,74.0,,2.0,1,8.0,REDEPLOY
A03197,Laptop,Pune,5.7,1,4,1,58.0,32.0,5.0,1,2.2,RECYCLE
A03198,Laptop,Noida,4.7,2,1,0,79.0,53.0,4.0,1,2.2,HARVEST_PARTS
A03199,Mobile,Noida,5.5,2,3,1,33.0,51.0,6.0,1,0.2,RECYCLE
A03200,Monitor,Chennai,10.0,1,2,0,17.0,,9.0,1,5.0,RECYCLE
A03201,Mobile,Hyderabad,3.1,2,4,0,87.0,75.0,3.0,1,0.2,REDEPLOY
A03202,Mobile,Hyderabad,4.9,1,4,0,68.0,61.0,5.0,1,0.2,REFURBISH_RESELL
A03203,Monitor,Hyderabad,7.6,1,3,0,62.0,,6.0,1,5.0,HARVEST_PARTS
A03204,Mobile,Chennai,7.7,1,3,0,34.0,23.0,8.0,1,0.2,RECYCLE
A03205,Laptop,Gurugram,5.2,1,3,0,68.0,58.0,5.0,1,2.2,REFURBISH_RESELL
A03206,Laptop,Mumbai,3.5,2,3,0,75.0,68.0,4.0,1,2.2,REFURBISH_RESELL
A03207,Laptop,Chennai,5.5,2,3,0,66.0,37.0,5.0,1,2.2,HARVEST_PARTS
A03208,Laptop,Chennai,5.5,1,3,0,56.0,56.0,7.0,1,2.2,HARVEST_PARTS
A03209,Laptop,Bengaluru,6.0,1,4,0,61.0,47.0,5.0,1,2.2,HARVEST_PARTS
A03210,Laptop,Bengaluru,2.3,2,2,0,80.0,80.0,2.0,0,2.2,HARVEST_PARTS
A03211,Monitor,Chennai,8.8,1,2,0,49.0,,7.0,1,5.0,RECYCLE
A03212,Monitor,Chennai,7.6,3,3,0,42.0,,8.0,1,5.0,RECYCLE
A03213,Desktop,Noida,3.9,2,1,0,83.0,,3.0,1,8.0,REFURBISH_RESELL
A03214,Laptop,Bengaluru,7.3,3,1,1,33.0,41.0,9.0,1,2.2,RECYCLE
A03215,Monitor,Kolkata,3.8,2,3,0,75.0,,4.0,1,5.0,REDEPLOY
A03216,Laptop,Mumbai,8.1,3,2,0,57.0,11.0,7.0,1,2.2,RECYCLE
A03217,Laptop,Mumbai,4.2,2,3,0,82.0,64.0,3.0,0,2.2,HARVEST_PARTS
A03218,Laptop,Chennai,2.5,1,4,0,87.0,82.0,1.0,1,2.2,REDEPLOY
A03219,Laptop,Gurugram,9.7,2,4,1,20.0,5.0,9.0,1,2.2,RECYCLE
A03220,Laptop,Bengaluru,5.9,1,3,0,58.0,28.0,4.0,1,2.2,HARVEST_PARTS
A03221,Server,Gurugram,3.6,2,4,0,83.0,,4.0,1,25.0,REFURBISH_RESELL
A03222,Monitor,Gurugram,8.4,1,1,1,5.0,,5.0,1,5.0,RECYCLE
A03223,Monitor,Pune,5.5,2,1,0,70.0,,4.0,1,5.0,HARVEST_PARTS
A03224,Laptop,Gurugram,3.4,2,3,0,70.0,64.0,3.0,1,2.2,REFURBISH_RESELL
A03225,Server,Bengaluru,8.5,3,3,0,48.0,,9.0,1,25.0,RECYCLE
A03226,Monitor,Bengaluru,6.0,1,1,0,54.0,,5.0,1,5.0,HARVEST_PARTS
A03227,Laptop,Noida,4.8,3,2,1,51.0,54.0,4.0,1,2.2,RECYCLE
A03228,Monitor,Kolkata,4.1,2,4,0,78.0,,3.0,1,5.0,REFURBISH_RESELL
A03229,Desktop,Kolkata,2.5,1,1,0,84.0,,2.0,1,8.0,REDEPLOY
A03230,Laptop,Pune,1.0,1,3,0,95.0,90.0,1.0,1,2.2,REDEPLOY
A03231,Laptop,Chennai,5.7,1,4,0,52.0,41.0,6.0,1,2.2,RECYCLE
A03232,Desktop,Hyderabad,2.2,1,4,1,45.0,,0.0,1,8.0,HARVEST_PARTS
A03233,Laptop,Bengaluru,2.5,2,2,0,86.0,72.0,3.0,1,2.2,REFURBISH_RESELL
A03234,Laptop,Chennai,3.7,1,4,0,78.0,54.0,3.0,1,2.2,REFURBISH_RESELL
A03235,Laptop,Hyderabad,3.8,1,2,0,79.0,54.0,3.0,1,2.2,HARVEST_PARTS
A03236,Mobile,Hyderabad,2.7,2,2,0,85.0,69.0,2.0,1,0.2,REDEPLOY
A03237,Laptop,Noida,5.7,1,4,0,75.0,47.0,5.0,1,2.2,HARVEST_PARTS
A03238,Laptop,Noida,1.6,3,3,1,64.0,81.0,1.0,1,2.2,REFURBISH_RESELL
A03239,Laptop,Mumbai,5.6,1,3,0,56.0,28.0,4.0,1,2.2,HARVEST_PARTS
A03240,Network,Noida,3.5,1,4,1,50.0,,5.0,1,4.0,HARVEST_PARTS
A03241,Desktop,Bengaluru,2.6,3,3,0,83.0,,2.0,1,8.0,REFURBISH_RESELL
A03242,Mobile,Hyderabad,1.7,1,1,0,93.0,80.0,1.0,1,0.2,REFURBISH_RESELL
A03243,Laptop,Bengaluru,4.4,1,3,0,69.0,49.0,5.0,1,2.2,HARVEST_PARTS
A03244,Laptop,Hyderabad,2.1,3,3,0,88.0,77.0,3.0,1,2.2,REFURBISH_RESELL
A03245,Desktop,Kolkata,2.0,1,2,0,91.0,,2.0,1,8.0,REDEPLOY
A03246,Laptop,Noida,7.6,3,1,0,69.0,18.0,6.0,1,2.2,RECYCLE
A03247,Server,Bengaluru,1.9,3,1,0,88.0,,2.0,1,25.0,REDEPLOY
A03248,Network,Bengaluru,1.6,1,4,0,88.0,,1.0,1,4.0,REDEPLOY
A03249,Desktop,Chennai,5.4,2,4,0,72.0,,4.0,1,8.0,REFURBISH_RESELL
A03250,Mobile,Mumbai,4.6,2,3,0,78.0,67.0,3.0,1,0.2,REDEPLOY
A03251,Desktop,Chennai,3.0,3,4,0,79.0,,2.0,1,8.0,REFURBISH_RESELL
A03252,Laptop,Hyderabad,2.4,2,3,0,83.0,76.0,3.0,1,2.2,REDEPLOY
A03253,Desktop,Noida,2.8,2,2,0,85.0,,2.0,1,8.0,REDEPLOY
A03254,Laptop,Mumbai,3.1,1,1,0,74.0,67.0,5.0,1,2.2,REFURBISH_RESELL
A03255,Server,Hyderabad,5.1,2,3,1,30.0,,5.0,1,25.0,RECYCLE
A03256,Laptop,Chennai,4.5,2,2,1,45.0,48.0,4.0,1,2.2,RECYCLE
A03257,Laptop,Noida,3.3,3,3,1,50.0,64.0,3.0,1,2.2,HARVEST_PARTS
A03258,Desktop,Pune,3.3,1,3,0,76.0,,3.0,1,8.0,REDEPLOY
A03259,Laptop,Hyderabad,5.5,1,4,1,44.0,31.0,6.0,1,2.2,RECYCLE
A03260,Laptop,Bengaluru,2.6,3,4,0,81.0,74.0,2.0,1,2.2,REDEPLOY
A03261,Monitor,Hyderabad,1.7,2,2,0,90.0,,1.0,1,5.0,REDEPLOY
A03262,Laptop,Noida,7.2,1,3,0,65.0,15.0,7.0,1,2.2,RECYCLE
A03263,Desktop,Noida,3.3,1,2,0,84.0,,4.0,1,8.0,REFURBISH_RESELL
A03264,Laptop,Chennai,9.3,3,4,1,33.0,7.0,10.0,1,2.2,RECYCLE
A03265,Laptop,Pune,3.1,3,4,0,80.0,64.0,2.0,1,2.2,REFURBISH_RESELL
A03266,Laptop,Pune,4.0,1,4,0,72.0,54.0,4.0,1,2.2,REFURBISH_RESELL
A03267,Monitor,Hyderabad,2.5,2,3,1,40.0,,1.0,1,5.0,HARVEST_PARTS
A03268,Mobile,Gurugram,4.5,1,3,0,67.0,46.0,5.0,1,0.2,HARVEST_PARTS
A03269,Laptop,Hyderabad,3.4,1,3,0,82.0,73.0,3.0,1,2.2,REDEPLOY
A03270,Mobile,Gurugram,3.6,2,4,0,71.0,56.0,4.0,1,0.2,REFURBISH_RESELL
A03271,Desktop,Hyderabad,4.2,1,4,0,63.0,,4.0,1,8.0,REFURBISH_RESELL
A03272,Monitor,Bengaluru,3.1,1,4,1,44.0,,3.0,1,5.0,HARVEST_PARTS
A03273,Monitor,Bengaluru,4.4,1,4,0,63.0,,3.0,1,5.0,REFURBISH_RESELL
A03274,Monitor,Pune,2.8,1,1,1,53.0,,2.0,0,5.0,HARVEST_PARTS
A03275,Server,Hyderabad,4.3,1,4,1,41.0,,5.0,1,25.0,HARVEST_PARTS
A03276,Desktop,Chennai,1.5,3,4,1,66.0,,1.0,0,8.0,HARVEST_PARTS
A03277,Desktop,Bengaluru,1.9,1,2,0,86.0,,1.0,1,8.0,REDEPLOY
A03278,Laptop,Hyderabad,2.5,2,1,0,78.0,81.0,2.0,1,2.2,REFURBISH_RESELL
A03279,Laptop,Mumbai,2.1,1,3,0,90.0,79.0,2.0,0,2.2,HARVEST_PARTS
A03280,Monitor,Gurugram,2.2,3,4,0,81.0,,2.0,1,5.0,REDEPLOY
A03281,Laptop,Chennai,5.0,2,3,1,51.0,40.0,4.0,1,2.2,RECYCLE
A03282,Laptop,Gurugram,3.4,3,4,0,77.0,60.0,3.0,1,2.2,REFURBISH_RESELL
A03283,Laptop,Mumbai,3.1,1,4,1,55.0,65.0,2.0,1,2.2,REFURBISH_RESELL
A03284,Laptop,Hyderabad,4.5,1,2,1,55.0,47.0,3.0,1,2.2,RECYCLE
A03285,Monitor,Mumbai,4.6,1,2,0,81.0,,5.0,1,5.0,REFURBISH_RESELL
A03286,Monitor,Hyderabad,3.0,1,4,1,73.0,,3.0,1,5.0,REFURBISH_RESELL
A03287,Laptop,Kolkata,6.3,2,2,0,62.0,50.0,5.0,0,2.2,HARVEST_PARTS
A03288,Laptop,Hyderabad,3.5,2,3,0,83.0,64.0,3.0,0,2.2,HARVEST_PARTS
A03289,Laptop,Chennai,5.2,1,3,0,62.0,62.0,5.0,1,2.2,REFURBISH_RESELL
A03290,Laptop,Pune,2.8,2,4,0,82.0,69.0,2.0,1,2.2,REFURBISH_RESELL
A03291,Monitor,Mumbai,4.4,2,1,0,75.0,,3.0,1,5.0,REFURBISH_RESELL
A03292,Desktop,Bengaluru,5.4,1,4,0,72.0,,4.0,1,8.0,REFURBISH_RESELL
A03293,Desktop,Bengaluru,5.1,2,4,0,63.0,,3.0,1,8.0,REFURBISH_RESELL
A03294,Desktop,Hyderabad,4.9,2,4,1,27.0,,6.0,1,8.0,RECYCLE
A03295,Mobile,Bengaluru,2.7,3,3,0,80.0,68.0,1.0,1,0.2,REDEPLOY
A03296,Monitor,Mumbai,2.0,2,1,0,88.0,,3.0,1,5.0,REFURBISH_RESELL
A03297,Desktop,Chennai,1.9,3,4,0,92.0,,2.0,1,8.0,REDEPLOY
A03298,Desktop,Hyderabad,3.1,1,4,0,75.0,,3.0,1,8.0,REFURBISH_RESELL
A03299,Laptop,Pune,3.0,2,1,0,80.0,72.0,4.0,1,2.2,REFURBISH_RESELL
A03300,Mobile,Hyderabad,4.7,3,3,0,80.0,49.0,5.0,0,0.2,RECYCLE
A03301,Laptop,Kolkata,3.9,1,1,1,59.0,67.0,3.0,0,2.2,RECYCLE
A03302,Laptop,Gurugram,1.9,1,2,0,90.0,84.0,3.0,1,2.2,REDEPLOY
A03303,Mobile,Bengaluru,5.9,3,2,0,68.0,56.0,4.0,1,0.2,HARVEST_PARTS
A03304,Monitor,Mumbai,4.3,1,3,0,69.0,,5.0,1,5.0,REFURBISH_RESELL
A03305,Laptop,Pune,2.6,1,4,1,70.0,69.0,2.0,1,2.2,HARVEST_PARTS
A03306,Laptop,Mumbai,2.8,2,3,0,84.0,79.0,2.0,1,2.2,REDEPLOY
A03307,Laptop,Chennai,7.2,2,3,1,29.0,21.0,6.0,0,2.2,RECYCLE
A03308,Desktop,Bengaluru,2.1,1,3,0,88.0,,2.0,1,8.0,REFURBISH_RESELL
A03309,Laptop,Bengaluru,7.3,1,3,0,67.0,6.0,6.0,1,2.2,RECYCLE
A03310,Mobile,Chennai,3.4,1,4,0,85.0,64.0,2.0,1,0.2,REDEPLOY
A03311,Mobile,Pune,3.5,1,3,0,77.0,59.0,3.0,1,0.2,REFURBISH_RESELL
A03312,Desktop,Bengaluru,4.5,1,3,0,60.0,,5.0,1,8.0,REFURBISH_RESELL
A03313,Monitor,Pune,1.6,2,2,1,63.0,,1.0,1,5.0,REFURBISH_RESELL
A03314,Laptop,Hyderabad,4.3,3,4,0,62.0,68.0,4.0,1,2.2,REFURBISH_RESELL
A03315,Laptop,Bengaluru,5.4,3,3,0,54.0,58.0,5.0,1,2.2,HARVEST_PARTS
A03316,Monitor,Kolkata,3.0,3,3,0,75.0,,3.0,1,5.0,REDEPLOY
A03317,Laptop,Bengaluru,3.7,3,4,0,77.0,60.0,4.0,1,2.2,REFURBISH_RESELL
A03318,Laptop,Mumbai,9.4,1,3,0,36.0,5.0,9.0,1,2.2,RECYCLE
A03319,Laptop,Gurugram,5.6,1,3,0,60.0,35.0,5.0,1,2.2,HARVEST_PARTS
A03320,Laptop,Mumbai,2.4,1,2,0,90.0,70.0,0.0,1,2.2,REDEPLOY
A03321,Laptop,Kolkata,2.9,2,4,0,88.0,76.0,2.0,1,2.2,REDEPLOY
A03322,Monitor,Bengaluru,3.3,3,2,0,71.0,,3.0,1,5.0,REDEPLOY
A03323,Server,Pune,5.8,1,4,0,64.0,,6.0,1,25.0,HARVEST_PARTS
A03324,Monitor,Bengaluru,2.4,1,3,1,68.0,,2.0,1,5.0,REFURBISH_RESELL
A03325,Server,Hyderabad,5.1,1,3,1,45.0,,5.0,1,25.0,HARVEST_PARTS
A03326,Laptop,Noida,5.1,1,4,0,73.0,60.0,6.0,1,2.2,REFURBISH_RESELL
A03327,Server,Chennai,3.9,2,4,0,83.0,,5.0,1,25.0,REDEPLOY
A03328,Desktop,Pune,5.9,1,4,0,54.0,,6.0,1,8.0,REFURBISH_RESELL
A03329,Laptop,Mumbai,2.5,1,3,0,87.0,71.0,2.0,1,2.2,REFURBISH_RESELL
A03330,Mobile,Gurugram,6.5,3,3,1,11.0,32.0,6.0,1,0.2,RECYCLE
A03331,Laptop,Bengaluru,1.4,1,1,0,89.0,82.0,2.0,1,2.2,REFURBISH_RESELL
A03332,Laptop,Hyderabad,2.3,1,4,0,90.0,71.0,1.0,1,2.2,REDEPLOY
A03333,Laptop,Kolkata,1.5,2,2,0,92.0,83.0,2.0,0,2.2,HARVEST_PARTS
A03334,Laptop,Mumbai,2.6,1,1,0,83.0,68.0,2.0,1,2.2,REFURBISH_RESELL
A03335,Laptop,Gurugram,5.2,2,4,0,58.0,59.0,5.0,1,2.2,HARVEST_PARTS
A03336,Desktop,Chennai,4.6,1,2,0,63.0,,3.0,1,8.0,REFURBISH_RESELL
A03337,Network,Bengaluru,4.2,1,1,0,72.0,,5.0,1,4.0,HARVEST_PARTS
A03338,Laptop,Hyderabad,2.5,1,4,1,55.0,70.0,1.0,1,2.2,REFURBISH_RESELL
A03339,Desktop,Noida,3.7,3,3,0,68.0,,3.0,0,8.0,HARVEST_PARTS
A03340,Laptop,Chennai,6.5,1,2,1,49.0,25.0,5.0,1,2.2,RECYCLE
A03341,Server,Mumbai,2.6,3,2,0,88.0,,3.0,1,25.0,REFURBISH_RESELL
A03342,Laptop,Bengaluru,2.6,1,2,1,71.0,70.0,2.0,1,2.2,HARVEST_PARTS
A03343,Laptop,Bengaluru,2.7,3,3,0,84.0,78.0,3.0,1,2.2,REDEPLOY
A03344,Desktop,Hyderabad,4.1,3,4,0,81.0,,3.0,1,8.0,REDEPLOY
A03345,Monitor,Bengaluru,5.0,1,3,0,58.0,,5.0,1,5.0,HARVEST_PARTS
A03346,Monitor,Chennai,5.5,2,3,0,63.0,,6.0,1,5.0,HARVEST_PARTS
A03347,Desktop,Gurugram,3.3,2,3,0,74.0,,3.0,1,8.0,REFURBISH_RESELL
A03348,Monitor,Gurugram,3.1,2,3,0,72.0,,3.0,1,5.0,REDEPLOY
A03349,Laptop,Mumbai,2.9,3,3,0,83.0,69.0,1.0,1,2.2,REDEPLOY
A03350,Laptop,Kolkata,4.8,1,2,0,62.0,41.0,4.0,1,2.2,HARVEST_PARTS
A03351,Laptop,Noida,1.7,3,3,0,87.0,80.0,1.0,1,2.2,REDEPLOY
A03352,Laptop,Hyderabad,3.5,2,3,0,82.0,68.0,4.0,1,2.2,REFURBISH_RESELL
A03353,Laptop,Mumbai,3.5,1,1,1,62.0,71.0,4.0,1,2.2,RECYCLE
A03354,Desktop,Gurugram,5.2,1,4,0,79.0,,5.0,1,8.0,REFURBISH_RESELL
A03355,Laptop,Hyderabad,1.9,1,2,0,85.0,87.0,1.0,1,2.2,REDEPLOY
A03356,Desktop,Bengaluru,5.4,1,3,0,52.0,,5.0,1,8.0,HARVEST_PARTS
A03357,Desktop,Pune,4.7,1,3,0,72.0,,4.0,1,8.0,REFURBISH_RESELL
A03358,Monitor,Gurugram,8.3,2,2,0,45.0,,7.0,1,5.0,RECYCLE
A03359,Monitor,Hyderabad,7.6,1,1,0,62.0,,6.0,1,5.0,HARVEST_PARTS
A03360,Laptop,Noida,6.3,1,3,0,50.0,43.0,5.0,1,2.2,RECYCLE
A03361,Laptop,Noida,1.2,3,2,0,95.0,90.0,0.0,1,2.2,REDEPLOY
A03362,Desktop,Bengaluru,2.0,3,3,0,91.0,,1.0,1,8.0,REFURBISH_RESELL
A03363,Desktop,Noida,5.9,2,3,0,49.0,,5.0,1,8.0,HARVEST_PARTS
A03364,Laptop,Kolkata,3.5,1,2,0,81.0,60.0,3.0,1,2.2,REDEPLOY
A03365,Laptop,Gurugram,7.6,3,2,0,49.0,41.0,7.0,1,2.2,RECYCLE
A03366,Monitor,Mumbai,3.9,1,2,1,63.0,,2.0,1,5.0,HARVEST_PARTS
A03367,Monitor,Pune,5.1,1,2,0,75.0,,4.0,1,5.0,HARVEST_PARTS
A03368,Laptop,Gurugram,4.9,3,4,0,63.0,55.0,4.0,1,2.2,REFURBISH_RESELL
A03369,Laptop,Pune,3.9,1,2,0,67.0,68.0,4.0,1,2.2,HARVEST_PARTS
A03370,Network,Noida,6.0,1,3,0,59.0,,5.0,1,4.0,HARVEST_PARTS
A03371,Laptop,Pune,5.3,2,3,0,72.0,32.0,6.0,1,2.2,HARVEST_PARTS
A03372,Network,Hyderabad,2.1,1,1,0,83.0,,3.0,1,4.0,REFURBISH_RESELL
A03373,Laptop,Gurugram,9.7,1,3,1,16.0,5.0,9.0,1,2.2,RECYCLE
A03374,Desktop,Noida,2.0,2,4,0,84.0,,2.0,1,8.0,REDEPLOY
A03375,Laptop,Mumbai,2.6,3,2,0,78.0,72.0,3.0,1,2.2,HARVEST_PARTS
A03376,Laptop,Gurugram,5.1,3,4,0,58.0,35.0,5.0,1,2.2,HARVEST_PARTS
A03377,Mobile,Kolkata,4.6,1,2,0,65.0,55.0,5.0,1,0.2,HARVEST_PARTS
A03378,Desktop,Chennai,5.5,2,1,0,52.0,,5.0,1,8.0,HARVEST_PARTS
A03379,Mobile,Hyderabad,3.4,3,2,0,71.0,66.0,3.0,1,0.2,REFURBISH_RESELL
A03380,Laptop,Gurugram,4.8,1,3,0,58.0,45.0,5.0,1,2.2,RECYCLE
A03381,Network,Kolkata,2.7,1,1,0,83.0,,2.0,1,4.0,REDEPLOY
A03382,Mobile,Pune,3.9,1,3,0,80.0,56.0,5.0,1,0.2,REFURBISH_RESELL
A03383,Desktop,Gurugram,7.2,1,4,1,25.0,,5.0,1,8.0,RECYCLE
A03384,Laptop,Pune,2.0,1,2,0,91.0,80.0,1.0,1,2.2,REDEPLOY
A03385,Monitor,Hyderabad,6.1,2,2,0,58.0,,6.0,1,5.0,HARVEST_PARTS
A03386,Desktop,Hyderabad,3.5,2,2,0,74.0,,4.0,1,8.0,REFURBISH_RESELL
A03387,Mobile,Hyderabad,2.4,1,3,1,52.0,81.0,4.0,0,0.2,HARVEST_PARTS
A03388,Laptop,Noida,2.5,2,4,0,87.0,76.0,2.0,1,2.2,REDEPLOY
A03389,Laptop,Noida,3.5,1,4,0,83.0,58.0,3.0,1,2.2,REFURBISH_RESELL
A03390,Laptop,Mumbai,6.3,1,3,0,74.0,37.0,6.0,1,2.2,HARVEST_PARTS
A03391,Monitor,Hyderabad,4.8,3,2,0,57.0,,5.0,1,5.0,HARVEST_PARTS
A03392,Mobile,Mumbai,1.9,1,3,0,88.0,82.0,3.0,1,0.2,REDEPLOY
A03393,Laptop,Hyderabad,6.0,2,4,0,67.0,23.0,6.0,1,2.2,RECYCLE
A03394,Monitor,Hyderabad,5.5,1,4,0,73.0,,7.0,1,5.0,HARVEST_PARTS
A03395,Mobile,Bengaluru,1.5,1,3,0,92.0,83.0,2.0,1,0.2,REDEPLOY
A03396,Laptop,Pune,2.4,3,3,0,84.0,69.0,3.0,1,2.2,REDEPLOY
A03397,Laptop,Pune,6.6,1,2,0,66.0,27.0,5.0,1,2.2,HARVEST_PARTS
A03398,Monitor,Mumbai,3.9,1,1,0,79.0,,4.0,1,5.0,REFURBISH_RESELL
A03399,Monitor,Noida,6.0,2,3,1,35.0,,6.0,1,5.0,RECYCLE
A03400,Laptop,Pune,1.0,2,3,1,76.0,89.0,2.0,1,2.2,HARVEST_PARTS
A03401,Server,Mumbai,0.8,3,4,0,96.0,,0.0,1,25.0,REDEPLOY
A03402,Desktop,Gurugram,5.2,3,3,0,60.0,,4.0,1,8.0,HARVEST_PARTS
A03403,Mobile,Gurugram,2.9,1,3,0,87.0,69.0,2.0,1,0.2,REFURBISH_RESELL
A03404,Network,Bengaluru,5.4,1,3,0,70.0,,5.0,1,4.0,REFURBISH_RESELL
A03405,Server,Noida,6.0,2,3,0,66.0,,5.0,1,25.0,HARVEST_PARTS
A03406,Desktop,Chennai,2.9,1,2,1,49.0,,5.0,1,8.0,HARVEST_PARTS
A03407,Laptop,Chennai,3.7,1,3,0,84.0,56.0,3.0,1,2.2,REFURBISH_RESELL
A03408,Desktop,Hyderabad,3.3,1,3,0,77.0,,3.0,1,8.0,REFURBISH_RESELL
A03409,Laptop,Chennai,2.9,3,3,0,81.0,75.0,3.0,1,2.2,REFURBISH_RESELL
A03410,Monitor,Pune,4.3,3,3,0,76.0,,4.0,1,5.0,REFURBISH_RESELL
A03411,Laptop,Kolkata,5.7,1,4,0,63.0,47.0,7.0,1,2.2,HARVEST_PARTS
A03412,Desktop,Bengaluru,2.7,1,2,0,83.0,,3.0,1,8.0,REDEPLOY
A03413,Laptop,Noida,2.6,3,4,0,77.0,68.0,2.0,1,2.2,REDEPLOY
A03414,Laptop,Noida,2.9,1,4,0,79.0,70.0,2.0,1,2.2,REFURBISH_RESELL
A03415,Laptop,Bengaluru,5.1,1,3,0,72.0,54.0,5.0,1,2.2,HARVEST_PARTS
A03416,Monitor,Bengaluru,6.0,1,3,1,19.0,,7.0,0,5.0,RECYCLE
A03417,Monitor,Hyderabad,3.3,1,3,1,48.0,,3.0,1,5.0,HARVEST_PARTS
A03418,Laptop,Bengaluru,1.3,1,1,0,94.0,83.0,1.0,1,2.2,REDEPLOY
A03419,Network,Hyderabad,2.2,1,4,0,90.0,,2.0,0,4.0,HARVEST_PARTS
A03420,Network,Gurugram,3.2,1,4,0,78.0,,3.0,1,4.0,REDEPLOY
A03421,Laptop,Gurugram,2.5,2,4,0,88.0,82.0,4.0,1,2.2,REFURBISH_RESELL
A03422,Monitor,Bengaluru,1.9,1,4,0,84.0,,2.0,1,5.0,REDEPLOY
A03423,Laptop,Noida,4.0,2,2,0,81.0,62.0,3.0,1,2.2,HARVEST_PARTS
A03424,Laptop,Kolkata,10.0,2,3,0,41.0,5.0,9.0,1,2.2,RECYCLE
A03425,Desktop,Bengaluru,2.3,1,4,0,84.0,,1.0,1,8.0,REDEPLOY
A03426,Laptop,Chennai,4.3,3,3,0,61.0,58.0,5.0,1,2.2,REFURBISH_RESELL
A03427,Network,Bengaluru,4.9,1,2,0,79.0,,4.0,1,4.0,REFURBISH_RESELL
A03428,Mobile,Mumbai,5.1,1,1,0,63.0,64.0,6.0,1,0.2,HARVEST_PARTS
A03429,Server,Mumbai,3.7,2,3,0,76.0,,3.0,1,25.0,REDEPLOY
A03430,Desktop,Bengaluru,2.0,1,2,0,87.0,,4.0,1,8.0,REDEPLOY
A03431,Desktop,Noida,5.7,1,4,0,70.0,,6.0,1,8.0,REFURBISH_RESELL
A03432,Mobile,Hyderabad,1.6,3,2,0,94.0,80.0,2.0,1,0.2,REDEPLOY
A03433,Laptop,Bengaluru,3.6,3,1,0,71.0,64.0,3.0,1,2.2,REFURBISH_RESELL
A03434,Laptop,Mumbai,3.4,1,3,0,74.0,56.0,3.0,1,2.2,REFURBISH_RESELL
A03435,Desktop,Bengaluru,2.1,1,3,0,90.0,,2.0,1,8.0,REDEPLOY
A03436,Laptop,Chennai,2.9,2,3,0,80.0,79.0,3.0,1,2.2,REFURBISH_RESELL
A03437,Laptop,Pune,5.0,1,3,0,72.0,54.0,3.0,1,2.2,HARVEST_PARTS
A03438,Laptop,Gurugram,3.6,1,3,0,84.0,68.0,4.0,1,2.2,REFURBISH_RESELL
A03439,Desktop,Chennai,1.7,2,2,1,64.0,,1.0,1,8.0,HARVEST_PARTS
A03440,Laptop,Hyderabad,5.4,1,1,1,53.0,34.0,5.0,1,2.2,RECYCLE
A03441,Laptop,Chennai,8.2,1,2,0,48.0,15.0,6.0,1,2.2,RECYCLE
A03442,Laptop,Hyderabad,1.9,2,3,0,91.0,82.0,1.0,1,2.2,REDEPLOY
A03443,Laptop,Pune,3.7,2,3,0,79.0,74.0,4.0,1,2.2,REFURBISH_RESELL
A03444,Network,Chennai,3.8,1,3,1,53.0,,3.0,1,4.0,HARVEST_PARTS
A03445,Laptop,Kolkata,1.8,3,4,0,92.0,86.0,1.0,1,2.2,REDEPLOY
A03446,Monitor,Chennai,6.7,2,3,0,53.0,,6.0,1,5.0,HARVEST_PARTS
A03447,Monitor,Hyderabad,3.8,2,4,0,75.0,,4.0,1,5.0,REDEPLOY
A03448,Laptop,Hyderabad,5.8,1,3,0,58.0,53.0,6.0,1,2.2,RECYCLE
A03449,Server,Bengaluru,4.4,2,4,0,64.0,,5.0,1,25.0,REFURBISH_RESELL
A03450,Monitor,Pune,6.6,2,3,0,63.0,,6.0,1,5.0,HARVEST_PARTS
A03451,Desktop,Gurugram,4.4,2,1,0,71.0,,3.0,1,8.0,REFURBISH_RESELL
A03452,Laptop,Pune,3.1,2,4,1,38.0,71.0,2.0,1,2.2,HARVEST_PARTS
A03453,Laptop,Gurugram,4.9,1,4,0,72.0,55.0,5.0,1,2.2,REFURBISH_RESELL
A03454,Mobile,Pune,2.5,1,3,0,83.0,69.0,1.0,1,0.2,REDEPLOY
A03455,Monitor,Bengaluru,5.1,3,3,1,40.0,,5.0,0,5.0,RECYCLE
A03456,Mobile,Hyderabad,2.3,1,1,0,88.0,78.0,4.0,1,0.2,REFURBISH_RESELL
A03457,Mobile,Mumbai,3.6,2,3,0,76.0,73.0,4.0,1,0.2,REFURBISH_RESELL
A03458,Laptop,Mumbai,3.3,3,2,0,83.0,60.0,3.0,1,2.2,REFURBISH_RESELL
A03459,Monitor,Pune,4.3,1,4,0,80.0,,5.0,1,5.0,REFURBISH_RESELL
A03460,Desktop,Hyderabad,7.1,3,4,0,43.0,,7.0,1,8.0,RECYCLE
A03461,Monitor,Mumbai,2.9,3,2,0,76.0,,2.0,1,5.0,REDEPLOY
A03462,Laptop,Pune,5.6,2,4,1,41.0,50.0,5.0,1,2.2,RECYCLE
A03463,Laptop,Noida,6.7,2,3,1,21.0,47.0,5.0,1,2.2,RECYCLE
A03464,Monitor,Chennai,5.5,3,3,0,76.0,,4.0,1,5.0,REFURBISH_RESELL
A03465,Monitor,Hyderabad,4.3,1,1,1,51.0,,4.0,1,5.0,RECYCLE
A03466,Monitor,Gurugram,4.2,2,3,0,63.0,,3.0,1,5.0,REFURBISH_RESELL
A03467,Laptop,Chennai,2.8,1,1,0,76.0,77.0,2.0,1,2.2,REFURBISH_RESELL
A03468,Laptop,Gurugram,1.6,3,3,0,87.0,83.0,1.0,1,2.2,REDEPLOY
A03469,Mobile,Pune,3.9,1,4,0,71.0,70.0,3.0,1,0.2,REDEPLOY
A03470,Laptop,Mumbai,6.9,2,4,1,42.0,44.0,6.0,1,2.2,RECYCLE
A03471,Laptop,Kolkata,7.4,1,3,1,28.0,5.0,7.0,0,2.2,RECYCLE
A03472,Desktop,Gurugram,1.8,1,4,0,87.0,,1.0,1,8.0,REDEPLOY
A03473,Laptop,Chennai,7.3,2,3,0,54.0,21.0,6.0,1,2.2,RECYCLE
A03474,Desktop,Bengaluru,5.0,1,3,0,70.0,,4.0,1,8.0,REFURBISH_RESELL
A03475,Laptop,Pune,4.7,1,3,0,67.0,61.0,3.0,1,2.2,REFURBISH_RESELL
A03476,Server,Chennai,6.9,2,3,0,41.0,,6.0,1,25.0,HARVEST_PARTS
A03477,Mobile,Kolkata,6.0,1,1,1,46.0,55.0,6.0,1,0.2,RECYCLE
A03478,Mobile,Noida,2.3,1,4,0,89.0,77.0,3.0,1,0.2,REDEPLOY
A03479,Desktop,Mumbai,2.6,1,1,0,88.0,,2.0,1,8.0,REFURBISH_RESELL
A03480,Laptop,Hyderabad,1.5,3,2,0,89.0,82.0,0.0,1,2.2,REDEPLOY
A03481,Monitor,Hyderabad,4.6,1,2,0,62.0,,3.0,1,5.0,REFURBISH_RESELL
A03482,Server,Noida,2.4,1,3,0,81.0,,2.0,1,25.0,REDEPLOY
A03483,Desktop,Mumbai,3.0,3,4,0,82.0,,3.0,1,8.0,REFURBISH_RESELL
A03484,Monitor,Chennai,6.5,2,2,0,56.0,,5.0,1,5.0,HARVEST_PARTS
A03485,Monitor,Bengaluru,4.9,2,2,0,79.0,,5.0,1,5.0,REFURBISH_RESELL
A03486,Monitor,Kolkata,5.0,1,2,0,68.0,,4.0,1,5.0,REFURBISH_RESELL
A03487,Monitor,Bengaluru,9.6,2,2,0,26.0,,9.0,1,5.0,RECYCLE
A03488,Laptop,Noida,0.6,3,4,0,95.0,94.0,1.0,1,2.2,REDEPLOY
A03489,Desktop,Gurugram,2.5,3,1,0,82.0,,3.0,0,8.0,HARVEST_PARTS
A03490,Desktop,Noida,3.3,2,1,0,73.0,,3.0,1,8.0,REFURBISH_RESELL
A03491,Laptop,Hyderabad,2.6,2,2,0,85.0,82.0,2.0,1,2.2,REFURBISH_RESELL
A03492,Network,Pune,5.8,2,3,1,41.0,,6.0,1,4.0,RECYCLE
A03493,Monitor,Hyderabad,3.5,2,2,0,77.0,,3.0,1,5.0,REFURBISH_RESELL
A03494,Laptop,Gurugram,2.2,2,3,1,61.0,71.0,2.0,1,2.2,REFURBISH_RESELL
A03495,Server,Chennai,4.4,1,3,0,63.0,,4.0,1,25.0,REFURBISH_RESELL
A03496,Monitor,Bengaluru,4.8,2,1,0,60.0,,5.0,1,5.0,HARVEST_PARTS
A03497,Monitor,Gurugram,2.2,1,4,0,85.0,,2.0,1,5.0,REDEPLOY
A03498,Laptop,Hyderabad,3.6,1,2,0,68.0,56.0,4.0,1,2.2,REFURBISH_RESELL
A03499,Network,Bengaluru,4.8,1,3,1,30.0,,2.0,0,4.0,RECYCLE
A03500,Laptop,Noida,6.7,1,4,0,59.0,20.0,6.0,1,2.2,HARVEST_PARTS
A03501,Desktop,Bengaluru,2.7,1,3,0,80.0,,4.0,1,8.0,REFURBISH_RESELL
A03502,Laptop,Gurugram,5.1,1,3,0,65.0,54.0,5.0,1,2.2,REFURBISH_RESELL
A03503,Monitor,Bengaluru,2.9,2,4,0,78.0,,2.0,1,5.0,REDEPLOY
A03504,Monitor,Bengaluru,4.0,3,2,0,76.0,,3.0,1,5.0,REFURBISH_RESELL
A03505,Desktop,Bengaluru,2.4,1,3,0,79.0,,4.0,1,8.0,REDEPLOY
A03506,Desktop,Kolkata,5.0,1,2,0,56.0,,6.0,1,8.0,HARVEST_PARTS
A03507,Server,Hyderabad,6.2,1,4,0,50.0,,6.0,1,25.0,HARVEST_PARTS
A03508,Monitor,Pune,3.6,2,4,0,85.0,,6.0,1,5.0,REFURBISH_RESELL
A03509,Laptop,Bengaluru,3.4,1,4,0,82.0,67.0,3.0,1,2.2,REDEPLOY
A03510,Mobile,Pune,3.3,1,4,0,71.0,60.0,4.0,1,0.2,REDEPLOY
A03511,Monitor,Pune,2.0,1,2,0,84.0,,1.0,1,5.0,REDEPLOY
A03512,Mobile,Bengaluru,5.5,1,3,0,71.0,49.0,5.0,1,0.2,HARVEST_PARTS
A03513,Mobile,Noida,6.6,2,2,0,55.0,45.0,5.0,1,0.2,RECYCLE
A03514,Mobile,Gurugram,2.6,2,2,0,89.0,76.0,3.0,1,0.2,REFURBISH_RESELL
A03515,Monitor,Noida,4.3,1,4,1,49.0,,3.0,1,5.0,HARVEST_PARTS
A03516,Monitor,Chennai,4.9,1,1,1,43.0,,4.0,1,5.0,RECYCLE
A03517,Laptop,Pune,2.9,2,2,0,81.0,74.0,4.0,1,2.2,REFURBISH_RESELL
A03518,Desktop,Mumbai,7.4,3,4,1,36.0,,7.0,1,8.0,RECYCLE
A03519,Monitor,Kolkata,4.3,2,3,1,68.0,,3.0,1,5.0,HARVEST_PARTS
A03520,Desktop,Chennai,1.8,2,3,0,84.0,,1.0,1,8.0,REDEPLOY
A03521,Network,Mumbai,6.3,3,3,0,52.0,,4.0,1,4.0,HARVEST_PARTS
A03522,Laptop,Bengaluru,1.0,1,3,0,95.0,91.0,0.0,1,2.2,REDEPLOY
A03523,Laptop,Mumbai,3.7,1,3,0,85.0,63.0,3.0,1,2.2,REDEPLOY
A03524,Desktop,Gurugram,3.1,2,3,1,63.0,,3.0,1,8.0,HARVEST_PARTS
A03525,Laptop,Bengaluru,5.3,1,3,0,56.0,33.0,5.0,1,2.2,HARVEST_PARTS
A03526,Laptop,Kolkata,2.9,1,3,0,82.0,75.0,2.0,1,2.2,REDEPLOY
A03527,Laptop,Gurugram,7.2,2,2,0,47.0,36.0,6.0,1,2.2,RECYCLE
A03528,Server,Noida,6.4,2,4,0,44.0,,7.0,1,25.0,RECYCLE
A03529,Desktop,Hyderabad,7.6,1,4,0,51.0,,8.0,1,8.0,HARVEST_PARTS
A03530,Laptop,Bengaluru,9.3,1,3,1,5.0,33.0,9.0,1,2.2,RECYCLE
A03531,Laptop,Bengaluru,4.9,1,3,1,62.0,64.0,4.0,1,2.2,RECYCLE
A03532,Desktop,Noida,3.9,1,3,0,84.0,,3.0,1,8.0,REFURBISH_RESELL
A03533,Laptop,Hyderabad,2.9,1,3,0,76.0,76.0,3.0,1,2.2,REDEPLOY
A03534,Monitor,Kolkata,5.1,1,4,1,19.0,,4.0,1,5.0,RECYCLE
A03535,Monitor,Hyderabad,9.2,3,3,1,47.0,,10.0,1,5.0,RECYCLE
A03536,Laptop,Hyderabad,1.7,1,3,0,88.0,86.0,1.0,1,2.2,REDEPLOY
A03537,Desktop,Pune,2.0,3,3,1,73.0,,3.0,1,8.0,HARVEST_PARTS
A03538,Laptop,Hyderabad,4.5,3,3,0,63.0,55.0,4.0,1,2.2,HARVEST_PARTS
A03539,Laptop,Mumbai,1.8,1,3,0,87.0,81.0,2.0,1,2.2,REFURBISH_RESELL
A03540,Network,Noida,1.7,1,3,0,86.0,,3.0,1,4.0,REDEPLOY
A03541,Desktop,Gurugram,6.7,3,2,0,49.0,,5.0,1,8.0,RECYCLE
A03542,Network,Gurugram,6.2,1,3,0,63.0,,7.0,1,4.0,HARVEST_PARTS
A03543,Laptop,Noida,2.8,1,1,0,87.0,65.0,2.0,1,2.2,REFURBISH_RESELL
A03544,Laptop,Noida,2.2,1,1,0,81.0,79.0,3.0,1,2.2,REFURBISH_RESELL
A03545,Desktop,Gurugram,7.8,2,3,1,16.0,,8.0,1,8.0,RECYCLE
A03546,Desktop,Noida,2.3,2,2,0,91.0,,3.0,1,8.0,REFURBISH_RESELL
A03547,Mobile,Pune,1.9,2,3,0,86.0,81.0,1.0,1,0.2,REDEPLOY
A03548,Laptop,Chennai,2.3,1,1,0,90.0,84.0,2.0,1,2.2,REDEPLOY
A03549,Network,Hyderabad,4.7,2,1,0,65.0,,4.0,0,4.0,HARVEST_PARTS
A03550,Network,Bengaluru,9.9,2,3,1,24.0,,8.0,1,4.0,RECYCLE
A03551,Desktop,Gurugram,2.9,2,3,0,74.0,,3.0,1,8.0,REFURBISH_RESELL
A03552,Laptop,Bengaluru,6.7,3,2,0,48.0,15.0,7.0,1,2.2,RECYCLE
A03553,Desktop,Mumbai,4.1,1,3,0,69.0,,3.0,1,8.0,REDEPLOY
A03554,Laptop,Pune,1.3,1,3,0,93.0,89.0,2.0,1,2.2,REDEPLOY
A03555,Monitor,Mumbai,3.0,1,3,1,47.0,,3.0,1,5.0,HARVEST_PARTS
A03556,Desktop,Gurugram,6.3,2,3,0,57.0,,6.0,1,8.0,RECYCLE
A03557,Mobile,Noida,6.1,3,3,1,43.0,52.0,6.0,1,0.2,RECYCLE
A03558,Monitor,Bengaluru,2.7,1,2,0,85.0,,3.0,1,5.0,REFURBISH_RESELL
A03559,Desktop,Noida,5.5,1,3,0,53.0,,4.0,1,8.0,REFURBISH_RESELL
A03560,Monitor,Chennai,3.7,3,2,1,59.0,,4.0,1,5.0,RECYCLE
A03561,Desktop,Bengaluru,4.6,1,2,0,74.0,,5.0,1,8.0,HARVEST_PARTS
A03562,Mobile,Bengaluru,6.9,3,2,0,43.0,41.0,6.0,1,0.2,RECYCLE
A03563,Laptop,Chennai,2.8,3,3,1,68.0,71.0,2.0,1,2.2,HARVEST_PARTS
A03564,Mobile,Bengaluru,3.2,2,4,1,66.0,67.0,3.0,0,0.2,HARVEST_PARTS
A03565,Server,Gurugram,6.9,1,3,0,46.0,,7.0,1,25.0,HARVEST_PARTS
A03566,Network,Bengaluru,9.4,2,3,1,38.0,,8.0,1,4.0,RECYCLE
A03567,Desktop,Pune,5.9,1,4,0,73.0,,6.0,1,8.0,HARVEST_PARTS
A03568,Server,Pune,4.5,1,2,0,75.0,,4.0,1,25.0,HARVEST_PARTS
A03569,Laptop,Pune,5.9,1,4,0,67.0,40.0,6.0,1,2.2,HARVEST_PARTS
A03570,Monitor,Hyderabad,2.9,1,3,1,63.0,,3.0,1,5.0,HARVEST_PARTS
A03571,Laptop,Hyderabad,4.0,3,3,0,65.0,54.0,4.0,1,2.2,HARVEST_PARTS
A03572,Laptop,Chennai,1.7,2,2,0,93.0,81.0,0.0,1,2.2,REDEPLOY
A03573,Laptop,Bengaluru,3.0,1,3,0,75.0,63.0,0.0,1,2.2,REDEPLOY
A03574,Laptop,Noida,4.8,2,2,0,61.0,42.0,3.0,1,2.2,HARVEST_PARTS
A03575,Laptop,Mumbai,4.3,2,1,0,79.0,63.0,4.0,1,2.2,HARVEST_PARTS
A03576,Server,Kolkata,1.0,1,4,0,94.0,,3.0,1,25.0,REDEPLOY
A03577,Laptop,Bengaluru,3.5,1,1,0,78.0,66.0,3.0,1,2.2,REFURBISH_RESELL
A03578,Monitor,Hyderabad,4.3,1,3,0,78.0,,5.0,1,5.0,REFURBISH_RESELL
A03579,Laptop,Kolkata,4.3,2,3,0,75.0,59.0,5.0,1,2.2,REFURBISH_RESELL
A03580,Monitor,Chennai,1.9,1,2,0,91.0,,0.0,1,5.0,REDEPLOY
A03581,Monitor,Chennai,5.5,3,2,0,63.0,,5.0,1,5.0,HARVEST_PARTS
A03582,Laptop,Bengaluru,8.8,2,2,1,40.0,26.0,7.0,1,2.2,RECYCLE
A03583,Monitor,Mumbai,5.8,1,3,0,63.0,,5.0,1,5.0,REFURBISH_RESELL
A03584,Mobile,Gurugram,4.0,1,4,0,74.0,50.0,4.0,1,0.2,REFURBISH_RESELL
A03585,Server,Bengaluru,7.9,1,3,0,48.0,,7.0,1,25.0,RECYCLE
A03586,Laptop,Hyderabad,3.0,1,3,0,85.0,77.0,1.0,1,2.2,REDEPLOY
A03587,Desktop,Bengaluru,5.2,1,3,1,56.0,,4.0,1,8.0,RECYCLE
A03588,Monitor,Bengaluru,3.8,3,1,0,74.0,,3.0,1,5.0,REFURBISH_RESELL
A03589,Laptop,Mumbai,7.9,1,3,0,56.0,6.0,7.0,1,2.2,RECYCLE
A03590,Server,Hyderabad,2.4,1,3,0,90.0,,3.0,1,25.0,REDEPLOY
A03591,Laptop,Bengaluru,2.4,1,3,0,86.0,82.0,2.0,1,2.2,REDEPLOY
A03592,Server,Pune,7.0,1,2,1,9.0,,7.0,1,25.0,RECYCLE
A03593,Laptop,Bengaluru,5.0,3,1,0,65.0,40.0,6.0,1,2.2,RECYCLE
A03594,Laptop,Mumbai,7.3,1,2,0,44.0,8.0,7.0,1,2.2,RECYCLE
A03595,Mobile,Gurugram,2.5,1,4,0,79.0,68.0,3.0,1,0.2,REDEPLOY
A03596,Network,Chennai,2.8,2,2,1,55.0,,2.0,1,4.0,HARVEST_PARTS
A03597,Network,Chennai,4.6,1,1,1,58.0,,4.0,1,4.0,RECYCLE
A03598,Mobile,Kolkata,1.8,1,4,0,85.0,86.0,1.0,0,0.2,HARVEST_PARTS
A03599,Laptop,Bengaluru,4.4,2,3,0,76.0,45.0,5.0,1,2.2,HARVEST_PARTS
A03600,Laptop,Pune,3.2,3,3,1,44.0,69.0,2.0,1,2.2,RECYCLE
A03601,Laptop,Pune,3.8,2,3,0,80.0,53.0,3.0,1,2.2,REFURBISH_RESELL
A03602,Desktop,Mumbai,5.5,1,2,0,68.0,,4.0,1,8.0,HARVEST_PARTS
A03603,Laptop,Noida,5.6,1,2,1,28.0,58.0,5.0,1,2.2,RECYCLE
A03604,Mobile,Gurugram,8.6,1,4,1,28.0,21.0,7.0,1,0.2,RECYCLE
A03605,Laptop,Mumbai,6.5,1,4,1,25.0,17.0,6.0,1,2.2,RECYCLE
A03606,Laptop,Noida,1.3,3,4,0,91.0,84.0,1.0,1,2.2,REDEPLOY
A03607,Laptop,Chennai,2.5,1,2,0,78.0,75.0,2.0,1,2.2,REFURBISH_RESELL
A03608,Laptop,Mumbai,2.6,1,4,0,85.0,77.0,3.0,1,2.2,REDEPLOY
A03609,Laptop,Bengaluru,6.2,1,3,0,60.0,50.0,7.0,1,2.2,HARVEST_PARTS
A03610,Monitor,Noida,8.0,1,2,0,40.0,,6.0,1,5.0,RECYCLE
A03611,Laptop,Gurugram,2.1,1,4,0,90.0,83.0,2.0,1,2.2,REDEPLOY
A03612,Monitor,Bengaluru,6.3,1,4,0,62.0,,6.0,1,5.0,REFURBISH_RESELL
A03613,Network,Chennai,4.0,2,2,0,83.0,,5.0,1,4.0,HARVEST_PARTS
A03614,Monitor,Hyderabad,1.3,1,3,0,95.0,,0.0,1,5.0,REDEPLOY
A03615,Monitor,Bengaluru,3.7,1,3,1,40.0,,3.0,1,5.0,RECYCLE
A03616,Laptop,Hyderabad,2.9,2,3,0,77.0,72.0,3.0,1,2.2,REFURBISH_RESELL
A03617,Laptop,Hyderabad,3.5,1,4,0,79.0,63.0,3.0,1,2.2,REDEPLOY
A03618,Laptop,Gurugram,4.4,1,3,0,70.0,55.0,4.0,1,2.2,REFURBISH_RESELL
A03619,Mobile,Noida,3.1,1,4,0,80.0,64.0,2.0,1,0.2,REDEPLOY
A03620,Monitor,Pune,4.9,2,3,0,70.0,,5.0,1,5.0,HARVEST_PARTS
A03621,Laptop,Bengaluru,3.8,1,4,0,73.0,54.0,3.0,1,2.2,REFURBISH_RESELL
A03622,Desktop,Kolkata,3.6,1,3,0,69.0,,4.0,1,8.0,REFURBISH_RESELL
A03623,Server,Noida,5.3,2,4,1,26.0,,4.0,1,25.0,RECYCLE
A03624,Monitor,Gurugram,4.7,1,4,0,61.0,,5.0,1,5.0,REFURBISH_RESELL
A03625,Desktop,Hyderabad,1.1,2,2,0,94.0,,1.0,1,8.0,REDEPLOY
A03626,Network,Mumbai,5.0,1,3,0,73.0,,3.0,1,4.0,REFURBISH_RESELL
A03627,Monitor,Kolkata,4.5,1,2,0,80.0,,5.0,1,5.0,REFURBISH_RESELL
A03628,Monitor,Hyderabad,6.7,3,2,1,26.0,,5.0,1,5.0,RECYCLE
A03629,Laptop,Noida,4.6,2,3,0,65.0,43.0,4.0,1,2.2,HARVEST_PARTS
A03630,Laptop,Pune,3.4,1,3,0,76.0,61.0,3.0,1,2.2,REFURBISH_RESELL
A03631,Mobile,Mumbai,2.9,2,1,0,76.0,68.0,2.0,1,0.2,REFURBISH_RESELL
A03632,Desktop,Hyderabad,1.6,1,3,0,92.0,,2.0,1,8.0,REDEPLOY
A03633,Laptop,Pune,4.0,1,4,0,71.0,61.0,5.0,1,2.2,REFURBISH_RESELL
A03634,Desktop,Kolkata,2.6,1,4,0,83.0,,1.0,1,8.0,REDEPLOY
A03635,Laptop,Chennai,7.2,1,1,0,60.0,11.0,6.0,1,2.2,RECYCLE
A03636,Server,Bengaluru,4.1,1,4,1,43.0,,4.0,1,25.0,HARVEST_PARTS
A03637,Laptop,Bengaluru,2.3,2,1,0,83.0,76.0,2.0,1,2.2,REFURBISH_RESELL
A03638,Server,Gurugram,1.3,1,3,0,89.0,,-0.0,1,25.0,REDEPLOY
A03639,Desktop,Noida,1.6,3,3,0,89.0,,2.0,1,8.0,REDEPLOY
A03640,Laptop,Noida,4.8,1,3,0,65.0,39.0,4.0,1,2.2,HARVEST_PARTS
A03641,Laptop,Hyderabad,7.6,1,3,0,34.0,11.0,7.0,1,2.2,RECYCLE
A03642,Server,Gurugram,5.3,2,3,1,30.0,,5.0,1,25.0,RECYCLE
A03643,Laptop,Bengaluru,3.8,1,2,0,81.0,58.0,3.0,1,2.2,REFURBISH_RESELL
A03644,Laptop,Bengaluru,9.5,1,2,1,15.0,5.0,8.0,1,2.2,RECYCLE
A03645,Monitor,Bengaluru,5.8,1,3,0,73.0,,5.0,1,5.0,REFURBISH_RESELL
A03646,Laptop,Mumbai,4.6,1,3,0,79.0,55.0,3.0,1,2.2,REFURBISH_RESELL
A03647,Laptop,Bengaluru,3.3,1,3,0,71.0,75.0,4.0,1,2.2,REFURBISH_RESELL
A03648,Laptop,Mumbai,7.7,2,3,0,65.0,25.0,8.0,0,2.2,RECYCLE
A03649,Network,Bengaluru,3.5,1,2,0,72.0,,3.0,1,4.0,REFURBISH_RESELL
A03650,Laptop,Bengaluru,2.6,1,4,0,81.0,71.0,2.0,0,2.2,HARVEST_PARTS
A03651,Laptop,Bengaluru,3.9,1,1,0,70.0,66.0,4.0,1,2.2,HARVEST_PARTS
A03652,Laptop,Bengaluru,4.3,1,3,0,71.0,60.0,5.0,1,2.2,REFURBISH_RESELL
A03653,Laptop,Noida,6.0,3,3,1,14.0,43.0,6.0,0,2.2,RECYCLE
A03654,Laptop,Chennai,2.6,2,3,0,77.0,79.0,3.0,1,2.2,REFURBISH_RESELL
A03655,Laptop,Bengaluru,2.8,1,3,0,78.0,68.0,4.0,1,2.2,REFURBISH_RESELL
A03656,Laptop,Mumbai,2.9,1,4,1,73.0,68.0,4.0,1,2.2,REFURBISH_RESELL
A03657,Laptop,Gurugram,3.8,1,3,0,68.0,64.0,4.0,1,2.2,REFURBISH_RESELL
A03658,Network,Hyderabad,2.3,1,3,0,85.0,,-0.0,1,4.0,REDEPLOY
A03659,Laptop,Pune,7.1,3,4,0,66.0,17.0,7.0,1,2.2,RECYCLE
A03660,Laptop,Chennai,1.6,1,4,0,86.0,82.0,2.0,1,2.2,REDEPLOY
A03661,Mobile,Mumbai,7.8,3,2,0,53.0,14.0,8.0,1,0.2,RECYCLE
A03662,Network,Mumbai,5.8,2,2,1,50.0,,4.0,1,4.0,RECYCLE
A03663,Monitor,Kolkata,2.5,2,3,0,82.0,,1.0,1,5.0,REDEPLOY
A03664,Laptop,Noida,3.6,1,4,0,68.0,55.0,5.0,1,2.2,HARVEST_PARTS
A03665,Laptop,Noida,2.7,1,3,0,78.0,69.0,3.0,0,2.2,HARVEST_PARTS
A03666,Laptop,Chennai,5.8,2,1,0,70.0,33.0,5.0,1,2.2,RECYCLE
A03667,Laptop,Chennai,7.5,2,2,0,43.0,13.0,6.0,1,2.2,RECYCLE
A03668,Laptop,Hyderabad,10.0,1,2,0,47.0,5.0,8.0,1,2.2,RECYCLE
A03669,Desktop,Noida,5.1,1,2,0,67.0,,4.0,1,8.0,REFURBISH_RESELL
A03670,Laptop,Pune,1.7,1,2,0,92.0,84.0,1.0,1,2.2,REDEPLOY
A03671,Monitor,Hyderabad,2.4,1,4,0,87.0,,3.0,1,5.0,REDEPLOY
A03672,Laptop,Mumbai,5.0,1,3,0,55.0,36.0,5.0,1,2.2,HARVEST_PARTS
A03673,Laptop,Mumbai,3.7,1,2,1,54.0,55.0,3.0,1,2.2,HARVEST_PARTS
A03674,Monitor,Pune,5.7,3,4,1,34.0,,6.0,1,5.0,RECYCLE
A03675,Network,Hyderabad,4.7,2,4,0,71.0,,2.0,1,4.0,REDEPLOY
A03676,Laptop,Bengaluru,2.5,2,2,1,51.0,76.0,0.0,1,2.2,HARVEST_PARTS
A03677,Desktop,Kolkata,3.4,2,2,0,75.0,,4.0,1,8.0,REFURBISH_RESELL
A03678,Laptop,Bengaluru,5.9,2,4,1,28.0,55.0,7.0,1,2.2,RECYCLE
A03679,Laptop,Mumbai,4.8,1,3,0,75.0,66.0,2.0,1,2.2,REFURBISH_RESELL
A03680,Monitor,Hyderabad,5.8,2,4,0,71.0,,5.0,1,5.0,HARVEST_PARTS
A03681,Laptop,Hyderabad,2.0,1,4,0,87.0,80.0,3.0,1,2.2,REDEPLOY
A03682,Laptop,Bengaluru,2.6,3,4,0,78.0,68.0,1.0,1,2.2,REDEPLOY
A03683,Desktop,Mumbai,6.9,1,2,0,61.0,,7.0,1,8.0,HARVEST_PARTS
A03684,Laptop,Gurugram,2.0,2,3,0,86.0,78.0,2.0,1,2.2,REDEPLOY
A03685,Laptop,Bengaluru,5.6,1,2,0,76.0,45.0,6.0,1,2.2,HARVEST_PARTS
A03686,Laptop,Mumbai,1.9,1,4,0,86.0,87.0,3.0,1,2.2,REDEPLOY
A03687,Mobile,Mumbai,4.2,1,4,0,67.0,60.0,4.0,1,0.2,REFURBISH_RESELL
A03688,Monitor,Pune,3.2,1,4,0,81.0,,2.0,1,5.0,REDEPLOY
A03689,Laptop,Noida,2.5,2,2,0,85.0,78.0,1.0,1,2.2,REDEPLOY
A03690,Laptop,Gurugram,4.4,1,1,0,81.0,61.0,4.0,1,2.2,HARVEST_PARTS
A03691,Monitor,Kolkata,6.7,1,3,0,42.0,,5.0,1,5.0,HARVEST_PARTS
A03692,Laptop,Bengaluru,2.8,2,3,1,55.0,71.0,3.0,1,2.2,HARVEST_PARTS
A03693,Desktop,Mumbai,1.2,2,4,0,94.0,,-0.0,1,8.0,REDEPLOY
A03694,Monitor,Bengaluru,3.8,3,4,0,71.0,,5.0,1,5.0,REDEPLOY
A03695,Laptop,Gurugram,2.5,1,4,0,80.0,78.0,2.0,1,2.2,REDEPLOY
A03696,Laptop,Pune,5.9,1,4,0,70.0,49.0,5.0,1,2.2,HARVEST_PARTS
A03697,Laptop,Chennai,3.2,1,2,1,46.0,72.0,2.0,1,2.2,HARVEST_PARTS
A03698,Laptop,Bengaluru,2.9,3,3,0,82.0,77.0,4.0,1,2.2,REFURBISH_RESELL
A03699,Laptop,Bengaluru,3.3,2,2,1,56.0,65.0,3.0,1,2.2,HARVEST_PARTS
A03700,Network,Hyderabad,6.7,2,2,0,44.0,,7.0,1,4.0,RECYCLE
A03701,Laptop,Gurugram,4.9,2,2,0,63.0,54.0,4.0,1,2.2,RECYCLE
A03702,Desktop,Bengaluru,2.3,1,3,0,81.0,,3.0,1,8.0,REDEPLOY
A03703,Monitor,Noida,2.0,1,4,0,87.0,,2.0,1,5.0,REDEPLOY
A03704,Laptop,Mumbai,7.8,2,4,0,37.0,5.0,7.0,1,2.2,RECYCLE
A03705,Laptop,Bengaluru,2.8,1,4,0,85.0,67.0,3.0,1,2.2,REDEPLOY
A03706,Laptop,Noida,6.8,2,4,0,63.0,36.0,6.0,1,2.2,HARVEST_PARTS
A03707,Monitor,Pune,3.7,3,4,1,37.0,,4.0,1,5.0,HARVEST_PARTS
A03708,Laptop,Hyderabad,2.6,1,2,1,46.0,77.0,3.0,1,2.2,RECYCLE
A03709,Monitor,Mumbai,2.8,2,3,0,88.0,,2.0,1,5.0,REDEPLOY
A03710,Network,Bengaluru,3.8,1,3,0,74.0,,1.0,1,4.0,REDEPLOY
A03711,Monitor,Chennai,1.2,1,3,0,95.0,,1.0,1,5.0,REDEPLOY
A03712,Mobile,Noida,2.7,1,4,0,87.0,71.0,2.0,1,0.2,REDEPLOY
A03713,Monitor,Chennai,9.1,1,4,1,14.0,,8.0,1,5.0,RECYCLE
A03714,Network,Pune,10.0,2,3,1,5.0,,9.0,1,4.0,RECYCLE
A03715,Server,Bengaluru,2.8,1,2,0,86.0,,2.0,1,25.0,REFURBISH_RESELL
A03716,Monitor,Pune,5.4,1,2,0,68.0,,3.0,1,5.0,REFURBISH_RESELL
A03717,Server,Pune,4.9,1,1,1,38.0,,4.0,1,25.0,RECYCLE
A03718,Mobile,Mumbai,2.1,2,3,0,90.0,75.0,2.0,1,0.2,REDEPLOY
A03719,Desktop,Gurugram,5.5,1,2,1,57.0,,6.0,1,8.0,RECYCLE
A03720,Monitor,Bengaluru,3.3,2,2,0,87.0,,2.0,1,5.0,REFURBISH_RESELL
A03721,Desktop,Gurugram,4.1,1,1,1,46.0,,4.0,1,8.0,RECYCLE
A03722,Network,Bengaluru,6.0,2,4,0,75.0,,5.0,1,4.0,REFURBISH_RESELL
A03723,Laptop,Noida,3.4,1,2,0,75.0,67.0,2.0,1,2.2,REFURBISH_RESELL
A03724,Server,Chennai,3.4,1,3,0,86.0,,4.0,1,25.0,REDEPLOY
A03725,Monitor,Noida,5.2,1,3,0,58.0,,5.0,1,5.0,REFURBISH_RESELL
A03726,Mobile,Pune,6.9,2,3,0,49.0,15.0,8.0,1,0.2,RECYCLE
A03727,Laptop,Chennai,5.1,3,3,0,55.0,50.0,4.0,1,2.2,RECYCLE
A03728,Monitor,Noida,3.5,3,2,0,70.0,,3.0,1,5.0,REFURBISH_RESELL
A03729,Monitor,Bengaluru,6.6,1,1,0,42.0,,6.0,1,5.0,RECYCLE
A03730,Mobile,Gurugram,4.8,2,3,1,44.0,61.0,4.0,1,0.2,RECYCLE
A03731,Mobile,Noida,7.6,2,4,0,47.0,43.0,8.0,1,0.2,RECYCLE
A03732,Desktop,Noida,8.6,1,3,1,20.0,,7.0,1,8.0,RECYCLE
A03733,Desktop,Hyderabad,5.0,1,3,1,65.0,,4.0,1,8.0,RECYCLE
A03734,Laptop,Bengaluru,7.4,2,3,0,63.0,12.0,7.0,0,2.2,RECYCLE
A03735,Mobile,Hyderabad,7.5,3,4,1,25.0,42.0,6.0,1,0.2,RECYCLE
A03736,Laptop,Chennai,3.9,1,3,0,68.0,52.0,4.0,1,2.2,HARVEST_PARTS
A03737,Monitor,Bengaluru,7.5,1,3,0,39.0,,6.0,1,5.0,RECYCLE
A03738,Monitor,Pune,4.2,1,4,1,27.0,,4.0,1,5.0,HARVEST_PARTS
A03739,Laptop,Pune,5.7,1,4,1,55.0,45.0,5.0,0,2.2,RECYCLE
A03740,Laptop,Mumbai,4.0,1,4,0,69.0,68.0,4.0,1,2.2,REFURBISH_RESELL
A03741,Laptop,Bengaluru,1.8,1,2,0,92.0,85.0,2.0,1,2.2,REDEPLOY
A03742,Network,Chennai,9.8,1,3,0,14.0,,8.0,1,4.0,RECYCLE
A03743,Desktop,Gurugram,5.6,2,3,0,64.0,,5.0,1,8.0,HARVEST_PARTS
A03744,Laptop,Bengaluru,5.9,1,4,0,55.0,31.0,5.0,1,2.2,HARVEST_PARTS
A03745,Monitor,Noida,4.4,2,2,0,61.0,,5.0,1,5.0,HARVEST_PARTS
A03746,Laptop,Mumbai,7.4,2,4,0,55.0,27.0,9.0,1,2.2,RECYCLE
A03747,Network,Gurugram,0.7,2,3,0,96.0,,1.0,1,4.0,REDEPLOY
A03748,Laptop,Chennai,3.8,1,3,0,79.0,60.0,4.0,1,2.2,REFURBISH_RESELL
A03749,Laptop,Gurugram,4.0,3,4,1,48.0,54.0,3.0,1,2.2,HARVEST_PARTS
A03750,Laptop,Mumbai,2.3,1,2,0,83.0,82.0,2.0,1,2.2,REDEPLOY
A03751,Desktop,Gurugram,4.7,1,2,0,58.0,,5.0,1,8.0,REFURBISH_RESELL
A03752,Desktop,Bengaluru,7.3,1,3,1,28.0,,7.0,1,8.0,RECYCLE
A03753,Monitor,Bengaluru,3.8,3,3,1,32.0,,3.0,1,5.0,RECYCLE
A03754,Desktop,Noida,2.2,1,4,0,89.0,,2.0,1,8.0,REDEPLOY
A03755,Laptop,Chennai,6.5,1,2,0,72.0,29.0,6.0,1,2.2,RECYCLE
A03756,Laptop,Bengaluru,5.2,2,3,0,72.0,63.0,4.0,1,2.2,REDEPLOY
A03757,Laptop,Pune,9.2,2,2,0,35.0,5.0,8.0,1,2.2,RECYCLE
A03758,Mobile,Hyderabad,2.8,2,2,0,79.0,64.0,3.0,0,0.2,HARVEST_PARTS
A03759,Laptop,Mumbai,5.6,1,3,0,56.0,39.0,6.0,1,2.2,RECYCLE
A03760,Mobile,Hyderabad,2.1,2,4,0,91.0,75.0,1.0,1,0.2,REDEPLOY
A03761,Laptop,Gurugram,4.1,1,3,0,71.0,50.0,5.0,1,2.2,HARVEST_PARTS
A03762,Laptop,Noida,4.5,1,3,0,76.0,42.0,5.0,1,2.2,REFURBISH_RESELL
A03763,Laptop,Gurugram,1.7,1,1,0,91.0,86.0,1.0,1,2.2,REDEPLOY
A03764,Laptop,Bengaluru,7.0,1,3,0,45.0,31.0,6.0,1,2.2,HARVEST_PARTS
A03765,Monitor,Pune,6.1,1,3,0,48.0,,5.0,1,5.0,HARVEST_PARTS
A03766,Desktop,Chennai,5.2,1,4,0,64.0,,4.0,1,8.0,REFURBISH_RESELL
A03767,Laptop,Gurugram,2.2,1,3,0,91.0,76.0,1.0,1,2.2,REDEPLOY
A03768,Monitor,Chennai,2.9,1,3,0,84.0,,2.0,1,5.0,REDEPLOY
A03769,Monitor,Hyderabad,6.4,1,1,1,20.0,,7.0,1,5.0,RECYCLE
A03770,Mobile,Pune,4.1,1,3,0,71.0,49.0,2.0,1,0.2,REFURBISH_RESELL
A03771,Mobile,Bengaluru,3.7,2,4,0,70.0,71.0,3.0,1,0.2,REDEPLOY
A03772,Monitor,Pune,7.4,1,1,1,20.0,,6.0,1,5.0,RECYCLE
A03773,Server,Gurugram,4.4,2,4,1,33.0,,4.0,1,25.0,RECYCLE
A03774,Monitor,Hyderabad,2.3,1,3,0,84.0,,2.0,1,5.0,REDEPLOY
A03775,Desktop,Mumbai,6.4,1,2,0,47.0,,6.0,1,8.0,RECYCLE
A03776,Monitor,Hyderabad,2.1,1,3,0,82.0,,1.0,1,5.0,REDEPLOY
A03777,Laptop,Pune,4.1,1,1,0,73.0,63.0,3.0,1,2.2,REFURBISH_RESELL
A03778,Monitor,Chennai,4.7,2,2,0,59.0,,5.0,1,5.0,REFURBISH_RESELL
A03779,Mobile,Bengaluru,5.8,1,4,0,54.0,30.0,5.0,1,0.2,HARVEST_PARTS
A03780,Laptop,Mumbai,1.9,3,2,0,85.0,77.0,2.0,1,2.2,REFURBISH_RESELL
A03781,Server,Gurugram,1.0,2,2,0,91.0,,2.0,1,25.0,REDEPLOY
A03782,Mobile,Pune,1.1,1,3,0,95.0,92.0,1.0,1,0.2,REDEPLOY
A03783,Laptop,Hyderabad,7.8,3,1,1,52.0,18.0,8.0,1,2.2,RECYCLE
A03784,Desktop,Kolkata,1.7,1,2,0,92.0,,1.0,1,8.0,REDEPLOY
A03785,Mobile,Pune,8.8,2,3,1,12.0,5.0,7.0,1,0.2,RECYCLE
A03786,Mobile,Mumbai,6.7,1,4,1,18.0,21.0,7.0,1,0.2,RECYCLE
A03787,Laptop,Hyderabad,2.5,1,4,0,89.0,79.0,2.0,1,2.2,REDEPLOY
A03788,Laptop,Gurugram,1.3,1,4,0,91.0,85.0,1.0,1,2.2,REDEPLOY
A03789,Monitor,Gurugram,4.2,2,3,0,70.0,,3.0,1,5.0,REFURBISH_RESELL
A03790,Laptop,Bengaluru,3.1,1,3,0,78.0,71.0,2.0,1,2.2,REDEPLOY
A03791,Laptop,Mumbai,7.4,2,4,1,32.0,8.0,7.0,1,2.2,RECYCLE
A03792,Laptop,Gurugram,4.7,3,3,0,76.0,65.0,6.0,1,2.2,HARVEST_PARTS
A03793,Laptop,Pune,4.1,1,4,0,83.0,67.0,3.0,1,2.2,REDEPLOY
A03794,Desktop,Bengaluru,3.7,3,1,0,82.0,,4.0,1,8.0,REFURBISH_RESELL
A03795,Monitor,Mumbai,5.7,1,2,1,48.0,,7.0,1,5.0,HARVEST_PARTS
A03796,Monitor,Gurugram,3.9,2,4,0,75.0,,3.0,1,5.0,REFURBISH_RESELL
A03797,Monitor,Pune,9.6,1,4,0,30.0,,9.0,1,5.0,RECYCLE
A03798,Laptop,Gurugram,1.7,2,1,0,88.0,82.0,1.0,1,2.2,REFURBISH_RESELL
A03799,Laptop,Chennai,3.5,3,4,1,58.0,60.0,3.0,1,2.2,HARVEST_PARTS
A03800,Laptop,Hyderabad,5.3,1,2,0,77.0,61.0,4.0,1,2.2,HARVEST_PARTS
A03801,Laptop,Noida,5.0,2,4,0,66.0,49.0,3.0,1,2.2,HARVEST_PARTS
A03802,Laptop,Chennai,9.6,3,3,0,52.0,5.0,8.0,1,2.2,RECYCLE
A03803,Laptop,Kolkata,2.8,2,3,0,80.0,66.0,2.0,1,2.2,REFURBISH_RESELL
A03804,Laptop,Gurugram,0.7,3,3,0,94.0,95.0,1.0,1,2.2,REDEPLOY
A03805,Laptop,Noida,6.5,2,2,0,53.0,44.0,8.0,1,2.2,RECYCLE
A03806,Monitor,Chennai,4.6,1,1,0,73.0,,5.0,1,5.0,HARVEST_PARTS
A03807,Monitor,Kolkata,6.5,2,3,0,61.0,,6.0,1,5.0,HARVEST_PARTS
A03808,Mobile,Hyderabad,4.9,2,3,0,67.0,54.0,4.0,1,0.2,HARVEST_PARTS
A03809,Monitor,Gurugram,1.0,1,2,0,92.0,,1.0,1,5.0,REDEPLOY
A03810,Desktop,Noida,5.0,1,2,0,64.0,,5.0,1,8.0,HARVEST_PARTS
A03811,Laptop,Pune,2.8,1,4,0,87.0,66.0,2.0,1,2.2,REDEPLOY
A03812,Desktop,Gurugram,3.5,2,3,0,72.0,,4.0,1,8.0,REFURBISH_RESELL
A03813,Laptop,Hyderabad,3.9,2,3,0,83.0,69.0,3.0,1,2.2,REFURBISH_RESELL
A03814,Laptop,Noida,2.1,2,3,0,88.0,85.0,2.0,1,2.2,REDEPLOY
A03815,Laptop,Kolkata,2.7,1,2,0,84.0,72.0,2.0,1,2.2,REDEPLOY
A03816,Laptop,Mumbai,5.9,1,2,0,58.0,56.0,5.0,1,2.2,HARVEST_PARTS
A03817,Laptop,Noida,5.9,1,2,0,52.0,38.0,7.0,1,2.2,HARVEST_PARTS
A03818,Monitor,Pune,1.5,2,3,0,92.0,,2.0,1,5.0,REDEPLOY
A03819,Server,Kolkata,4.6,2,2,0,67.0,,3.0,1,25.0,REFURBISH_RESELL
A03820,Monitor,Chennai,6.3,3,4,1,38.0,,5.0,1,5.0,RECYCLE
A03821,Monitor,Mumbai,4.4,1,4,0,69.0,,4.0,1,5.0,REFURBISH_RESELL
A03822,Desktop,Hyderabad,4.7,2,3,1,45.0,,5.0,1,8.0,RECYCLE
A03823,Laptop,Pune,1.6,2,3,0,90.0,80.0,1.0,1,2.2,REDEPLOY
A03824,Monitor,Hyderabad,7.3,3,2,0,37.0,,6.0,1,5.0,RECYCLE
A03825,Desktop,Bengaluru,2.2,2,2,0,88.0,,2.0,1,8.0,REDEPLOY
A03826,Laptop,Chennai,3.4,1,3,0,73.0,70.0,3.0,1,2.2,REFURBISH_RESELL
A03827,Laptop,Bengaluru,6.3,2,4,1,39.0,43.0,7.0,1,2.2,RECYCLE
A03828,Mobile,Bengaluru,8.5,1,4,1,5.0,21.0,7.0,1,0.2,RECYCLE
A03829,Monitor,Gurugram,3.5,2,3,0,80.0,,2.0,1,5.0,REDEPLOY
A03830,Desktop,Bengaluru,10.0,2,3,1,5.0,,9.0,1,8.0,RECYCLE
A03831,Monitor,Hyderabad,4.4,3,1,0,76.0,,3.0,1,5.0,REFURBISH_RESELL
A03832,Laptop,Hyderabad,4.2,1,4,0,74.0,54.0,4.0,1,2.2,REFURBISH_RESELL
A03833,Desktop,Gurugram,2.4,2,2,0,85.0,,2.0,1,8.0,REFURBISH_RESELL
A03834,Laptop,Bengaluru,3.4,1,2,1,54.0,56.0,4.0,1,2.2,RECYCLE
A03835,Laptop,Noida,4.6,2,3,0,76.0,41.0,6.0,1,2.2,HARVEST_PARTS
A03836,Monitor,Kolkata,5.4,3,4,0,69.0,,5.0,1,5.0,REFURBISH_RESELL
A03837,Laptop,Pune,5.3,1,4,1,31.0,34.0,4.0,1,2.2,RECYCLE
A03838,Monitor,Hyderabad,3.2,2,3,0,77.0,,2.0,1,5.0,REDEPLOY
A03839,Laptop,Chennai,7.8,2,2,1,31.0,41.0,6.0,1,2.2,RECYCLE
A03840,Monitor,Noida,4.3,2,3,0,82.0,,4.0,1,5.0,REFURBISH_RESELL
A03841,Monitor,Bengaluru,4.1,1,2,0,63.0,,4.0,1,5.0,REFURBISH_RESELL
A03842,Monitor,Hyderabad,2.3,3,3,0,82.0,,3.0,1,5.0,REDEPLOY
A03843,Monitor,Bengaluru,5.7,3,4,0,49.0,,5.0,1,5.0,HARVEST_PARTS
A03844,Mobile,Bengaluru,4.0,2,4,0,77.0,70.0,3.0,1,0.2,REFURBISH_RESELL
A03845,Desktop,Pune,3.6,1,2,0,83.0,,4.0,1,8.0,REFURBISH_RESELL
A03846,Monitor,Bengaluru,1.9,2,3,0,85.0,,3.0,1,5.0,REDEPLOY
A03847,Monitor,Noida,2.0,1,2,0,85.0,,3.0,1,5.0,REDEPLOY
A03848,Laptop,Kolkata,4.9,2,3,0,59.0,40.0,5.0,1,2.2,HARVEST_PARTS
A03849,Laptop,Pune,8.3,1,4,1,48.0,5.0,8.0,1,2.2,RECYCLE
A03850,Laptop,Chennai,3.7,1,3,0,74.0,63.0,3.0,1,2.2,REDEPLOY
A03851,Laptop,Gurugram,3.7,1,3,0,83.0,53.0,4.0,1,2.2,REDEPLOY
A03852,Laptop,Chennai,5.7,2,2,1,28.0,53.0,5.0,1,2.2,RECYCLE
A03853,Laptop,Chennai,7.2,2,4,0,35.0,39.0,7.0,1,2.2,RECYCLE
A03854,Monitor,Hyderabad,3.1,2,4,0,76.0,,3.0,1,5.0,REDEPLOY
A03855,Laptop,Pune,2.3,1,3,0,88.0,74.0,0.0,1,2.2,REDEPLOY
A03856,Server,Bengaluru,3.9,1,3,0,72.0,,4.0,1,25.0,REFURBISH_RESELL
A03857,Laptop,Pune,5.2,1,4,0,67.0,57.0,4.0,0,2.2,HARVEST_PARTS
A03858,Monitor,Hyderabad,1.1,2,3,0,93.0,,1.0,1,5.0,REDEPLOY
A03859,Laptop,Chennai,3.3,1,3,1,64.0,70.0,3.0,1,2.2,HARVEST_PARTS
A03860,Desktop,Noida,3.7,2,3,0,73.0,,3.0,1,8.0,REDEPLOY
A03861,Laptop,Hyderabad,3.5,1,4,1,39.0,71.0,4.0,0,2.2,RECYCLE
A03862,Monitor,Mumbai,1.8,3,1,0,92.0,,3.0,1,5.0,REDEPLOY
A03863,Laptop,Kolkata,3.3,1,4,0,85.0,72.0,3.0,1,2.2,REFURBISH_RESELL
A03864,Mobile,Pune,3.8,1,4,1,41.0,62.0,3.0,1,0.2,HARVEST_PARTS
A03865,Laptop,Pune,2.5,1,4,0,83.0,77.0,2.0,1,2.2,REDEPLOY
A03866,Desktop,Mumbai,4.6,1,4,0,77.0,,5.0,1,8.0,REFURBISH_RESELL
A03867,Laptop,Noida,6.1,1,2,0,50.0,43.0,5.0,1,2.2,HARVEST_PARTS
A03868,Monitor,Bengaluru,6.2,2,4,0,53.0,,5.0,1,5.0,REFURBISH_RESELL
A03869,Desktop,Mumbai,2.9,2,4,0,85.0,,3.0,1,8.0,REDEPLOY
A03870,Laptop,Hyderabad,5.2,1,4,0,58.0,59.0,4.0,1,2.2,HARVEST_PARTS
A03871,Laptop,Noida,5.0,3,4,1,55.0,59.0,4.0,1,2.2,RECYCLE
A03872,Laptop,Bengaluru,9.2,1,3,0,49.0,5.0,9.0,1,2.2,RECYCLE
A03873,Laptop,Pune,5.2,2,4,0,58.0,48.0,4.0,1,2.2,HARVEST_PARTS
A03874,Mobile,Bengaluru,5.3,1,3,0,65.0,34.0,5.0,1,0.2,HARVEST_PARTS
A03875,Laptop,Hyderabad,6.7,1,2,0,59.0,29.0,5.0,1,2.2,RECYCLE
A03876,Laptop,Kolkata,2.1,2,3,0,91.0,81.0,2.0,1,2.2,REDEPLOY
A03877,Mobile,Bengaluru,4.2,1,4,0,66.0,46.0,3.0,1,0.2,REFURBISH_RESELL
A03878,Laptop,Mumbai,8.6,1,3,0,54.0,36.0,8.0,1,2.2,RECYCLE
A03879,Laptop,Bengaluru,8.7,2,4,1,41.0,5.0,9.0,1,2.2,RECYCLE
A03880,Monitor,Pune,3.3,2,4,0,73.0,,2.0,1,5.0,REDEPLOY
A03881,Mobile,Hyderabad,0.7,3,3,0,97.0,92.0,-0.0,1,0.2,REDEPLOY
A03882,Monitor,Noida,8.5,2,4,1,5.0,,8.0,1,5.0,RECYCLE
A03883,Desktop,Bengaluru,3.6,1,4,0,80.0,,3.0,1,8.0,REFURBISH_RESELL
A03884,Mobile,Pune,4.7,2,4,1,38.0,65.0,7.0,1,0.2,RECYCLE
A03885,Laptop,Noida,1.7,2,3,0,87.0,80.0,0.0,0,2.2,HARVEST_PARTS
A03886,Mobile,Pune,7.6,1,4,1,27.0,13.0,7.0,1,0.2,RECYCLE
A03887,Server,Gurugram,3.5,1,4,0,81.0,,5.0,1,25.0,REFURBISH_RESELL
A03888,Mobile,Hyderabad,1.9,2,2,0,91.0,77.0,2.0,1,0.2,REDEPLOY
A03889,Laptop,Gurugram,3.8,2,3,0,78.0,61.0,4.0,1,2.2,HARVEST_PARTS
A03890,Laptop,Chennai,0.9,1,2,0,92.0,90.0,-0.0,1,2.2,REDEPLOY
A03891,Monitor,Mumbai,5.6,2,3,1,37.0,,5.0,1,5.0,RECYCLE
A03892,Desktop,Pune,6.9,1,3,0,40.0,,6.0,1,8.0,HARVEST_PARTS
A03893,Desktop,Gurugram,2.4,1,2,0,84.0,,0.0,1,8.0,REDEPLOY
A03894,Mobile,Bengaluru,2.3,2,3,0,83.0,75.0,3.0,1,0.2,REDEPLOY
A03895,Monitor,Hyderabad,5.4,1,2,0,57.0,,4.0,1,5.0,HARVEST_PARTS
A03896,Laptop,Hyderabad,5.7,1,2,0,76.0,34.0,6.0,1,2.2,RECYCLE
A03897,Laptop,Hyderabad,2.9,2,4,0,74.0,72.0,1.0,1,2.2,REDEPLOY
A03898,Laptop,Noida,2.5,1,3,0,81.0,69.0,3.0,1,2.2,REDEPLOY
A03899,Laptop,Chennai,6.3,3,4,0,50.0,38.0,6.0,1,2.2,HARVEST_PARTS
A03900,Laptop,Kolkata,1.8,3,3,0,89.0,81.0,1.0,1,2.2,REDEPLOY
A03901,Server,Hyderabad,3.2,2,2,0,78.0,,4.0,1,25.0,REFURBISH_RESELL
A03902,Monitor,Kolkata,2.5,2,3,0,83.0,,2.0,1,5.0,REDEPLOY
A03903,Desktop,Hyderabad,5.3,3,3,0,76.0,,4.0,1,8.0,HARVEST_PARTS
A03904,Laptop,Hyderabad,2.6,2,3,1,74.0,67.0,1.0,1,2.2,REFURBISH_RESELL
A03905,Monitor,Pune,9.4,2,2,0,26.0,,8.0,1,5.0,RECYCLE
A03906,Server,Hyderabad,6.7,1,3,1,39.0,,6.0,1,25.0,RECYCLE
A03907,Network,Chennai,3.2,2,3,1,71.0,,3.0,1,4.0,HARVEST_PARTS
A03908,Desktop,Pune,4.9,1,3,0,59.0,,4.0,1,8.0,HARVEST_PARTS
A03909,Server,Gurugram,2.6,1,2,0,87.0,,3.0,1,25.0,REFURBISH_RESELL
A03910,Desktop,Pune,4.4,2,3,0,62.0,,4.0,1,8.0,REFURBISH_RESELL
A03911,Desktop,Noida,2.8,1,2,0,78.0,,3.0,1,8.0,REFURBISH_RESELL
A03912,Network,Chennai,2.3,1,3,0,81.0,,1.0,1,4.0,REDEPLOY
A03913,Laptop,Bengaluru,5.7,2,1,0,63.0,50.0,4.0,1,2.2,RECYCLE
A03914,Laptop,Bengaluru,2.6,1,2,0,83.0,67.0,2.0,1,2.2,REFURBISH_RESELL
A03915,Laptop,Hyderabad,2.6,3,3,0,88.0,80.0,3.0,0,2.2,HARVEST_PARTS
A03916,Desktop,Bengaluru,4.2,3,2,0,64.0,,5.0,1,8.0,HARVEST_PARTS
A03917,Desktop,Noida,4.6,2,1,0,73.0,,5.0,1,8.0,HARVEST_PARTS
A03918,Monitor,Chennai,2.2,1,3,0,85.0,,3.0,1,5.0,REDEPLOY
A03919,Laptop,Hyderabad,5.1,2,2,0,78.0,45.0,5.0,1,2.2,HARVEST_PARTS
A03920,Laptop,Chennai,2.7,1,1,0,87.0,74.0,2.0,1,2.2,REDEPLOY
A03921,Network,Noida,1.9,2,4,1,66.0,,2.0,1,4.0,HARVEST_PARTS
A03922,Laptop,Pune,3.4,1,3,0,79.0,62.0,4.0,1,2.2,REDEPLOY
A03923,Mobile,Gurugram,3.4,1,3,0,80.0,57.0,4.0,1,0.2,REFURBISH_RESELL
A03924,Laptop,Hyderabad,4.9,1,3,0,74.0,54.0,5.0,1,2.2,HARVEST_PARTS
A03925,Desktop,Mumbai,9.4,3,1,0,17.0,,9.0,1,8.0,RECYCLE
A03926,Desktop,Pune,4.2,1,3,0,69.0,,4.0,1,8.0,HARVEST_PARTS
A03927,Server,Mumbai,5.3,1,2,1,42.0,,4.0,1,25.0,RECYCLE
A03928,Laptop,Bengaluru,1.6,1,2,0,86.0,80.0,3.0,1,2.2,REDEPLOY
A03929,Mobile,Noida,6.9,1,2,0,53.0,30.0,7.0,1,0.2,RECYCLE
A03930,Desktop,Noida,3.7,3,3,1,44.0,,4.0,1,8.0,RECYCLE
A03931,Desktop,Mumbai,2.0,1,3,0,90.0,,2.0,1,8.0,REDEPLOY
A03932,Desktop,Bengaluru,6.8,1,4,0,59.0,,6.0,1,8.0,HARVEST_PARTS
A03933,Laptop,Bengaluru,3.8,1,4,0,74.0,68.0,3.0,1,2.2,REFURBISH_RESELL
A03934,Desktop,Chennai,6.2,2,3,1,45.0,,5.0,1,8.0,RECYCLE
A03935,Laptop,Mumbai,9.9,2,4,0,29.0,5.0,9.0,1,2.2,RECYCLE
A03936,Laptop,Bengaluru,1.7,2,3,0,87.0,86.0,2.0,1,2.2,REDEPLOY
A03937,Monitor,Hyderabad,2.7,2,2,0,86.0,,1.0,1,5.0,REDEPLOY
A03938,Desktop,Pune,5.7,1,4,0,66.0,,4.0,1,8.0,HARVEST_PARTS
A03939,Laptop,Gurugram,3.9,3,3,0,66.0,51.0,3.0,1,2.2,REFURBISH_RESELL
A03940,Laptop,Bengaluru,1.0,2,4,0,93.0,92.0,0.0,1,2.2,REDEPLOY
A03941,Laptop,Mumbai,3.3,2,3,0,75.0,59.0,4.0,1,2.2,REDEPLOY
A03942,Laptop,Pune,3.5,1,4,1,59.0,73.0,2.0,1,2.2,HARVEST_PARTS
A03943,Monitor,Kolkata,3.8,2,4,0,81.0,,4.0,1,5.0,REDEPLOY
A03944,Laptop,Hyderabad,2.6,2,2,1,66.0,68.0,2.0,1,2.2,REFURBISH_RESELL
A03945,Network,Chennai,7.7,1,3,1,14.0,,7.0,1,4.0,RECYCLE
A03946,Laptop,Bengaluru,1.6,1,4,1,72.0,81.0,2.0,1,2.2,REFURBISH_RESELL
A03947,Laptop,Gurugram,4.7,2,4,0,79.0,64.0,4.0,0,2.2,HARVEST_PARTS
A03948,Network,Bengaluru,3.0,2,2,0,85.0,,3.0,1,4.0,REFURBISH_RESELL
A03949,Laptop,Noida,2.8,1,3,0,89.0,77.0,0.0,1,2.2,REDEPLOY
A03950,Laptop,Hyderabad,7.2,3,1,1,43.0,27.0,8.0,1,2.2,RECYCLE
A03951,Mobile,Pune,3.4,1,3,0,81.0,68.0,4.0,1,0.2,REFURBISH_RESELL
A03952,Mobile,Bengaluru,4.8,1,3,0,67.0,40.0,4.0,1,0.2,HARVEST_PARTS
A03953,Monitor,Hyderabad,5.9,1,3,1,30.0,,6.0,1,5.0,RECYCLE
A03954,Laptop,Hyderabad,4.0,2,2,0,70.0,52.0,5.0,1,2.2,HARVEST_PARTS
A03955,Desktop,Pune,7.3,1,2,1,5.0,,9.0,1,8.0,RECYCLE
A03956,Mobile,Hyderabad,1.9,2,4,0,91.0,77.0,2.0,1,0.2,REDEPLOY
A03957,Mobile,Bengaluru,4.9,1,3,1,47.0,58.0,4.0,1,0.2,RECYCLE
A03958,Laptop,Pune,9.4,1,4,0,53.0,11.0,8.0,1,2.2,RECYCLE
A03959,Laptop,Bengaluru,4.7,1,2,1,37.0,56.0,3.0,1,2.2,HARVEST_PARTS
A03960,Laptop,Bengaluru,1.4,1,2,0,90.0,84.0,2.0,1,2.2,REDEPLOY
A03961,Laptop,Chennai,5.0,1,4,0,72.0,46.0,5.0,1,2.2,REFURBISH_RESELL
A03962,Monitor,Chennai,7.9,1,3,0,53.0,,8.0,1,5.0,REFURBISH_RESELL
A03963,Laptop,Pune,3.3,1,3,0,73.0,74.0,3.0,1,2.2,REFURBISH_RESELL
A03964,Laptop,Pune,3.3,1,1,0,74.0,57.0,1.0,1,2.2,HARVEST_PARTS
A03965,Laptop,Mumbai,5.6,3,3,0,66.0,58.0,4.0,1,2.2,REFURBISH_RESELL
A03966,Desktop,Hyderabad,5.1,2,4,0,72.0,,2.0,1,8.0,REFURBISH_RESELL
A03967,Laptop,Noida,4.1,1,2,0,64.0,66.0,4.0,1,2.2,REFURBISH_RESELL
A03968,Laptop,Chennai,2.7,1,4,0,78.0,73.0,2.0,1,2.2,REDEPLOY
A03969,Laptop,Mumbai,3.1,1,3,0,87.0,64.0,3.0,1,2.2,REFURBISH_RESELL
A03970,Mobile,Pune,2.3,1,3,0,85.0,77.0,2.0,1,0.2,REDEPLOY
A03971,Laptop,Bengaluru,1.3,1,2,0,95.0,84.0,3.0,1,2.2,REDEPLOY
A03972,Desktop,Noida,6.9,3,3,1,36.0,,6.0,1,8.0,RECYCLE
A03973,Laptop,Pune,5.8,1,4,0,49.0,42.0,5.0,1,2.2,RECYCLE
A03974,Laptop,Gurugram,5.5,2,2,0,77.0,30.0,4.0,1,2.2,HARVEST_PARTS
A03975,Laptop,Gurugram,5.4,2,1,0,70.0,36.0,4.0,1,2.2,HARVEST_PARTS
A03976,Laptop,Hyderabad,3.6,1,3,0,77.0,54.0,3.0,1,2.2,HARVEST_PARTS
A03977,Laptop,Chennai,3.3,1,3,0,83.0,66.0,3.0,0,2.2,HARVEST_PARTS
A03978,Desktop,Bengaluru,2.0,1,3,0,91.0,,2.0,1,8.0,REDEPLOY
A03979,Monitor,Hyderabad,6.0,2,3,0,68.0,,4.0,1,5.0,REFURBISH_RESELL
A03980,Laptop,Mumbai,10.0,3,4,1,18.0,5.0,8.0,1,2.2,RECYCLE
A03981,Laptop,Gurugram,4.9,1,3,0,73.0,51.0,5.0,1,2.2,HARVEST_PARTS
A03982,Desktop,Hyderabad,6.4,1,4,0,43.0,,5.0,1,8.0,HARVEST_PARTS
A03983,Laptop,Bengaluru,6.4,1,2,0,44.0,24.0,6.0,1,2.2,RECYCLE
A03984,Laptop,Noida,8.1,1,2,1,8.0,5.0,7.0,1,2.2,RECYCLE
A03985,Laptop,Chennai,2.5,3,4,0,89.0,74.0,2.0,1,2.2,REDEPLOY
A03986,Laptop,Pune,1.7,1,2,0,93.0,84.0,1.0,1,2.2,REDEPLOY
A03987,Desktop,Chennai,4.4,1,4,0,67.0,,4.0,1,8.0,REDEPLOY
A03988,Mobile,Noida,3.8,2,4,0,72.0,72.0,3.0,1,0.2,REDEPLOY
A03989,Mobile,Kolkata,10.0,1,4,1,29.0,5.0,10.0,1,0.2,RECYCLE
A03990,Mobile,Bengaluru,2.3,1,3,0,81.0,74.0,1.0,1,0.2,REDEPLOY
A03991,Laptop,Hyderabad,9.4,1,2,0,29.0,5.0,9.0,1,2.2,RECYCLE
A03992,Laptop,Mumbai,3.8,2,3,0,81.0,60.0,4.0,1,2.2,HARVEST_PARTS
A03993,Laptop,Noida,2.2,3,1,0,81.0,81.0,0.0,1,2.2,REFURBISH_RESELL
A03994,Laptop,Hyderabad,8.5,3,3,0,35.0,30.0,7.0,1,2.2,RECYCLE
A03995,Laptop,Pune,2.5,2,4,0,79.0,74.0,3.0,1,2.2,REFURBISH_RESELL
A03996,Laptop,Bengaluru,6.4,2,3,0,46.0,42.0,7.0,1,2.2,RECYCLE
A03997,Desktop,Hyderabad,4.5,2,3,0,82.0,,5.0,1,8.0,REFURBISH_RESELL
A03998,Laptop,Gurugram,9.3,1,3,0,38.0,5.0,9.0,1,2.2,RECYCLE
A03999,Laptop,Noida,7.1,1,3,0,68.0,27.0,6.0,1,2.2,RECYCLE
A04000,Monitor,Hyderabad,3.7,1,4,0,79.0,,5.0,1,5.0,REFURBISH_RESELL
A04001,Laptop,Pune,8.5,1,2,0,53.0,8.0,9.0,1,2.2,RECYCLE
A04002,Network,Mumbai,5.2,3,3,1,41.0,,2.0,1,4.0,RECYCLE
A04003,Laptop,Bengaluru,4.2,2,1,0,65.0,48.0,3.0,1,2.2,HARVEST_PARTS
A04004,Desktop,Chennai,4.4,3,3,1,50.0,,3.0,1,8.0,RECYCLE
A04005,Laptop,Hyderabad,6.5,1,4,1,20.0,20.0,5.0,1,2.2,RECYCLE
A04006,Desktop,Mumbai,3.6,1,2,0,70.0,,3.0,1,8.0,REFURBISH_RESELL
A04007,Laptop,Gurugram,3.1,3,4,0,80.0,64.0,4.0,1,2.2,HARVEST_PARTS
A04008,Laptop,Mumbai,2.7,1,4,0,86.0,71.0,2.0,1,2.2,REDEPLOY
A04009,Monitor,Bengaluru,4.9,1,2,0,67.0,,4.0,1,5.0,REFURBISH_RESELL
A04010,Laptop,Bengaluru,2.8,1,4,0,89.0,66.0,3.0,1,2.2,REDEPLOY
A04011,Laptop,Pune,6.6,3,3,0,59.0,47.0,6.0,1,2.2,RECYCLE
A04012,Mobile,Hyderabad,3.6,1,3,0,76.0,53.0,4.0,1,0.2,HARVEST_PARTS
A04013,Laptop,Hyderabad,5.4,3,2,1,43.0,36.0,4.0,1,2.2,RECYCLE
A04014,Desktop,Noida,7.3,1,3,1,28.0,,8.0,1,8.0,RECYCLE
A04015,Desktop,Mumbai,8.3,1,2,1,39.0,,6.0,1,8.0,RECYCLE
A04016,Laptop,Pune,4.6,2,1,0,61.0,62.0,3.0,1,2.2,HARVEST_PARTS
A04017,Desktop,Chennai,1.2,1,2,0,95.0,,2.0,1,8.0,REDEPLOY
A04018,Laptop,Pune,1.3,1,4,0,89.0,86.0,2.0,1,2.2,REDEPLOY
A04019,Monitor,Pune,6.5,2,2,0,43.0,,5.0,1,5.0,HARVEST_PARTS
A04020,Laptop,Bengaluru,2.5,1,2,0,83.0,78.0,2.0,1,2.2,REDEPLOY
A04021,Laptop,Chennai,3.5,1,3,0,70.0,71.0,3.0,1,2.2,REDEPLOY
A04022,Laptop,Hyderabad,7.0,1,3,1,41.0,44.0,5.0,1,2.2,RECYCLE
A04023,Mobile,Bengaluru,3.1,1,3,0,87.0,78.0,2.0,1,0.2,REDEPLOY
A04024,Monitor,Bengaluru,2.0,1,4,0,90.0,,1.0,1,5.0,REDEPLOY
A04025,Mobile,Mumbai,3.6,2,2,1,44.0,57.0,2.0,0,0.2,RECYCLE
A04026,Monitor,Mumbai,5.9,2,3,1,30.0,,5.0,1,5.0,RECYCLE
A04027,Monitor,Bengaluru,3.1,1,3,0,72.0,,3.0,1,5.0,REDEPLOY
A04028,Desktop,Pune,5.5,1,3,0,66.0,,6.0,0,8.0,HARVEST_PARTS
A04029,Mobile,Pune,2.1,2,3,0,89.0,78.0,2.0,1,0.2,REDEPLOY
A04030,Desktop,Noida,2.7,2,2,0,86.0,,2.0,1,8.0,REDEPLOY
A04031,Laptop,Gurugram,3.6,1,1,0,71.0,64.0,3.0,1,2.2,REFURBISH_RESELL
A04032,Monitor,Hyderabad,7.4,2,2,1,32.0,,6.0,1,5.0,RECYCLE
A04033,Desktop,Bengaluru,3.3,1,1,0,77.0,,3.0,1,8.0,REFURBISH_RESELL
A04034,Laptop,Chennai,3.1,1,4,0,74.0,73.0,3.0,1,2.2,REDEPLOY
A04035,Laptop,Gurugram,3.1,1,4,0,75.0,67.0,3.0,1,2.2,REDEPLOY
A04036,Laptop,Noida,5.5,3,2,0,66.0,35.0,4.0,1,2.2,RECYCLE
A04037,Server,Gurugram,6.2,1,3,0,63.0,,5.0,1,25.0,REFURBISH_RESELL
A04038,Laptop,Kolkata,7.3,2,2,1,33.0,22.0,7.0,1,2.2,RECYCLE
A04039,Server,Gurugram,10.0,1,3,0,38.0,,9.0,1,25.0,RECYCLE
A04040,Laptop,Pune,4.9,1,4,1,34.0,44.0,4.0,1,2.2,RECYCLE
A04041,Monitor,Pune,2.9,1,3,0,87.0,,2.0,1,5.0,REDEPLOY
A04042,Laptop,Pune,3.8,1,4,0,79.0,51.0,1.0,1,2.2,REFURBISH_RESELL
A04043,Mobile,Gurugram,2.5,2,3,0,88.0,79.0,3.0,0,0.2,HARVEST_PARTS
A04044,Desktop,Mumbai,4.4,2,2,0,81.0,,6.0,1,8.0,HARVEST_PARTS
A04045,Laptop,Hyderabad,2.7,1,3,0,77.0,68.0,3.0,1,2.2,REFURBISH_RESELL
A04046,Laptop,Gurugram,7.2,1,3,0,47.0,27.0,6.0,1,2.2,RECYCLE
A04047,Laptop,Hyderabad,4.7,1,2,0,59.0,44.0,4.0,1,2.2,HARVEST_PARTS
A04048,Laptop,Hyderabad,8.4,2,1,1,5.0,10.0,7.0,1,2.2,RECYCLE
A04049,Monitor,Bengaluru,6.1,1,4,1,17.0,,5.0,1,5.0,RECYCLE
A04050,Mobile,Kolkata,5.8,3,4,1,42.0,47.0,5.0,1,0.2,RECYCLE
A04051,Monitor,Chennai,2.0,1,4,1,48.0,,2.0,1,5.0,REFURBISH_RESELL
A04052,Desktop,Bengaluru,5.5,1,3,0,75.0,,4.0,1,8.0,REFURBISH_RESELL
A04053,Laptop,Gurugram,10.0,2,4,1,15.0,5.0,9.0,1,2.2,RECYCLE
A04054,Server,Mumbai,3.4,2,3,0,75.0,,1.0,1,25.0,REDEPLOY
A04055,Server,Hyderabad,6.7,1,4,0,57.0,,7.0,1,25.0,HARVEST_PARTS
A04056,Laptop,Pune,1.7,1,4,1,69.0,87.0,0.0,1,2.2,REFURBISH_RESELL
A04057,Mobile,Noida,2.3,1,3,0,82.0,83.0,2.0,1,0.2,REDEPLOY
A04058,Laptop,Pune,4.0,1,1,0,76.0,54.0,4.0,1,2.2,HARVEST_PARTS
A04059,Server,Gurugram,3.1,2,4,1,46.0,,3.0,1,25.0,HARVEST_PARTS
A04060,Mobile,Chennai,2.7,2,4,0,85.0,68.0,3.0,1,0.2,REDEPLOY
A04061,Monitor,Mumbai,3.1,1,3,0,74.0,,4.0,1,5.0,REFURBISH_RESELL
A04062,Laptop,Mumbai,5.2,1,1,0,54.0,57.0,4.0,1,2.2,HARVEST_PARTS
A04063,Desktop,Chennai,6.8,2,3,1,10.0,,6.0,1,8.0,RECYCLE
A04064,Laptop,Noida,5.4,2,2,0,60.0,34.0,4.0,1,2.2,HARVEST_PARTS
A04065,Monitor,Bengaluru,5.6,2,4,0,54.0,,6.0,1,5.0,HARVEST_PARTS
A04066,Laptop,Hyderabad,4.1,2,4,0,68.0,51.0,4.0,1,2.2,REFURBISH_RESELL
A04067,Monitor,Hyderabad,2.3,1,3,0,87.0,,2.0,1,5.0,REDEPLOY
A04068,Mobile,Mumbai,3.9,2,2,1,58.0,60.0,3.0,1,0.2,RECYCLE
A04069,Laptop,Noida,4.5,1,2,1,44.0,60.0,4.0,1,2.2,RECYCLE
A04070,Laptop,Chennai,6.9,2,4,0,43.0,29.0,6.0,1,2.2,HARVEST_PARTS
A04071,Monitor,Pune,9.0,1,1,0,51.0,,8.0,1,5.0,RECYCLE
A04072,Laptop,Bengaluru,5.0,2,3,0,73.0,40.0,4.0,1,2.2,HARVEST_PARTS
A04073,Laptop,Mumbai,6.6,1,3,1,30.0,17.0,6.0,1,2.2,RECYCLE
A04074,Laptop,Mumbai,1.1,1,2,0,92.0,90.0,1.0,1,2.2,REDEPLOY
A04075,Laptop,Pune,3.5,1,3,0,73.0,55.0,4.0,1,2.2,REFURBISH_RESELL
A04076,Monitor,Chennai,4.0,2,2,0,83.0,,4.0,1,5.0,REFURBISH_RESELL
A04077,Desktop,Bengaluru,5.4,2,3,1,29.0,,4.0,1,8.0,RECYCLE
A04078,Laptop,Chennai,9.1,1,4,0,45.0,5.0,8.0,1,2.2,RECYCLE
A04079,Desktop,Hyderabad,4.9,1,4,0,74.0,,6.0,1,8.0,HARVEST_PARTS
A04080,Laptop,Chennai,1.6,1,1,0,91.0,84.0,0.0,1,2.2,REDEPLOY
A04081,Laptop,Gurugram,5.6,2,2,0,54.0,28.0,4.0,1,2.2,HARVEST_PARTS
A04082,Monitor,Bengaluru,3.4,1,1,0,86.0,,2.0,1,5.0,REDEPLOY
A04083,Laptop,Pune,5.3,2,3,0,60.0,63.0,5.0,1,2.2,REFURBISH_RESELL
A04084,Desktop,Chennai,5.8,2,3,0,62.0,,5.0,1,8.0,HARVEST_PARTS
A04085,Mobile,Chennai,1.5,2,4,0,91.0,81.0,1.0,1,0.2,REDEPLOY
A04086,Desktop,Noida,3.9,1,3,0,67.0,,4.0,1,8.0,HARVEST_PARTS
A04087,Monitor,Mumbai,4.0,2,3,0,69.0,,2.0,1,5.0,REDEPLOY
A04088,Laptop,Chennai,4.8,1,3,0,66.0,56.0,5.0,1,2.2,REFURBISH_RESELL
A04089,Laptop,Bengaluru,2.8,2,2,0,83.0,65.0,4.0,1,2.2,REDEPLOY
A04090,Laptop,Bengaluru,2.4,2,4,1,54.0,83.0,3.0,1,2.2,HARVEST_PARTS
A04091,Monitor,Kolkata,9.0,3,3,0,22.0,,8.0,1,5.0,RECYCLE
A04092,Server,Mumbai,4.6,1,2,1,46.0,,5.0,1,25.0,HARVEST_PARTS
A04093,Laptop,Bengaluru,2.6,2,2,1,56.0,70.0,4.0,1,2.2,RECYCLE
A04094,Laptop,Bengaluru,3.1,2,3,0,72.0,74.0,3.0,1,2.2,REDEPLOY
A04095,Laptop,Gurugram,9.2,3,3,0,61.0,32.0,8.0,1,2.2,RECYCLE
A04096,Desktop,Hyderabad,7.5,1,3,0,38.0,,8.0,1,8.0,RECYCLE
A04097,Monitor,Hyderabad,3.0,2,4,0,84.0,,2.0,1,5.0,REDEPLOY
A04098,Monitor,Noida,2.3,1,4,0,85.0,,2.0,1,5.0,REDEPLOY
A04099,Mobile,Gurugram,2.4,3,2,0,89.0,74.0,4.0,1,0.2,REFURBISH_RESELL
A04100,Laptop,Pune,7.2,2,4,0,54.0,8.0,7.0,1,2.2,RECYCLE
A04101,Monitor,Bengaluru,3.3,2,3,0,83.0,,2.0,1,5.0,REDEPLOY
A04102,Desktop,Kolkata,1.8,1,3,0,90.0,,2.0,1,8.0,REDEPLOY
A04103,Laptop,Noida,3.2,2,1,0,78.0,75.0,3.0,1,2.2,REFURBISH_RESELL
A04104,Mobile,Noida,4.8,2,2,1,31.0,62.0,4.0,1,0.2,RECYCLE
A04105,Laptop,Gurugram,3.9,1,2,1,53.0,55.0,3.0,1,2.2,HARVEST_PARTS
A04106,Monitor,Mumbai,7.6,2,3,0,57.0,,6.0,1,5.0,HARVEST_PARTS
A04107,Monitor,Gurugram,4.8,1,4,1,46.0,,5.0,1,5.0,RECYCLE
A04108,Mobile,Pune,5.2,1,3,0,66.0,47.0,6.0,1,0.2,HARVEST_PARTS
A04109,Desktop,Chennai,6.4,2,4,0,66.0,,6.0,1,8.0,HARVEST_PARTS
A04110,Laptop,Hyderabad,6.2,1,3,0,69.0,45.0,6.0,1,2.2,RECYCLE
A04111,Server,Kolkata,3.2,2,4,1,66.0,,2.0,1,25.0,HARVEST_PARTS
A04112,Monitor,Bengaluru,2.3,1,1,0,89.0,,1.0,1,5.0,REDEPLOY
A04113,Desktop,Gurugram,4.6,2,4,0,69.0,,4.0,1,8.0,REFURBISH_RESELL
A04114,Monitor,Hyderabad,4.3,1,4,0,82.0,,4.0,1,5.0,REDEPLOY
A04115,Laptop,Gurugram,4.8,2,3,0,64.0,46.0,4.0,1,2.2,RECYCLE
A04116,Desktop,Hyderabad,5.0,2,3,0,80.0,,3.0,1,8.0,REFURBISH_RESELL
A04117,Network,Hyderabad,8.7,2,4,1,17.0,,8.0,1,4.0,RECYCLE
A04118,Laptop,Noida,3.6,1,1,0,83.0,54.0,3.0,1,2.2,REDEPLOY
A04119,Desktop,Hyderabad,5.1,2,4,1,32.0,,5.0,1,8.0,RECYCLE
A04120,Mobile,Hyderabad,2.3,1,2,0,90.0,83.0,2.0,1,0.2,REDEPLOY
A04121,Monitor,Bengaluru,2.7,1,2,0,85.0,,3.0,1,5.0,REDEPLOY
A04122,Network,Hyderabad,4.2,1,4,0,68.0,,3.0,1,4.0,REFURBISH_RESELL
A04123,Laptop,Mumbai,2.5,1,4,0,82.0,68.0,4.0,1,2.2,REFURBISH_RESELL
A04124,Mobile,Chennai,5.7,2,3,1,56.0,32.0,4.0,1,0.2,RECYCLE
A04125,Laptop,Gurugram,5.3,1,2,0,67.0,42.0,6.0,1,2.2,HARVEST_PARTS
A04126,Desktop,Hyderabad,3.0,2,2,0,83.0,,4.0,1,8.0,REFURBISH_RESELL
A04127,Desktop,Hyderabad,3.7,2,3,0,85.0,,3.0,1,8.0,REFURBISH_RESELL
A04128,Monitor,Chennai,7.2,1,4,0,51.0,,8.0,1,5.0,HARVEST_PARTS
A04129,Mobile,Gurugram,4.6,1,3,1,19.0,60.0,4.0,1,0.2,RECYCLE
A04130,Monitor,Gurugram,10.0,1,3,0,34.0,,9.0,1,5.0,RECYCLE
A04131,Monitor,Hyderabad,3.7,1,3,1,64.0,,4.0,1,5.0,HARVEST_PARTS
A04132,Laptop,Noida,4.0,1,3,0,74.0,50.0,4.0,1,2.2,REFURBISH_RESELL
A04133,Desktop,Chennai,4.2,2,1,0,68.0,,3.0,1,8.0,REFURBISH_RESELL
A04134,Desktop,Bengaluru,1.7,3,1,0,92.0,,1.0,1,8.0,REDEPLOY
A04135,Laptop,Chennai,3.9,1,3,0,76.0,58.0,4.0,1,2.2,REFURBISH_RESELL
A04136,Desktop,Gurugram,3.8,1,1,0,82.0,,3.0,1,8.0,REFURBISH_RESELL
A04137,Network,Gurugram,5.9,2,3,0,57.0,,6.0,1,4.0,HARVEST_PARTS
A04138,Monitor,Pune,7.3,3,4,0,36.0,,6.0,0,5.0,RECYCLE
A04139,Monitor,Mumbai,3.6,3,3,0,81.0,,3.0,1,5.0,REFURBISH_RESELL
A04140,Laptop,Mumbai,1.2,3,3,0,93.0,90.0,1.0,1,2.2,REDEPLOY
A04141,Desktop,Bengaluru,4.5,1,2,0,76.0,,2.0,1,8.0,REFURBISH_RESELL
A04142,Laptop,Mumbai,2.5,3,1,0,85.0,82.0,2.0,1,2.2,REFURBISH_RESELL
A04143,Laptop,Pune,4.7,1,3,0,70.0,57.0,5.0,1,2.2,REDEPLOY
A04144,Desktop,Noida,4.7,1,3,1,29.0,,6.0,1,8.0,RECYCLE
A04145,Laptop,Chennai,2.9,2,4,0,80.0,71.0,4.0,1,2.2,REFURBISH_RESELL
A04146,Laptop,Bengaluru,4.5,2,3,0,71.0,50.0,4.0,1,2.2,REFURBISH_RESELL
A04147,Monitor,Bengaluru,1.8,2,2,0,93.0,,2.0,1,5.0,REDEPLOY
A04148,Laptop,Kolkata,4.9,2,3,0,79.0,45.0,4.0,1,2.2,HARVEST_PARTS
A04149,Laptop,Hyderabad,6.2,2,4,0,49.0,56.0,6.0,1,2.2,HARVEST_PARTS
A04150,Laptop,Mumbai,5.4,1,3,1,17.0,53.0,4.0,1,2.2,RECYCLE
A04151,Desktop,Mumbai,3.2,1,4,0,85.0,,2.0,1,8.0,REDEPLOY
A04152,Laptop,Noida,6.0,2,3,0,50.0,30.0,4.0,1,2.2,RECYCLE
A04153,Desktop,Hyderabad,5.6,1,4,0,50.0,,5.0,1,8.0,HARVEST_PARTS
A04154,Desktop,Mumbai,5.8,1,2,0,56.0,,5.0,1,8.0,HARVEST_PARTS
A04155,Laptop,Hyderabad,7.8,1,2,1,25.0,6.0,6.0,1,2.2,RECYCLE
A04156,Mobile,Gurugram,5.1,2,2,1,51.0,47.0,4.0,1,0.2,RECYCLE
A04157,Laptop,Hyderabad,2.4,3,4,0,80.0,76.0,3.0,1,2.2,REDEPLOY
A04158,Desktop,Gurugram,2.6,2,3,0,85.0,,2.0,1,8.0,REDEPLOY
A04159,Laptop,Bengaluru,5.1,2,4,0,73.0,50.0,4.0,1,2.2,REFURBISH_RESELL
A04160,Desktop,Hyderabad,1.5,2,4,0,90.0,,1.0,1,8.0,REDEPLOY
A04161,Laptop,Pune,3.8,1,3,0,68.0,57.0,4.0,1,2.2,REFURBISH_RESELL
A04162,Network,Mumbai,3.5,2,3,0,71.0,,4.0,1,4.0,HARVEST_PARTS
A04163,Laptop,Hyderabad,5.6,2,1,1,21.0,53.0,5.0,1,2.2,RECYCLE
A04164,Monitor,Mumbai,2.1,3,1,0,88.0,,1.0,1,5.0,REDEPLOY
A04165,Laptop,Hyderabad,5.6,1,1,0,56.0,59.0,4.0,1,2.2,HARVEST_PARTS
A04166,Laptop,Hyderabad,3.7,3,4,0,69.0,64.0,2.0,1,2.2,REDEPLOY
A04167,Laptop,Hyderabad,4.9,2,3,0,60.0,48.0,4.0,1,2.2,HARVEST_PARTS
A04168,Desktop,Mumbai,2.2,1,4,1,68.0,,2.0,1,8.0,REDEPLOY
A04169,Desktop,Bengaluru,5.7,1,3,0,61.0,,5.0,0,8.0,HARVEST_PARTS
A04170,Mobile,Mumbai,6.7,1,3,1,21.0,50.0,5.0,1,0.2,RECYCLE
A04171,Monitor,Pune,10.0,2,3,0,34.0,,8.0,1,5.0,RECYCLE
A04172,Mobile,Pune,4.8,1,4,1,51.0,49.0,4.0,1,0.2,RECYCLE
A04173,Laptop,Pune,6.6,2,4,0,59.0,26.0,7.0,1,2.2,RECYCLE
A04174,Monitor,Hyderabad,2.5,2,3,0,79.0,,2.0,1,5.0,REDEPLOY
A04175,Desktop,Chennai,7.6,2,4,0,69.0,,6.0,1,8.0,HARVEST_PARTS
A04176,Monitor,Gurugram,1.9,1,4,0,88.0,,1.0,1,5.0,REDEPLOY
A04177,Mobile,Chennai,9.0,3,2,0,25.0,5.0,9.0,1,0.2,RECYCLE
A04178,Monitor,Hyderabad,4.5,3,4,0,70.0,,4.0,1,5.0,REFURBISH_RESELL
A04179,Network,Chennai,2.0,2,4,0,88.0,,1.0,1,4.0,REDEPLOY
A04180,Monitor,Bengaluru,3.5,1,1,0,74.0,,2.0,1,5.0,HARVEST_PARTS
A04181,Laptop,Bengaluru,6.6,3,2,1,36.0,27.0,6.0,0,2.2,RECYCLE
A04182,Monitor,Hyderabad,3.9,2,3,0,73.0,,4.0,1,5.0,REFURBISH_RESELL
A04183,Desktop,Chennai,3.9,3,2,0,80.0,,3.0,1,8.0,HARVEST_PARTS
A04184,Mobile,Chennai,6.3,1,4,0,46.0,53.0,6.0,1,0.2,HARVEST_PARTS
A04185,Server,Bengaluru,4.0,2,3,0,82.0,,4.0,1,25.0,REFURBISH_RESELL
A04186,Laptop,Gurugram,7.3,1,2,1,24.0,15.0,8.0,1,2.2,RECYCLE
A04187,Laptop,Gurugram,3.2,1,3,1,56.0,69.0,2.0,1,2.2,HARVEST_PARTS
A04188,Laptop,Mumbai,1.6,2,4,0,93.0,83.0,3.0,1,2.2,REDEPLOY
A04189,Desktop,Gurugram,4.2,1,3,0,81.0,,4.0,1,8.0,REDEPLOY
A04190,Laptop,Gurugram,4.4,1,2,1,51.0,64.0,3.0,1,2.2,RECYCLE
A04191,Monitor,Chennai,3.1,1,2,0,86.0,,3.0,0,5.0,HARVEST_PARTS
A04192,Desktop,Noida,4.9,1,3,0,57.0,,4.0,1,8.0,HARVEST_PARTS
A04193,Server,Bengaluru,1.8,2,4,0,85.0,,2.0,1,25.0,REDEPLOY
A04194,Laptop,Bengaluru,4.9,1,2,0,57.0,56.0,5.0,1,2.2,REFURBISH_RESELL
A04195,Desktop,Pune,2.3,1,4,1,57.0,,2.0,1,8.0,REFURBISH_RESELL
A04196,Laptop,Hyderabad,2.0,2,4,0,90.0,80.0,3.0,1,2.2,REDEPLOY
A04197,Network,Noida,4.3,3,4,0,66.0,,4.0,1,4.0,REFURBISH_RESELL
A04198,Laptop,Mumbai,1.9,1,3,0,88.0,77.0,2.0,1,2.2,REDEPLOY
A04199,Laptop,Chennai,1.3,1,3,0,95.0,84.0,2.0,1,2.2,REDEPLOY
A04200,Laptop,Noida,5.2,3,2,0,66.0,55.0,5.0,1,2.2,HARVEST_PARTS
A04201,Server,Chennai,2.4,3,4,0,89.0,,3.0,1,25.0,REDEPLOY
A04202,Laptop,Kolkata,5.5,2,3,0,51.0,38.0,6.0,0,2.2,RECYCLE
A04203,Monitor,Gurugram,3.7,1,3,0,70.0,,5.0,1,5.0,HARVEST_PARTS
A04204,Monitor,Chennai,4.3,1,3,0,65.0,,4.0,1,5.0,REDEPLOY
A04205,Monitor,Hyderabad,6.6,2,2,1,46.0,,6.0,1,5.0,RECYCLE
A04206,Laptop,Gurugram,5.1,2,2,0,79.0,41.0,6.0,1,2.2,HARVEST_PARTS
A04207,Laptop,Pune,5.5,3,4,0,71.0,34.0,5.0,0,2.2,HARVEST_PARTS
A04208,Laptop,Kolkata,5.5,1,1,1,23.0,61.0,4.0,1,2.2,RECYCLE
A04209,Laptop,Noida,3.0,1,2,0,79.0,62.0,2.0,1,2.2,REDEPLOY
A04210,Monitor,Bengaluru,5.0,3,3,0,64.0,,4.0,1,5.0,REFURBISH_RESELL
A04211,Laptop,Kolkata,2.6,3,2,0,88.0,78.0,4.0,1,2.2,REFURBISH_RESELL
A04212,Laptop,Pune,5.0,2,3,0,68.0,44.0,4.0,1,2.2,HARVEST_PARTS
A04213,Laptop,Hyderabad,3.6,1,2,1,60.0,62.0,2.0,1,2.2,HARVEST_PARTS
A04214,Desktop,Hyderabad,3.9,2,2,0,65.0,,4.0,1,8.0,HARVEST_PARTS
A04215,Laptop,Hyderabad,8.5,1,1,0,33.0,5.0,9.0,1,2.2,RECYCLE
A04216,Monitor,Pune,5.3,1,4,0,75.0,,4.0,1,5.0,REFURBISH_RESELL
A04217,Laptop,Noida,3.1,1,2,0,80.0,75.0,4.0,1,2.2,REFURBISH_RESELL
A04218,Mobile,Pune,1.7,1,4,0,87.0,80.0,1.0,1,0.2,REDEPLOY
A04219,Monitor,Kolkata,4.4,1,1,1,49.0,,2.0,1,5.0,RECYCLE
A04220,Laptop,Gurugram,1.9,1,4,0,88.0,78.0,1.0,1,2.2,REDEPLOY
A04221,Laptop,Chennai,9.0,1,3,0,27.0,5.0,8.0,1,2.2,RECYCLE
A04222,Laptop,Hyderabad,4.0,1,2,0,74.0,50.0,3.0,1,2.2,HARVEST_PARTS
A04223,Laptop,Hyderabad,6.3,1,3,1,49.0,29.0,6.0,1,2.2,RECYCLE
A04224,Laptop,Pune,2.1,3,3,1,46.0,73.0,1.0,1,2.2,HARVEST_PARTS
A04225,Network,Mumbai,5.3,2,3,0,52.0,,4.0,1,4.0,HARVEST_PARTS
A04226,Monitor,Hyderabad,6.9,1,3,0,63.0,,7.0,1,5.0,HARVEST_PARTS
A04227,Laptop,Chennai,5.5,2,2,0,60.0,42.0,5.0,1,2.2,HARVEST_PARTS
A04228,Desktop,Mumbai,6.1,1,2,1,24.0,,6.0,1,8.0,RECYCLE
A04229,Laptop,Pune,5.1,1,3,0,69.0,57.0,5.0,1,2.2,REFURBISH_RESELL
A04230,Mobile,Hyderabad,3.4,1,2,0,71.0,69.0,3.0,1,0.2,REFURBISH_RESELL
A04231,Laptop,Mumbai,2.7,3,3,0,76.0,77.0,2.0,1,2.2,REFURBISH_RESELL
A04232,Monitor,Kolkata,2.9,1,1,0,87.0,,1.0,1,5.0,REDEPLOY
A04233,Monitor,Mumbai,9.1,3,2,0,31.0,,9.0,1,5.0,RECYCLE
A04234,Laptop,Pune,4.6,2,3,0,77.0,57.0,4.0,1,2.2,REFURBISH_RESELL
A04235,Laptop,Gurugram,7.2,1,3,0,52.0,43.0,7.0,1,2.2,RECYCLE
A04236,Laptop,Kolkata,3.2,3,4,0,74.0,59.0,2.0,1,2.2,REFURBISH_RESELL
A04237,Network,Mumbai,5.9,1,1,1,33.0,,5.0,1,4.0,RECYCLE
A04238,Desktop,Gurugram,2.6,2,4,0,85.0,,1.0,1,8.0,REDEPLOY
A04239,Monitor,Bengaluru,3.7,2,4,0,68.0,,2.0,1,5.0,REDEPLOY
A04240,Monitor,Mumbai,3.3,1,3,0,80.0,,4.0,1,5.0,REDEPLOY
A04241,Server,Noida,8.6,1,2,1,40.0,,7.0,1,25.0,RECYCLE
A04242,Desktop,Noida,2.8,3,2,0,83.0,,2.0,1,8.0,REFURBISH_RESELL
A04243,Desktop,Noida,5.6,1,4,0,65.0,,4.0,1,8.0,REFURBISH_RESELL
A04244,Monitor,Bengaluru,5.1,3,4,0,60.0,,4.0,1,5.0,HARVEST_PARTS
A04245,Laptop,Hyderabad,2.2,1,4,0,87.0,74.0,1.0,1,2.2,REDEPLOY
A04246,Network,Bengaluru,7.3,1,3,0,66.0,,6.0,1,4.0,HARVEST_PARTS
A04247,Laptop,Noida,7.7,1,1,0,39.0,5.0,6.0,1,2.2,RECYCLE
A04248,Laptop,Mumbai,4.6,1,2,1,45.0,47.0,4.0,1,2.2,RECYCLE
A04249,Server,Bengaluru,4.3,3,3,1,60.0,,4.0,1,25.0,RECYCLE
A04250,Laptop,Bengaluru,1.6,1,3,0,87.0,87.0,3.0,1,2.2,REDEPLOY
A04251,Laptop,Noida,2.0,2,3,0,82.0,77.0,2.0,1,2.2,REDEPLOY
A04252,Laptop,Pune,3.7,1,2,0,67.0,65.0,2.0,1,2.2,REFURBISH_RESELL
A04253,Desktop,Hyderabad,2.6,1,3,0,82.0,,1.0,1,8.0,REDEPLOY
A04254,Server,Hyderabad,6.3,1,4,0,66.0,,5.0,1,25.0,HARVEST_PARTS
A04255,Laptop,Pune,2.0,2,4,0,83.0,85.0,2.0,1,2.2,REDEPLOY
A04256,Laptop,Pune,1.9,2,3,0,91.0,84.0,3.0,1,2.2,REDEPLOY
A04257,Desktop,Bengaluru,5.4,1,3,1,31.0,,6.0,1,8.0,RECYCLE
A04258,Mobile,Hyderabad,4.9,3,1,0,59.0,59.0,6.0,1,0.2,HARVEST_PARTS
A04259,Laptop,Gurugram,4.5,1,4,0,61.0,60.0,4.0,1,2.2,REFURBISH_RESELL
A04260,Mobile,Noida,5.9,2,2,0,60.0,30.0,5.0,1,0.2,RECYCLE
A04261,Network,Pune,3.0,1,2,0,74.0,,3.0,1,4.0,REDEPLOY
A04262,Laptop,Bengaluru,3.4,2,3,0,86.0,65.0,2.0,1,2.2,REFURBISH_RESELL
A04263,Server,Pune,4.9,1,4,1,51.0,,4.0,1,25.0,RECYCLE
A04264,Monitor,Hyderabad,4.6,1,4,0,64.0,,4.0,1,5.0,REDEPLOY
A04265,Desktop,Hyderabad,2.7,2,3,0,76.0,,1.0,1,8.0,REDEPLOY
A04266,Laptop,Bengaluru,6.8,2,4,1,54.0,14.0,7.0,1,2.2,RECYCLE
A04267,Server,Kolkata,2.2,1,2,0,87.0,,1.0,1,25.0,REDEPLOY
A04268,Monitor,Bengaluru,3.6,2,2,0,68.0,,3.0,1,5.0,REFURBISH_RESELL
A04269,Monitor,Bengaluru,2.3,1,2,0,81.0,,1.0,1,5.0,REDEPLOY
A04270,Mobile,Pune,10.0,1,2,1,15.0,8.0,9.0,1,0.2,RECYCLE
A04271,Desktop,Pune,4.3,2,4,0,64.0,,5.0,1,8.0,REFURBISH_RESELL
A04272,Server,Bengaluru,2.5,3,2,0,84.0,,2.0,1,25.0,REDEPLOY
A04273,Network,Gurugram,3.4,1,3,0,81.0,,4.0,1,4.0,REDEPLOY
A04274,Laptop,Kolkata,4.8,2,4,0,67.0,51.0,4.0,1,2.2,HARVEST_PARTS
A04275,Laptop,Bengaluru,6.3,2,4,0,66.0,27.0,6.0,1,2.2,RECYCLE
A04276,Laptop,Noida,2.7,2,3,0,80.0,70.0,2.0,1,2.2,REDEPLOY
A04277,Network,Chennai,7.8,1,3,1,40.0,,6.0,1,4.0,RECYCLE
A04278,Laptop,Mumbai,4.3,1,4,0,72.0,46.0,4.0,1,2.2,REFURBISH_RESELL
A04279,Monitor,Noida,5.4,1,3,1,18.0,,6.0,0,5.0,RECYCLE
A04280,Laptop,Mumbai,3.2,1,1,0,73.0,70.0,2.0,1,2.2,REFURBISH_RESELL
A04281,Laptop,Gurugram,7.1,2,3,0,70.0,44.0,7.0,1,2.2,RECYCLE
A04282,Monitor,Chennai,5.0,1,4,0,62.0,,3.0,1,5.0,REFURBISH_RESELL
A04283,Laptop,Chennai,3.1,1,3,0,74.0,77.0,2.0,1,2.2,REFURBISH_RESELL
A04284,Network,Gurugram,3.4,2,3,0,74.0,,5.0,1,4.0,REFURBISH_RESELL
A04285,Laptop,Gurugram,6.4,1,1,0,67.0,45.0,5.0,1,2.2,RECYCLE
A04286,Mobile,Bengaluru,5.2,2,3,0,60.0,52.0,4.0,1,0.2,HARVEST_PARTS
A04287,Laptop,Pune,3.6,2,4,0,71.0,70.0,4.0,1,2.2,REFURBISH_RESELL
A04288,Mobile,Chennai,6.2,2,4,1,50.0,43.0,5.0,1,0.2,RECYCLE
A04289,Monitor,Mumbai,4.8,1,4,0,59.0,,5.0,1,5.0,REFURBISH_RESELL
A04290,Laptop,Mumbai,1.4,1,2,0,92.0,83.0,2.0,1,2.2,REDEPLOY
A04291,Laptop,Bengaluru,4.0,1,4,0,65.0,49.0,3.0,1,2.2,HARVEST_PARTS
A04292,Laptop,Chennai,6.3,2,2,0,59.0,52.0,7.0,1,2.2,RECYCLE
A04293,Desktop,Hyderabad,9.0,2,3,0,58.0,,7.0,1,8.0,RECYCLE
A04294,Server,Bengaluru,2.4,2,2,0,82.0,,2.0,1,25.0,REDEPLOY
A04295,Laptop,Gurugram,6.1,1,4,1,18.0,30.0,7.0,1,2.2,RECYCLE
A04296,Laptop,Bengaluru,4.2,2,4,0,67.0,55.0,5.0,1,2.2,REFURBISH_RESELL
A04297,Desktop,Gurugram,2.2,1,3,0,88.0,,2.0,1,8.0,REDEPLOY
A04298,Desktop,Gurugram,2.3,1,3,0,90.0,,2.0,1,8.0,REDEPLOY
A04299,Monitor,Gurugram,2.4,1,3,0,88.0,,2.0,1,5.0,REDEPLOY
A04300,Desktop,Bengaluru,1.8,2,2,1,53.0,,0.0,1,8.0,HARVEST_PARTS
A04301,Monitor,Bengaluru,2.1,2,1,0,91.0,,2.0,1,5.0,REDEPLOY
A04302,Mobile,Hyderabad,4.3,2,3,0,69.0,61.0,4.0,1,0.2,HARVEST_PARTS
A04303,Laptop,Pune,1.4,2,4,0,91.0,84.0,1.0,1,2.2,REDEPLOY
A04304,Laptop,Chennai,2.7,3,4,0,86.0,72.0,2.0,1,2.2,REFURBISH_RESELL
A04305,Laptop,Chennai,3.5,2,1,0,72.0,60.0,3.0,1,2.2,REFURBISH_RESELL
A04306,Desktop,Bengaluru,2.7,2,4,1,63.0,,1.0,1,8.0,REFURBISH_RESELL
A04307,Laptop,Bengaluru,2.0,1,4,1,52.0,77.0,2.0,1,2.2,REFURBISH_RESELL
A04308,Mobile,Noida,4.2,2,1,1,32.0,49.0,3.0,1,0.2,RECYCLE
A04309,Monitor,Mumbai,2.7,2,4,0,81.0,,2.0,1,5.0,REDEPLOY
A04310,Desktop,Gurugram,2.8,1,2,0,89.0,,2.0,1,8.0,REFURBISH_RESELL
A04311,Monitor,Hyderabad,3.9,1,4,1,35.0,,5.0,1,5.0,RECYCLE
A04312,Laptop,Noida,5.6,1,3,0,71.0,55.0,6.0,1,2.2,RECYCLE
A04313,Server,Noida,3.0,1,4,0,76.0,,4.0,1,25.0,REDEPLOY
A04314,Laptop,Mumbai,3.1,2,2,0,77.0,70.0,2.0,1,2.2,REFURBISH_RESELL
A04315,Monitor,Noida,2.1,1,4,0,85.0,,2.0,1,5.0,REDEPLOY
A04316,Mobile,Bengaluru,6.3,3,3,1,47.0,20.0,6.0,1,0.2,RECYCLE
A04317,Monitor,Noida,4.2,1,2,1,41.0,,4.0,1,5.0,RECYCLE
A04318,Network,Hyderabad,6.1,2,3,0,56.0,,6.0,1,4.0,RECYCLE
A04319,Laptop,Gurugram,6.6,2,3,0,47.0,23.0,6.0,1,2.2,HARVEST_PARTS
A04320,Server,Gurugram,3.0,2,3,0,82.0,,3.0,1,25.0,REDEPLOY
A04321,Desktop,Chennai,9.9,1,3,0,43.0,,9.0,1,8.0,RECYCLE
A04322,Monitor,Bengaluru,5.9,1,1,0,49.0,,6.0,1,5.0,HARVEST_PARTS
A04323,Laptop,Bengaluru,4.4,1,3,0,65.0,69.0,4.0,1,2.2,REFURBISH_RESELL
A04324,Laptop,Hyderabad,3.1,2,3,0,87.0,64.0,5.0,1,2.2,REFURBISH_RESELL
A04325,Desktop,Chennai,2.9,1,3,0,84.0,,2.0,1,8.0,REDEPLOY
A04326,Laptop,Bengaluru,4.1,1,3,0,66.0,50.0,4.0,1,2.2,REFURBISH_RESELL
A04327,Monitor,Bengaluru,4.6,3,1,0,64.0,,5.0,1,5.0,REFURBISH_RESELL
A04328,Server,Bengaluru,1.2,2,4,0,94.0,,3.0,1,25.0,REDEPLOY
A04329,Mobile,Chennai,3.3,1,3,1,50.0,71.0,4.0,1,0.2,HARVEST_PARTS
A04330,Laptop,Gurugram,4.5,1,4,0,78.0,60.0,3.0,1,2.2,REDEPLOY
A04331,Mobile,Hyderabad,5.1,2,3,0,65.0,45.0,5.0,1,0.2,HARVEST_PARTS
A04332,Laptop,Gurugram,3.8,3,2,0,83.0,57.0,2.0,1,2.2,REFURBISH_RESELL
A04333,Desktop,Mumbai,5.0,2,3,1,49.0,,4.0,1,8.0,RECYCLE
A04334,Server,Bengaluru,2.9,1,2,0,87.0,,2.0,1,25.0,REDEPLOY
A04335,Laptop,Mumbai,4.9,3,2,0,58.0,48.0,4.0,1,2.2,HARVEST_PARTS
A04336,Laptop,Bengaluru,4.6,1,1,0,77.0,62.0,5.0,1,2.2,HARVEST_PARTS
A04337,Laptop,Gurugram,6.5,1,3,1,31.0,17.0,7.0,1,2.2,RECYCLE
A04338,Desktop,Pune,8.0,1,4,0,61.0,,8.0,1,8.0,HARVEST_PARTS
A04339,Server,Noida,6.6,1,3,0,69.0,,6.0,1,25.0,HARVEST_PARTS
A04340,Laptop,Gurugram,3.6,1,2,0,86.0,73.0,2.0,0,2.2,HARVEST_PARTS
A04341,Laptop,Hyderabad,2.2,1,3,0,90.0,77.0,2.0,1,2.2,REFURBISH_RESELL
A04342,Desktop,Kolkata,2.7,1,3,0,82.0,,3.0,1,8.0,REDEPLOY
A04343,Laptop,Hyderabad,7.9,1,2,0,48.0,40.0,6.0,1,2.2,RECYCLE
A04344,Monitor,Mumbai,4.3,3,4,0,77.0,,4.0,1,5.0,REFURBISH_RESELL
A04345,Mobile,Gurugram,4.7,2,3,0,59.0,64.0,3.0,1,0.2,HARVEST_PARTS
A04346,Monitor,Pune,6.1,2,2,0,62.0,,4.0,1,5.0,REFURBISH_RESELL
A04347,Network,Mumbai,4.1,2,1,1,55.0,,4.0,1,4.0,RECYCLE
A04348,Desktop,Bengaluru,7.1,2,2,1,41.0,,6.0,1,8.0,RECYCLE
A04349,Server,Noida,2.1,1,4,0,89.0,,1.0,1,25.0,REDEPLOY
A04350,Laptop,Hyderabad,5.2,3,3,0,75.0,35.0,5.0,1,2.2,HARVEST_PARTS
A04351,Laptop,Gurugram,9.1,1,3,1,40.0,5.0,7.0,1,2.2,RECYCLE
A04352,Monitor,Bengaluru,7.3,1,3,1,13.0,,6.0,1,5.0,RECYCLE
A04353,Laptop,Bengaluru,7.5,3,2,0,42.0,12.0,7.0,1,2.2,RECYCLE
A04354,Network,Chennai,2.0,1,3,0,90.0,,2.0,1,4.0,REDEPLOY
A04355,Monitor,Gurugram,4.6,1,2,0,59.0,,5.0,1,5.0,REFURBISH_RESELL
A04356,Mobile,Pune,3.9,3,2,1,42.0,67.0,4.0,1,0.2,RECYCLE
A04357,Laptop,Bengaluru,2.7,1,2,0,86.0,69.0,3.0,1,2.2,REFURBISH_RESELL
A04358,Desktop,Hyderabad,4.6,1,2,0,74.0,,4.0,1,8.0,HARVEST_PARTS
A04359,Monitor,Bengaluru,2.2,3,4,0,81.0,,3.0,1,5.0,REDEPLOY
A04360,Laptop,Mumbai,5.0,3,4,0,55.0,55.0,4.0,1,2.2,REFURBISH_RESELL
A04361,Desktop,Noida,2.6,3,4,0,84.0,,2.0,1,8.0,REDEPLOY
A04362,Monitor,Bengaluru,4.9,1,2,0,60.0,,4.0,1,5.0,REFURBISH_RESELL
A04363,Mobile,Kolkata,2.7,2,1,1,39.0,76.0,2.0,0,0.2,RECYCLE
A04364,Monitor,Kolkata,3.5,2,1,0,71.0,,2.0,1,5.0,REFURBISH_RESELL
A04365,Laptop,Hyderabad,3.4,2,4,0,75.0,71.0,2.0,1,2.2,REFURBISH_RESELL
A04366,Desktop,Bengaluru,3.8,1,1,1,65.0,,3.0,1,8.0,HARVEST_PARTS
A04367,Desktop,Kolkata,4.0,2,2,0,74.0,,3.0,1,8.0,REFURBISH_RESELL
A04368,Laptop,Bengaluru,3.4,1,4,1,53.0,59.0,3.0,1,2.2,HARVEST_PARTS
A04369,Laptop,Noida,2.4,3,3,0,87.0,76.0,0.0,1,2.2,REDEPLOY
A04370,Laptop,Noida,6.7,2,1,0,49.0,34.0,8.0,1,2.2,RECYCLE
A04371,Laptop,Bengaluru,4.1,2,3,0,73.0,60.0,3.0,1,2.2,REFURBISH_RESELL
A04372,Desktop,Noida,4.7,1,1,1,48.0,,3.0,1,8.0,RECYCLE
A04373,Laptop,Kolkata,3.4,1,3,0,72.0,57.0,2.0,1,2.2,HARVEST_PARTS
A04374,Desktop,Mumbai,10.0,1,3,1,5.0,,9.0,1,8.0,RECYCLE
A04375,Laptop,Hyderabad,4.3,2,4,0,76.0,51.0,3.0,1,2.2,HARVEST_PARTS
A04376,Monitor,Pune,6.9,2,4,1,26.0,,6.0,1,5.0,RECYCLE
A04377,Laptop,Kolkata,3.5,1,2,0,76.0,56.0,3.0,1,2.2,REFURBISH_RESELL
A04378,Network,Chennai,5.3,1,3,0,71.0,,5.0,0,4.0,HARVEST_PARTS
A04379,Laptop,Noida,3.8,1,3,1,45.0,58.0,3.0,1,2.2,RECYCLE
A04380,Desktop,Gurugram,6.4,1,1,0,53.0,,6.0,1,8.0,RECYCLE
A04381,Laptop,Pune,3.2,1,4,0,74.0,77.0,4.0,0,2.2,HARVEST_PARTS
A04382,Laptop,Chennai,2.3,1,3,1,61.0,78.0,2.0,1,2.2,HARVEST_PARTS
A04383,Desktop,Bengaluru,4.6,1,1,0,63.0,,3.0,1,8.0,REFURBISH_RESELL
A04384,Server,Gurugram,6.6,2,1,1,47.0,,7.0,1,25.0,RECYCLE
A04385,Mobile,Hyderabad,3.8,1,2,0,76.0,58.0,4.0,1,0.2,REFURBISH_RESELL
A04386,Laptop,Hyderabad,3.1,1,3,0,78.0,65.0,3.0,1,2.2,REDEPLOY
A04387,Laptop,Noida,2.1,2,4,0,85.0,76.0,2.0,1,2.2,REDEPLOY
A04388,Monitor,Hyderabad,6.6,1,2,0,72.0,,5.0,1,5.0,HARVEST_PARTS
A04389,Desktop,Hyderabad,2.6,1,2,0,85.0,,3.0,1,8.0,REFURBISH_RESELL
A04390,Laptop,Bengaluru,3.3,1,2,0,82.0,66.0,4.0,1,2.2,REFURBISH_RESELL
A04391,Monitor,Bengaluru,3.3,1,3,0,71.0,,3.0,1,5.0,REDEPLOY
A04392,Desktop,Noida,4.0,2,3,1,49.0,,3.0,1,8.0,HARVEST_PARTS
A04393,Monitor,Mumbai,5.2,1,2,0,70.0,,3.0,1,5.0,REFURBISH_RESELL
A04394,Laptop,Noida,9.5,3,2,0,25.0,5.0,9.0,1,2.2,RECYCLE
A04395,Laptop,Kolkata,4.7,1,4,1,31.0,42.0,4.0,1,2.2,RECYCLE
A04396,Laptop,Hyderabad,2.1,2,4,0,87.0,76.0,3.0,1,2.2,REDEPLOY
A04397,Monitor,Noida,3.9,3,3,0,69.0,,2.0,1,5.0,REFURBISH_RESELL
A04398,Laptop,Pune,4.8,1,2,0,58.0,65.0,4.0,1,2.2,HARVEST_PARTS
A04399,Monitor,Chennai,7.1,2,2,0,59.0,,6.0,1,5.0,HARVEST_PARTS
A04400,Monitor,Chennai,6.7,1,4,0,68.0,,5.0,1,5.0,HARVEST_PARTS
A04401,Monitor,Hyderabad,3.8,1,3,0,67.0,,2.0,1,5.0,REFURBISH_RESELL
A04402,Laptop,Bengaluru,4.2,2,3,0,68.0,63.0,4.0,1,2.2,HARVEST_PARTS
A04403,Laptop,Pune,4.5,1,4,0,77.0,49.0,6.0,1,2.2,HARVEST_PARTS
A04404,Desktop,Bengaluru,4.2,3,2,0,83.0,,5.0,1,8.0,HARVEST_PARTS
A04405,Desktop,Bengaluru,3.9,2,3,0,71.0,,2.0,1,8.0,REFURBISH_RESELL
A04406,Mobile,Pune,8.1,2,2,0,42.0,7.0,7.0,1,0.2,RECYCLE
A04407,Laptop,Bengaluru,2.9,2,3,0,85.0,74.0,2.0,1,2.2,REFURBISH_RESELL
A04408,Network,Bengaluru,6.2,2,2,0,55.0,,6.0,1,4.0,HARVEST_PARTS
A04409,Laptop,Bengaluru,5.6,1,4,0,73.0,38.0,5.0,1,2.2,REFURBISH_RESELL
A04410,Laptop,Chennai,3.8,2,3,0,77.0,52.0,3.0,1,2.2,REFURBISH_RESELL
A04411,Laptop,Bengaluru,2.8,1,3,0,84.0,68.0,3.0,1,2.2,REDEPLOY
A04412,Monitor,Hyderabad,4.1,1,4,0,66.0,,4.0,1,5.0,REDEPLOY
A04413,Laptop,Noida,5.4,1,3,0,71.0,54.0,5.0,1,2.2,HARVEST_PARTS
A04414,Laptop,Pune,0.8,1,2,0,96.0,90.0,1.0,1,2.2,REDEPLOY
A04415,Monitor,Noida,2.2,1,3,0,83.0,,2.0,1,5.0,REDEPLOY
A04416,Desktop,Hyderabad,1.1,2,2,0,96.0,,1.0,1,8.0,REDEPLOY
A04417,Laptop,Pune,4.7,2,4,0,64.0,48.0,5.0,1,2.2,HARVEST_PARTS
A04418,Laptop,Chennai,4.6,3,4,0,81.0,65.0,5.0,1,2.2,REFURBISH_RESELL
A04419,Desktop,Pune,2.3,2,4,0,90.0,,3.0,1,8.0,REDEPLOY
A04420,Laptop,Bengaluru,2.7,2,2,0,83.0,71.0,1.0,1,2.2,REDEPLOY
A04421,Laptop,Bengaluru,4.5,3,4,0,60.0,54.0,4.0,1,2.2,HARVEST_PARTS
A04422,Monitor,Mumbai,1.7,2,4,0,92.0,,1.0,1,5.0,REDEPLOY
A04423,Laptop,Hyderabad,5.5,1,4,0,70.0,38.0,5.0,1,2.2,HARVEST_PARTS
A04424,Desktop,Kolkata,3.6,1,3,0,73.0,,4.0,1,8.0,REFURBISH_RESELL
A04425,Laptop,Hyderabad,4.0,1,3,0,66.0,54.0,3.0,1,2.2,REFURBISH_RESELL
A04426,Laptop,Bengaluru,4.1,1,3,0,73.0,67.0,4.0,1,2.2,REFURBISH_RESELL
A04427,Laptop,Bengaluru,2.1,3,2,0,86.0,79.0,1.0,1,2.2,REFURBISH_RESELL
A04428,Laptop,Chennai,4.2,1,3,0,77.0,55.0,5.0,1,2.2,REFURBISH_RESELL
A04429,Laptop,Pune,5.2,3,4,0,69.0,55.0,5.0,1,2.2,HARVEST_PARTS
A04430,Laptop,Bengaluru,2.8,1,3,1,52.0,74.0,2.0,1,2.2,HARVEST_PARTS
A04431,Mobile,Bengaluru,2.7,3,4,0,88.0,72.0,2.0,1,0.2,REDEPLOY
A04432,Server,Gurugram,9.3,1,4,0,29.0,,9.0,1,25.0,RECYCLE
A04433,Laptop,Pune,2.5,1,2,1,46.0,73.0,4.0,1,2.2,HARVEST_PARTS
A04434,Desktop,Mumbai,3.3,3,4,0,74.0,,3.0,1,8.0,REFURBISH_RESELL
A04435,Desktop,Hyderabad,7.5,1,2,0,46.0,,7.0,1,8.0,RECYCLE
A04436,Server,Bengaluru,1.7,2,3,0,93.0,,2.0,1,25.0,REDEPLOY
A04437,Laptop,Bengaluru,3.8,1,2,0,75.0,61.0,3.0,1,2.2,REFURBISH_RESELL
A04438,Laptop,Bengaluru,5.1,2,3,0,66.0,35.0,4.0,1,2.2,HARVEST_PARTS
A04439,Laptop,Chennai,3.9,2,3,0,82.0,60.0,4.0,1,2.2,REDEPLOY
A04440,Laptop,Bengaluru,1.5,2,3,0,87.0,87.0,2.0,1,2.2,REDEPLOY
A04441,Laptop,Gurugram,2.2,1,2,0,82.0,72.0,2.0,1,2.2,REDEPLOY
A04442,Network,Bengaluru,1.4,2,3,0,88.0,,0.0,1,4.0,REDEPLOY
A04443,Mobile,Bengaluru,3.6,1,3,0,75.0,69.0,4.0,1,0.2,REDEPLOY
A04444,Laptop,Chennai,4.8,2,3,0,61.0,48.0,6.0,1,2.2,HARVEST_PARTS
A04445,Desktop,Gurugram,2.8,2,4,0,86.0,,3.0,1,8.0,REDEPLOY
A04446,Laptop,Hyderabad,3.4,1,4,0,72.0,57.0,2.0,1,2.2,REFURBISH_RESELL
A04447,Desktop,Bengaluru,3.4,2,1,0,71.0,,4.0,1,8.0,HARVEST_PARTS
A04448,Desktop,Noida,6.9,1,3,0,72.0,,7.0,1,8.0,HARVEST_PARTS
A04449,Laptop,Mumbai,4.4,1,3,0,68.0,68.0,4.0,1,2.2,REFURBISH_RESELL
A04450,Server,Bengaluru,4.1,2,2,0,82.0,,4.0,1,25.0,REFURBISH_RESELL
A04451,Mobile,Pune,6.4,2,4,0,54.0,21.0,6.0,1,0.2,RECYCLE
A04452,Monitor,Gurugram,1.9,2,4,0,84.0,,3.0,1,5.0,REDEPLOY
A04453,Monitor,Pune,4.4,3,3,0,78.0,,5.0,1,5.0,HARVEST_PARTS
A04454,Desktop,Bengaluru,3.0,1,2,1,67.0,,3.0,1,8.0,RECYCLE
A04455,Laptop,Pune,7.3,3,3,0,67.0,25.0,7.0,1,2.2,RECYCLE
A04456,Laptop,Noida,6.4,2,3,1,32.0,25.0,6.0,1,2.2,RECYCLE
A04457,Desktop,Gurugram,3.0,1,3,0,86.0,,3.0,1,8.0,REDEPLOY
A04458,Laptop,Mumbai,3.5,2,2,0,69.0,70.0,3.0,0,2.2,HARVEST_PARTS
A04459,Server,Kolkata,2.4,1,3,0,87.0,,3.0,1,25.0,REFURBISH_RESELL
A04460,Laptop,Hyderabad,5.9,3,3,1,55.0,42.0,5.0,1,2.2,RECYCLE
A04461,Laptop,Mumbai,5.3,1,4,0,54.0,41.0,5.0,1,2.2,HARVEST_PARTS
A04462,Laptop,Mumbai,3.6,1,4,0,74.0,66.0,3.0,1,2.2,REDEPLOY
A04463,Mobile,Chennai,3.5,2,2,0,77.0,67.0,4.0,1,0.2,REFURBISH_RESELL
A04464,Laptop,Bengaluru,3.2,1,3,0,75.0,61.0,4.0,1,2.2,REFURBISH_RESELL
A04465,Laptop,Gurugram,7.1,1,2,0,41.0,16.0,6.0,1,2.2,RECYCLE
A04466,Laptop,Bengaluru,3.7,1,3,0,70.0,53.0,4.0,1,2.2,REFURBISH_RESELL
A04467,Monitor,Pune,3.2,3,3,0,82.0,,3.0,1,5.0,REDEPLOY
A04468,Mobile,Bengaluru,5.6,1,2,0,67.0,46.0,5.0,1,0.2,HARVEST_PARTS
A04469,Laptop,Hyderabad,1.0,1,4,0,93.0,88.0,-0.0,1,2.2,REDEPLOY
A04470,Mobile,Chennai,3.4,1,4,0,76.0,61.0,3.0,1,0.2,REDEPLOY
A04471,Laptop,Gurugram,6.0,3,3,0,67.0,42.0,6.0,1,2.2,RECYCLE
A04472,Monitor,Pune,7.9,3,3,0,63.0,,8.0,1,5.0,RECYCLE
A04473,Laptop,Kolkata,2.9,3,4,1,61.0,68.0,4.0,1,2.2,HARVEST_PARTS
A04474,Desktop,Gurugram,5.0,1,3,1,42.0,,5.0,0,8.0,RECYCLE
A04475,Monitor,Mumbai,2.9,1,2,0,84.0,,5.0,1,5.0,REFURBISH_RESELL
A04476,Desktop,Noida,9.6,2,2,0,44.0,,9.0,1,8.0,RECYCLE
A04477,Laptop,Chennai,4.3,1,1,0,77.0,58.0,3.0,1,2.2,REFURBISH_RESELL
A04478,Server,Chennai,5.3,1,4,1,41.0,,6.0,1,25.0,RECYCLE
A04479,Mobile,Noida,1.1,3,2,0,90.0,87.0,1.0,1,0.2,REFURBISH_RESELL
A04480,Desktop,Noida,3.1,1,2,0,85.0,,3.0,1,8.0,REFURBISH_RESELL
A04481,Monitor,Noida,5.6,1,4,0,56.0,,4.0,1,5.0,REFURBISH_RESELL
A04482,Monitor,Noida,1.9,1,4,0,86.0,,1.0,1,5.0,REDEPLOY
A04483,Laptop,Noida,4.3,1,4,0,62.0,60.0,3.0,1,2.2,REFURBISH_RESELL
A04484,Network,Mumbai,8.0,3,2,0,64.0,,7.0,1,4.0,RECYCLE
A04485,Laptop,Chennai,5.8,1,3,0,50.0,56.0,5.0,1,2.2,HARVEST_PARTS
A04486,Monitor,Pune,5.1,1,4,1,47.0,,6.0,1,5.0,REFURBISH_RESELL
A04487,Laptop,Pune,3.2,1,4,0,73.0,66.0,4.0,1,2.2,REDEPLOY
A04488,Laptop,Bengaluru,2.1,1,2,1,53.0,79.0,2.0,0,2.2,HARVEST_PARTS
A04489,Desktop,Gurugram,3.9,2,3,0,79.0,,3.0,1,8.0,REFURBISH_RESELL
A04490,Desktop,Gurugram,5.4,2,2,0,67.0,,4.0,1,8.0,HARVEST_PARTS
A04491,Network,Chennai,2.4,2,4,1,54.0,,2.0,1,4.0,HARVEST_PARTS
A04492,Mobile,Bengaluru,5.8,1,1,0,77.0,45.0,4.0,1,0.2,RECYCLE
A04493,Laptop,Gurugram,4.4,1,4,0,62.0,49.0,4.0,1,2.2,HARVEST_PARTS
A04494,Laptop,Noida,2.7,1,3,0,78.0,79.0,2.0,1,2.2,REFURBISH_RESELL
A04495,Laptop,Noida,1.6,3,1,0,93.0,89.0,1.0,1,2.2,REDEPLOY
A04496,Desktop,Hyderabad,1.9,2,3,0,88.0,,3.0,1,8.0,REDEPLOY
A04497,Desktop,Hyderabad,3.8,1,3,0,79.0,,3.0,1,8.0,REDEPLOY
A04498,Network,Kolkata,6.7,2,3,0,63.0,,6.0,1,4.0,RECYCLE
A04499,Monitor,Bengaluru,2.7,2,2,1,59.0,,4.0,1,5.0,HARVEST_PARTS
A04500,Laptop,Chennai,7.1,2,3,0,36.0,50.0,8.0,1,2.2,RECYCLE
A04501,Desktop,Mumbai,1.5,2,3,0,91.0,,2.0,1,8.0,REDEPLOY
A04502,Monitor,Hyderabad,4.1,3,4,0,67.0,,4.0,1,5.0,REFURBISH_RESELL
A04503,Desktop,Gurugram,3.9,1,1,0,81.0,,3.0,1,8.0,REFURBISH_RESELL
A04504,Laptop,Hyderabad,4.8,1,1,0,62.0,55.0,5.0,1,2.2,HARVEST_PARTS
A04505,Laptop,Noida,4.3,3,2,0,82.0,53.0,3.0,1,2.2,REFURBISH_RESELL
A04506,Laptop,Noida,3.2,2,2,0,82.0,63.0,2.0,1,2.2,REDEPLOY
A04507,Laptop,Noida,3.2,2,3,0,78.0,70.0,3.0,1,2.2,REFURBISH_RESELL
A04508,Monitor,Bengaluru,6.1,1,4,0,74.0,,5.0,1,5.0,REFURBISH_RESELL
A04509,Laptop,Kolkata,4.2,1,4,1,66.0,62.0,3.0,1,2.2,RECYCLE
A04510,Desktop,Hyderabad,1.1,3,2,0,94.0,,2.0,1,8.0,REDEPLOY
A04511,Desktop,Mumbai,3.4,1,3,0,78.0,,4.0,1,8.0,REFURBISH_RESELL
A04512,Network,Noida,3.5,2,4,1,66.0,,3.0,1,4.0,HARVEST_PARTS
A04513,Laptop,Mumbai,3.5,1,4,0,80.0,69.0,3.0,1,2.2,REDEPLOY
A04514,Laptop,Hyderabad,5.7,3,1,0,72.0,57.0,4.0,1,2.2,HARVEST_PARTS
A04515,Laptop,Hyderabad,3.0,1,4,0,86.0,63.0,4.0,1,2.2,REDEPLOY
A04516,Laptop,Mumbai,4.5,3,3,0,73.0,49.0,5.0,1,2.2,RECYCLE
A04517,Laptop,Chennai,8.1,1,2,1,42.0,5.0,7.0,1,2.2,RECYCLE
A04518,Monitor,Chennai,6.7,3,3,1,24.0,,7.0,1,5.0,RECYCLE
A04519,Laptop,Bengaluru,2.8,1,4,0,86.0,68.0,3.0,1,2.2,REFURBISH_RESELL
A04520,Laptop,Gurugram,4.3,3,3,0,79.0,54.0,4.0,1,2.2,HARVEST_PARTS
A04521,Laptop,Pune,0.8,2,3,0,95.0,93.0,1.0,1,2.2,REDEPLOY
A04522,Monitor,Kolkata,5.2,1,4,0,77.0,,5.0,1,5.0,REDEPLOY
A04523,Network,Hyderabad,2.1,1,3,1,53.0,,2.0,0,4.0,HARVEST_PARTS
A04524,Monitor,Gurugram,4.0,2,1,0,69.0,,5.0,1,5.0,HARVEST_PARTS
A04525,Desktop,Pune,3.7,2,2,0,82.0,,3.0,1,8.0,REFURBISH_RESELL
A04526,Monitor,Pune,6.5,1,4,0,54.0,,6.0,1,5.0,HARVEST_PARTS
A04527,Monitor,Gurugram,4.5,1,4,0,75.0,,6.0,1,5.0,REDEPLOY
A04528,Laptop,Gurugram,3.7,2,3,1,57.0,73.0,4.0,1,2.2,HARVEST_PARTS
A04529,Desktop,Mumbai,5.4,2,4,1,54.0,,5.0,1,8.0,RECYCLE
A04530,Monitor,Hyderabad,7.0,2,4,0,64.0,,6.0,1,5.0,REFURBISH_RESELL
A04531,Laptop,Gurugram,0.9,1,4,0,94.0,92.0,0.0,1,2.2,REDEPLOY
A04532,Monitor,Chennai,2.9,1,4,1,45.0,,3.0,1,5.0,REFURBISH_RESELL
A04533,Desktop,Noida,8.2,1,3,0,55.0,,7.0,1,8.0,HARVEST_PARTS
A04534,Desktop,Mumbai,10.0,1,4,0,49.0,,9.0,1,8.0,RECYCLE
A04535,Laptop,Hyderabad,2.6,3,4,0,85.0,68.0,1.0,1,2.2,REDEPLOY
A04536,Monitor,Noida,6.0,1,4,1,34.0,,6.0,1,5.0,RECYCLE
A04537,Network,Bengaluru,2.6,1,3,1,48.0,,2.0,1,4.0,RECYCLE
A04538,Laptop,Mumbai,2.3,1,3,0,81.0,73.0,4.0,1,2.2,REFURBISH_RESELL
A04539,Laptop,Chennai,3.8,1,4,0,73.0,67.0,3.0,1,2.2,REDEPLOY
A04540,Laptop,Kolkata,6.4,2,3,0,74.0,23.0,5.0,1,2.2,HARVEST_PARTS
A04541,Laptop,Mumbai,3.5,2,4,0,81.0,59.0,3.0,1,2.2,REDEPLOY
A04542,Mobile,Mumbai,6.3,2,2,0,60.0,29.0,5.0,0,0.2,HARVEST_PARTS
A04543,Desktop,Chennai,6.6,1,3,0,44.0,,5.0,1,8.0,HARVEST_PARTS
A04544,Laptop,Mumbai,3.2,3,3,0,84.0,77.0,3.0,1,2.2,REFURBISH_RESELL
A04545,Laptop,Pune,3.1,3,2,0,86.0,69.0,3.0,1,2.2,REFURBISH_RESELL
A04546,Mobile,Pune,3.6,3,3,0,76.0,58.0,3.0,1,0.2,REFURBISH_RESELL
A04547,Laptop,Bengaluru,4.0,1,3,0,73.0,65.0,3.0,1,2.2,REFURBISH_RESELL
A04548,Monitor,Pune,3.8,1,3,0,66.0,,3.0,1,5.0,REDEPLOY
A04549,Laptop,Bengaluru,4.2,3,3,0,72.0,67.0,3.0,1,2.2,REFURBISH_RESELL
A04550,Laptop,Chennai,3.3,2,3,0,87.0,65.0,2.0,1,2.2,REFURBISH_RESELL
A04551,Monitor,Mumbai,2.2,1,4,0,84.0,,3.0,1,5.0,REDEPLOY
A04552,Laptop,Bengaluru,9.1,3,3,0,54.0,16.0,9.0,1,2.2,RECYCLE
A04553,Monitor,Hyderabad,2.9,2,3,1,37.0,,3.0,1,5.0,HARVEST_PARTS
A04554,Laptop,Bengaluru,1.6,2,4,0,90.0,82.0,1.0,1,2.2,REDEPLOY
A04555,Monitor,Pune,5.6,1,1,1,42.0,,6.0,0,5.0,RECYCLE
A04556,Monitor,Noida,2.4,2,4,0,88.0,,3.0,1,5.0,REDEPLOY
A04557,Monitor,Noida,5.4,2,4,0,62.0,,5.0,1,5.0,HARVEST_PARTS
A04558,Laptop,Gurugram,2.9,1,3,1,47.0,71.0,5.0,1,2.2,RECYCLE
A04559,Monitor,Gurugram,10.0,2,2,1,30.0,,8.0,1,5.0,RECYCLE
A04560,Mobile,Kolkata,7.5,1,3,1,22.0,10.0,6.0,0,0.2,RECYCLE
A04561,Laptop,Chennai,3.7,1,3,1,47.0,60.0,3.0,1,2.2,HARVEST_PARTS
A04562,Laptop,Bengaluru,5.1,3,4,1,33.0,51.0,4.0,1,2.2,RECYCLE
A04563,Server,Hyderabad,4.6,1,1,1,52.0,,5.0,1,25.0,RECYCLE
A04564,Laptop,Pune,2.8,1,3,0,88.0,68.0,2.0,1,2.2,REDEPLOY
A04565,Monitor,Hyderabad,5.5,2,4,0,72.0,,3.0,1,5.0,REFURBISH_RESELL
A04566,Monitor,Hyderabad,4.2,2,2,1,65.0,,3.0,1,5.0,HARVEST_PARTS
A04567,Laptop,Mumbai,4.5,2,4,0,69.0,46.0,4.0,1,2.2,HARVEST_PARTS
A04568,Desktop,Bengaluru,5.3,1,3,0,78.0,,5.0,1,8.0,REFURBISH_RESELL
A04569,Desktop,Hyderabad,3.9,2,3,0,79.0,,2.0,1,8.0,REFURBISH_RESELL
A04570,Laptop,Pune,2.6,1,2,0,87.0,69.0,2.0,1,2.2,REFURBISH_RESELL
A04571,Network,Chennai,5.1,1,1,0,58.0,,5.0,1,4.0,RECYCLE
A04572,Laptop,Bengaluru,5.8,1,3,0,67.0,44.0,5.0,1,2.2,HARVEST_PARTS
A04573,Laptop,Hyderabad,5.8,1,3,1,38.0,48.0,6.0,1,2.2,RECYCLE
A04574,Server,Kolkata,5.8,2,3,1,43.0,,4.0,1,25.0,RECYCLE
A04575,Laptop,Hyderabad,4.8,1,4,1,51.0,43.0,4.0,1,2.2,RECYCLE
A04576,Server,Chennai,1.6,3,3,0,93.0,,2.0,1,25.0,REDEPLOY
A04577,Laptop,Gurugram,10.0,3,2,0,23.0,7.0,9.0,1,2.2,RECYCLE
A04578,Desktop,Gurugram,5.7,1,3,0,53.0,,5.0,1,8.0,HARVEST_PARTS
A04579,Laptop,Hyderabad,3.4,2,3,0,80.0,67.0,2.0,1,2.2,REDEPLOY
A04580,Monitor,Bengaluru,6.1,2,3,0,49.0,,6.0,1,5.0,HARVEST_PARTS
A04581,Monitor,Noida,2.2,1,2,0,84.0,,2.0,1,5.0,REDEPLOY
A04582,Server,Bengaluru,5.4,1,4,1,43.0,,5.0,1,25.0,RECYCLE
A04583,Mobile,Bengaluru,3.5,2,4,0,76.0,60.0,4.0,1,0.2,REFURBISH_RESELL
A04584,Monitor,Bengaluru,2.3,1,3,0,86.0,,3.0,1,5.0,REDEPLOY
A04585,Monitor,Noida,2.3,2,4,0,87.0,,1.0,1,5.0,REDEPLOY
A04586,Desktop,Noida,5.0,1,2,1,27.0,,4.0,1,8.0,RECYCLE
A04587,Mobile,Bengaluru,5.3,1,3,0,57.0,54.0,5.0,1,0.2,HARVEST_PARTS
A04588,Monitor,Kolkata,2.5,2,4,0,86.0,,2.0,1,5.0,REDEPLOY
A04589,Network,Hyderabad,3.6,1,2,0,74.0,,3.0,1,4.0,REFURBISH_RESELL
A04590,Laptop,Mumbai,4.7,2,4,0,64.0,48.0,5.0,1,2.2,HARVEST_PARTS
A04591,Desktop,Gurugram,3.1,2,3,0,84.0,,2.0,1,8.0,REFURBISH_RESELL
A04592,Monitor,Mumbai,9.4,1,3,1,20.0,,7.0,1,5.0,RECYCLE
A04593,Laptop,Mumbai,5.0,3,2,0,72.0,58.0,4.0,1,2.2,HARVEST_PARTS
A04594,Laptop,Noida,3.9,1,4,0,79.0,56.0,4.0,1,2.2,REFURBISH_RESELL
A04595,Mobile,Mumbai,6.6,2,3,1,33.0,51.0,7.0,1,0.2,RECYCLE
A04596,Laptop,Hyderabad,5.2,1,1,0,71.0,37.0,6.0,1,2.2,RECYCLE
A04597,Laptop,Noida,4.8,1,3,0,69.0,44.0,4.0,1,2.2,REFURBISH_RESELL
A04598,Laptop,Noida,5.1,3,4,0,71.0,41.0,4.0,1,2.2,HARVEST_PARTS
A04599,Laptop,Bengaluru,5.8,3,4,0,56.0,58.0,5.0,1,2.2,HARVEST_PARTS
A04600,Monitor,Bengaluru,3.0,1,3,0,75.0,,3.0,1,5.0,REDEPLOY
A04601,Mobile,Kolkata,1.4,1,3,0,89.0,89.0,-0.0,1,0.2,REDEPLOY
A04602,Mobile,Hyderabad,6.8,2,3,0,54.0,38.0,5.0,1,0.2,HARVEST_PARTS
A04603,Monitor,Gurugram,4.2,1,3,0,69.0,,3.0,1,5.0,REFURBISH_RESELL
A04604,Monitor,Noida,3.3,3,2,0,72.0,,4.0,1,5.0,REFURBISH_RESELL
A04605,Laptop,Chennai,2.6,1,3,0,82.0,70.0,2.0,1,2.2,REDEPLOY
A04606,Network,Bengaluru,2.5,1,2,0,89.0,,2.0,1,4.0,REDEPLOY
A04607,Laptop,Bengaluru,4.4,1,4,1,54.0,50.0,4.0,1,2.2,RECYCLE
A04608,Laptop,Pune,4.0,1,3,1,48.0,67.0,4.0,1,2.2,HARVEST_PARTS
A04609,Mobile,Hyderabad,6.6,3,2,0,41.0,34.0,5.0,1,0.2,RECYCLE
A04610,Network,Bengaluru,5.3,2,2,1,45.0,,5.0,1,4.0,RECYCLE
A04611,Laptop,Bengaluru,5.8,1,4,0,64.0,55.0,5.0,1,2.2,HARVEST_PARTS
A04612,Monitor,Chennai,6.5,1,4,1,25.0,,7.0,1,5.0,RECYCLE
A04613,Desktop,Chennai,4.6,1,3,0,59.0,,4.0,0,8.0,HARVEST_PARTS
A04614,Laptop,Chennai,8.0,2,3,0,37.0,39.0,6.0,1,2.2,RECYCLE
A04615,Laptop,Kolkata,2.9,2,3,0,85.0,73.0,3.0,1,2.2,REDEPLOY
A04616,Laptop,Bengaluru,6.4,1,4,1,26.0,22.0,6.0,0,2.2,RECYCLE
A04617,Desktop,Pune,1.4,2,3,0,93.0,,1.0,1,8.0,REDEPLOY
A04618,Laptop,Mumbai,1.5,2,4,0,87.0,82.0,1.0,1,2.2,REDEPLOY
A04619,Desktop,Hyderabad,2.2,3,4,1,52.0,,1.0,1,8.0,REFURBISH_RESELL
A04620,Laptop,Noida,3.9,2,3,0,83.0,66.0,4.0,1,2.2,REFURBISH_RESELL
A04621,Mobile,Bengaluru,1.3,1,2,0,93.0,86.0,2.0,1,0.2,REDEPLOY
A04622,Monitor,Kolkata,3.8,1,2,0,75.0,,3.0,1,5.0,REDEPLOY
A04623,Network,Gurugram,3.4,3,4,1,52.0,,2.0,1,4.0,HARVEST_PARTS
A04624,Laptop,Hyderabad,9.8,1,4,1,27.0,5.0,9.0,1,2.2,RECYCLE
A04625,Monitor,Hyderabad,1.9,1,4,0,86.0,,1.0,1,5.0,REDEPLOY
A04626,Server,Bengaluru,4.3,1,1,0,78.0,,2.0,1,25.0,REFURBISH_RESELL
A04627,Laptop,Noida,5.3,2,4,0,53.0,34.0,5.0,1,2.2,HARVEST_PARTS
A04628,Laptop,Pune,1.5,2,1,0,88.0,84.0,-0.0,1,2.2,REDEPLOY
A04629,Laptop,Hyderabad,7.8,2,3,0,51.0,30.0,7.0,1,2.2,HARVEST_PARTS
A04630,Laptop,Noida,5.7,1,2,0,67.0,40.0,6.0,1,2.2,HARVEST_PARTS
A04631,Laptop,Pune,6.9,2,4,0,66.0,44.0,6.0,1,2.2,HARVEST_PARTS
A04632,Laptop,Pune,4.6,3,3,0,80.0,41.0,5.0,1,2.2,HARVEST_PARTS
A04633,Laptop,Bengaluru,2.7,1,4,0,79.0,68.0,3.0,1,2.2,REDEPLOY
A04634,Monitor,Noida,1.8,1,3,0,85.0,,1.0,1,5.0,REDEPLOY
A04635,Laptop,Hyderabad,0.8,3,3,0,95.0,93.0,1.0,1,2.2,REDEPLOY
A04636,Laptop,Mumbai,5.9,1,2,0,50.0,31.0,5.0,1,2.2,HARVEST_PARTS
A04637,Monitor,Noida,3.3,1,3,0,71.0,,3.0,1,5.0,REDEPLOY
A04638,Laptop,Gurugram,1.2,1,1,1,52.0,88.0,2.0,1,2.2,HARVEST_PARTS
A04639,Laptop,Gurugram,3.4,2,3,1,66.0,72.0,4.0,1,2.2,HARVEST_PARTS
A04640,Laptop,Mumbai,4.0,2,3,0,68.0,58.0,4.0,1,2.2,REDEPLOY
A04641,Laptop,Pune,7.4,2,4,1,49.0,6.0,6.0,1,2.2,RECYCLE
A04642,Desktop,Noida,3.6,1,4,0,69.0,,3.0,1,8.0,REFURBISH_RESELL
A04643,Laptop,Hyderabad,4.0,1,4,0,80.0,55.0,3.0,0,2.2,HARVEST_PARTS
A04644,Laptop,Pune,4.1,1,4,0,76.0,71.0,4.0,1,2.2,REDEPLOY
A04645,Mobile,Chennai,6.3,1,4,0,71.0,26.0,7.0,1,0.2,HARVEST_PARTS
A04646,Mobile,Hyderabad,2.8,2,4,0,85.0,69.0,4.0,1,0.2,REFURBISH_RESELL
A04647,Laptop,Mumbai,4.9,2,4,1,35.0,63.0,3.0,1,2.2,HARVEST_PARTS
A04648,Laptop,Mumbai,3.1,3,2,0,82.0,61.0,2.0,1,2.2,REFURBISH_RESELL
A04649,Desktop,Mumbai,7.3,1,3,0,48.0,,7.0,1,8.0,HARVEST_PARTS
A04650,Server,Mumbai,8.1,1,1,1,31.0,,7.0,1,25.0,RECYCLE
A04651,Server,Gurugram,4.4,2,3,0,70.0,,5.0,0,25.0,HARVEST_PARTS
A04652,Laptop,Mumbai,4.8,2,4,0,66.0,52.0,5.0,1,2.2,HARVEST_PARTS
A04653,Laptop,Pune,3.6,1,2,0,69.0,75.0,4.0,1,2.2,REFURBISH_RESELL
A04654,Laptop,Noida,1.5,3,2,0,87.0,85.0,1.0,1,2.2,REDEPLOY
A04655,Network,Hyderabad,4.1,2,3,0,78.0,,4.0,1,4.0,REFURBISH_RESELL
A04656,Network,Bengaluru,3.9,1,4,0,75.0,,4.0,1,4.0,REFURBISH_RESELL
A04657,Laptop,Hyderabad,3.4,2,2,0,85.0,57.0,3.0,1,2.2,REFURBISH_RESELL
A04658,Desktop,Noida,3.6,2,1,1,43.0,,2.0,1,8.0,RECYCLE
A04659,Laptop,Hyderabad,5.0,1,1,1,52.0,57.0,6.0,1,2.2,RECYCLE
A04660,Monitor,Hyderabad,4.8,1,3,0,58.0,,3.0,1,5.0,REDEPLOY
A04661,Mobile,Hyderabad,3.6,1,4,0,72.0,60.0,2.0,1,0.2,REDEPLOY
A04662,Desktop,Gurugram,7.6,1,3,0,36.0,,7.0,1,8.0,HARVEST_PARTS
A04663,Laptop,Bengaluru,1.3,2,3,0,93.0,88.0,2.0,1,2.2,REDEPLOY
A04664,Desktop,Chennai,2.9,1,4,0,76.0,,2.0,1,8.0,REDEPLOY
A04665,Laptop,Bengaluru,5.9,1,4,0,54.0,56.0,5.0,1,2.2,HARVEST_PARTS
A04666,Server,Bengaluru,1.6,2,1,0,92.0,,2.0,1,25.0,REDEPLOY
A04667,Laptop,Pune,1.3,1,4,0,93.0,85.0,3.0,1,2.2,REDEPLOY
A04668,Network,Kolkata,2.8,2,4,0,79.0,,4.0,1,4.0,REDEPLOY
A04669,Laptop,Bengaluru,3.9,2,3,0,78.0,50.0,4.0,1,2.2,HARVEST_PARTS
A04670,Laptop,Bengaluru,3.2,2,1,0,83.0,62.0,3.0,1,2.2,REDEPLOY
A04671,Laptop,Mumbai,4.4,1,1,1,43.0,44.0,4.0,0,2.2,RECYCLE
A04672,Laptop,Gurugram,1.4,1,4,0,91.0,89.0,1.0,1,2.2,REDEPLOY
A04673,Laptop,Bengaluru,2.7,2,3,0,84.0,80.0,2.0,1,2.2,REFURBISH_RESELL
A04674,Monitor,Hyderabad,5.5,1,1,0,68.0,,5.0,1,5.0,REFURBISH_RESELL
A04675,Laptop,Noida,4.9,2,3,0,65.0,55.0,4.0,1,2.2,HARVEST_PARTS
A04676,Laptop,Mumbai,3.0,1,4,0,78.0,78.0,2.0,1,2.2,REDEPLOY
A04677,Laptop,Bengaluru,4.3,2,2,0,64.0,63.0,3.0,1,2.2,REFURBISH_RESELL
A04678,Laptop,Gurugram,3.9,1,3,0,72.0,70.0,3.0,1,2.2,REFURBISH_RESELL
A04679,Network,Bengaluru,3.9,1,3,0,66.0,,3.0,1,4.0,REFURBISH_RESELL
A04680,Mobile,Chennai,4.6,1,3,1,31.0,42.0,4.0,1,0.2,RECYCLE
A04681,Laptop,Mumbai,8.3,2,4,0,46.0,5.0,8.0,1,2.2,RECYCLE
A04682,Monitor,Chennai,8.4,1,2,0,33.0,,10.0,1,5.0,RECYCLE
A04683,Monitor,Chennai,1.6,1,3,0,92.0,,2.0,1,5.0,REDEPLOY
A04684,Mobile,Pune,3.5,2,4,0,75.0,75.0,4.0,1,0.2,REDEPLOY
A04685,Laptop,Chennai,2.1,1,3,0,87.0,82.0,3.0,1,2.2,REDEPLOY
A04686,Laptop,Gurugram,4.8,2,3,0,78.0,63.0,5.0,1,2.2,REFURBISH_RESELL
A04687,Desktop,Chennai,3.6,1,3,0,80.0,,2.0,1,8.0,REFURBISH_RESELL
A04688,Network,Bengaluru,6.4,1,2,0,54.0,,6.0,1,4.0,RECYCLE
A04689,Monitor,Noida,4.0,1,2,0,65.0,,3.0,1,5.0,REFURBISH_RESELL
A04690,Desktop,Gurugram,7.7,3,3,0,48.0,,6.0,1,8.0,RECYCLE
A04691,Laptop,Bengaluru,8.5,1,3,1,22.0,16.0,6.0,1,2.2,RECYCLE
A04692,Monitor,Bengaluru,7.6,1,3,0,36.0,,6.0,1,5.0,HARVEST_PARTS
A04693,Network,Bengaluru,1.1,1,3,0,95.0,,1.0,1,4.0,REDEPLOY
A04694,Laptop,Bengaluru,4.6,2,3,0,80.0,52.0,4.0,1,2.2,REFURBISH_RESELL
A04695,Monitor,Chennai,3.4,1,3,0,81.0,,3.0,1,5.0,REFURBISH_RESELL
A04696,Laptop,Bengaluru,3.6,2,2,0,84.0,72.0,3.0,1,2.2,REFURBISH_RESELL
A04697,Desktop,Chennai,5.9,1,2,0,64.0,,6.0,1,8.0,HARVEST_PARTS
A04698,Desktop,Chennai,3.5,2,4,0,82.0,,4.0,1,8.0,REFURBISH_RESELL
A04699,Monitor,Bengaluru,4.1,3,1,0,80.0,,4.0,1,5.0,HARVEST_PARTS
A04700,Mobile,Hyderabad,4.3,1,1,0,79.0,56.0,4.0,1,0.2,REFURBISH_RESELL
A04701,Laptop,Chennai,1.3,3,4,0,93.0,91.0,2.0,1,2.2,REDEPLOY
A04702,Laptop,Pune,3.2,3,1,0,79.0,61.0,1.0,1,2.2,HARVEST_PARTS
A04703,Laptop,Hyderabad,6.7,1,3,0,73.0,50.0,6.0,0,2.2,RECYCLE
A04704,Laptop,Chennai,1.2,2,4,0,91.0,89.0,1.0,1,2.2,REDEPLOY
A04705,Laptop,Bengaluru,5.2,2,2,0,61.0,56.0,6.0,1,2.2,RECYCLE
A04706,Laptop,Hyderabad,2.5,2,4,0,81.0,81.0,3.0,1,2.2,REDEPLOY
A04707,Laptop,Bengaluru,3.3,2,2,0,78.0,68.0,3.0,1,2.2,REFURBISH_RESELL
A04708,Laptop,Gurugram,5.7,2,2,0,64.0,32.0,5.0,1,2.2,RECYCLE
A04709,Laptop,Bengaluru,2.2,1,3,0,85.0,72.0,0.0,1,2.2,REDEPLOY
A04710,Monitor,Pune,3.5,2,3,0,81.0,,2.0,1,5.0,REFURBISH_RESELL
A04711,Laptop,Noida,1.6,1,4,0,93.0,79.0,1.0,1,2.2,REDEPLOY
A04712,Monitor,Chennai,4.9,2,3,0,68.0,,5.0,1,5.0,HARVEST_PARTS
A04713,Mobile,Mumbai,2.7,1,3,0,77.0,75.0,2.0,1,0.2,REDEPLOY
A04714,Desktop,Hyderabad,1.8,2,2,0,88.0,,3.0,1,8.0,REDEPLOY
A04715,Laptop,Mumbai,4.0,2,2,0,78.0,62.0,3.0,0,2.2,HARVEST_PARTS
A04716,Laptop,Hyderabad,1.6,1,3,0,92.0,86.0,3.0,0,2.2,HARVEST_PARTS
A04717,Desktop,Noida,3.3,2,3,0,86.0,,2.0,1,8.0,REDEPLOY
A04718,Desktop,Noida,2.6,2,3,0,78.0,,3.0,1,8.0,REFURBISH_RESELL
A04719,Laptop,Gurugram,4.5,1,3,0,75.0,56.0,4.0,1,2.2,REFURBISH_RESELL
A04720,Laptop,Bengaluru,4.5,1,4,0,62.0,45.0,4.0,1,2.2,HARVEST_PARTS
A04721,Desktop,Kolkata,2.8,1,3,0,76.0,,2.0,1,8.0,REDEPLOY
A04722,Laptop,Mumbai,7.7,1,3,0,52.0,33.0,6.0,1,2.2,RECYCLE
A04723,Monitor,Noida,6.5,2,3,0,60.0,,6.0,1,5.0,HARVEST_PARTS
A04724,Laptop,Chennai,2.4,1,4,0,87.0,70.0,2.0,1,2.2,REDEPLOY
A04725,Laptop,Bengaluru,10.0,2,3,1,5.0,5.0,9.0,1,2.2,RECYCLE
A04726,Server,Hyderabad,5.6,1,2,0,72.0,,5.0,1,25.0,HARVEST_PARTS
A04727,Laptop,Bengaluru,4.7,1,2,0,73.0,46.0,4.0,1,2.2,HARVEST_PARTS
A04728,Monitor,Mumbai,4.8,2,3,0,74.0,,4.0,1,5.0,REFURBISH_RESELL
A04729,Laptop,Hyderabad,2.1,1,2,0,88.0,83.0,3.0,1,2.2,REFURBISH_RESELL
A04730,Laptop,Bengaluru,7.0,3,2,0,69.0,25.0,5.0,1,2.2,RECYCLE
A04731,Mobile,Kolkata,1.3,1,2,0,91.0,90.0,2.0,1,0.2,REDEPLOY
A04732,Laptop,Chennai,4.8,2,2,0,79.0,65.0,6.0,1,2.2,REFURBISH_RESELL
A04733,Laptop,Mumbai,6.5,2,2,0,49.0,30.0,7.0,1,2.2,RECYCLE
A04734,Mobile,Bengaluru,2.5,2,2,0,85.0,68.0,1.0,1,0.2,REDEPLOY
A04735,Monitor,Noida,5.8,2,4,0,55.0,,5.0,1,5.0,HARVEST_PARTS
A04736,Monitor,Chennai,4.2,1,3,0,80.0,,4.0,1,5.0,REDEPLOY
A04737,Laptop,Kolkata,5.9,2,2,0,59.0,41.0,4.0,1,2.2,RECYCLE
A04738,Laptop,Hyderabad,6.4,2,4,0,68.0,24.0,5.0,1,2.2,RECYCLE
A04739,Monitor,Gurugram,8.0,2,4,1,9.0,,6.0,1,5.0,RECYCLE
A04740,Laptop,Bengaluru,7.2,1,3,0,56.0,33.0,7.0,1,2.2,RECYCLE
A04741,Laptop,Chennai,1.4,1,3,1,64.0,89.0,2.0,1,2.2,HARVEST_PARTS
A04742,Monitor,Bengaluru,2.4,1,2,0,89.0,,2.0,1,5.0,REDEPLOY
A04743,Laptop,Kolkata,5.1,1,3,1,42.0,35.0,4.0,1,2.2,RECYCLE
A04744,Laptop,Pune,6.4,1,4,0,59.0,44.0,5.0,1,2.2,HARVEST_PARTS
A04745,Laptop,Noida,2.2,1,2,1,65.0,79.0,2.0,1,2.2,HARVEST_PARTS
A04746,Laptop,Mumbai,5.5,1,4,0,71.0,46.0,4.0,1,2.2,HARVEST_PARTS
A04747,Monitor,Gurugram,7.4,1,2,1,10.0,,6.0,1,5.0,RECYCLE
A04748,Network,Mumbai,6.3,1,3,0,45.0,,6.0,1,4.0,HARVEST_PARTS
A04749,Laptop,Mumbai,5.5,2,4,0,52.0,32.0,6.0,1,2.2,RECYCLE
A04750,Laptop,Chennai,3.9,3,3,0,69.0,56.0,4.0,1,2.2,HARVEST_PARTS
A04751,Desktop,Noida,3.8,1,3,0,77.0,,2.0,1,8.0,REFURBISH_RESELL
A04752,Laptop,Hyderabad,9.9,1,2,0,51.0,5.0,10.0,1,2.2,RECYCLE
A04753,Desktop,Chennai,0.4,1,3,0,98.0,,0.0,1,8.0,REDEPLOY
A04754,Mobile,Chennai,3.1,2,1,0,76.0,75.0,2.0,1,0.2,REDEPLOY
A04755,Desktop,Hyderabad,2.4,3,3,1,59.0,,2.0,1,8.0,HARVEST_PARTS
A04756,Laptop,Hyderabad,1.8,1,4,0,90.0,83.0,2.0,1,2.2,REDEPLOY
A04757,Mobile,Bengaluru,5.3,1,3,0,72.0,43.0,4.0,1,0.2,HARVEST_PARTS
A04758,Laptop,Pune,5.0,1,3,1,58.0,41.0,6.0,1,2.2,RECYCLE
A04759,Mobile,Pune,4.1,1,4,1,61.0,47.0,4.0,1,0.2,RECYCLE
A04760,Desktop,Pune,5.0,1,4,0,63.0,,5.0,1,8.0,REFURBISH_RESELL
A04761,Desktop,Chennai,5.9,2,3,1,46.0,,4.0,1,8.0,RECYCLE
A04762,Mobile,Bengaluru,3.6,1,3,0,79.0,58.0,4.0,0,0.2,HARVEST_PARTS
A04763,Desktop,Bengaluru,5.1,1,2,0,58.0,,4.0,1,8.0,HARVEST_PARTS
A04764,Laptop,Bengaluru,3.4,2,4,0,83.0,71.0,2.0,1,2.2,REDEPLOY
A04765,Laptop,Kolkata,5.2,2,3,1,53.0,59.0,4.0,1,2.2,RECYCLE
A04766,Monitor,Kolkata,7.4,1,3,0,50.0,,8.0,1,5.0,HARVEST_PARTS
A04767,Desktop,Gurugram,6.2,2,1,0,61.0,,6.0,1,8.0,RECYCLE
A04768,Laptop,Pune,8.7,1,4,0,26.0,5.0,8.0,1,2.2,RECYCLE
A04769,Monitor,Kolkata,3.1,1,4,0,87.0,,2.0,1,5.0,REDEPLOY
A04770,Monitor,Gurugram,2.7,1,4,0,78.0,,3.0,1,5.0,REDEPLOY
A04771,Laptop,Kolkata,4.9,1,1,0,70.0,58.0,3.0,1,2.2,HARVEST_PARTS
A04772,Laptop,Mumbai,3.2,1,4,0,74.0,69.0,3.0,1,2.2,REFURBISH_RESELL
A04773,Laptop,Noida,5.3,2,2,0,67.0,37.0,4.0,1,2.2,HARVEST_PARTS
A04774,Laptop,Gurugram,4.5,3,3,0,78.0,57.0,3.0,1,2.2,REFURBISH_RESELL
A04775,Laptop,Chennai,2.4,1,2,0,84.0,81.0,2.0,0,2.2,HARVEST_PARTS
A04776,Laptop,Noida,5.0,1,3,0,56.0,51.0,3.0,1,2.2,REFURBISH_RESELL
A04777,Laptop,Bengaluru,2.5,1,3,0,89.0,72.0,2.0,1,2.2,REDEPLOY
A04778,Laptop,Mumbai,7.7,1,1,0,35.0,10.0,5.0,1,2.2,RECYCLE
A04779,Monitor,Bengaluru,3.7,2,4,0,74.0,,3.0,0,5.0,HARVEST_PARTS
A04780,Laptop,Gurugram,2.7,1,3,0,78.0,78.0,1.0,1,2.2,REDEPLOY
A04781,Mobile,Hyderabad,4.5,2,1,0,63.0,54.0,4.0,1,0.2,HARVEST_PARTS
A04782,Mobile,Pune,4.8,1,4,0,78.0,62.0,4.0,1,0.2,REDEPLOY
A04783,Desktop,Bengaluru,3.0,2,2,1,70.0,,3.0,1,8.0,HARVEST_PARTS
A04784,Mobile,Mumbai,3.0,1,4,0,79.0,64.0,4.0,1,0.2,REFURBISH_RESELL
A04785,Network,Bengaluru,1.6,1,4,0,87.0,,2.0,1,4.0,REDEPLOY
A04786,Laptop,Gurugram,6.1,1,4,1,46.0,31.0,5.0,1,2.2,RECYCLE
A04787,Monitor,Mumbai,7.6,2,2,0,33.0,,7.0,1,5.0,HARVEST_PARTS
A04788,Laptop,Bengaluru,6.5,1,4,0,73.0,46.0,5.0,1,2.2,HARVEST_PARTS
A04789,Monitor,Mumbai,2.7,2,3,0,81.0,,2.0,1,5.0,REDEPLOY
A04790,Desktop,Chennai,5.0,1,2,0,64.0,,6.0,1,8.0,HARVEST_PARTS
A04791,Laptop,Chennai,4.6,1,4,0,68.0,54.0,3.0,1,2.2,REFURBISH_RESELL
A04792,Laptop,Chennai,1.8,2,4,0,92.0,83.0,3.0,1,2.2,REDEPLOY
A04793,Mobile,Chennai,3.0,1,4,0,81.0,73.0,1.0,1,0.2,REFURBISH_RESELL
A04794,Laptop,Mumbai,4.8,3,4,0,76.0,66.0,4.0,1,2.2,REFURBISH_RESELL
A04795,Laptop,Hyderabad,1.2,2,3,0,92.0,87.0,0.0,1,2.2,REDEPLOY
A04796,Laptop,Pune,2.2,1,3,0,87.0,78.0,0.0,1,2.2,REDEPLOY
A04797,Desktop,Gurugram,5.7,2,1,1,34.0,,6.0,1,8.0,RECYCLE
A04798,Server,Gurugram,2.6,1,2,0,89.0,,2.0,1,25.0,REDEPLOY
A04799,Monitor,Gurugram,1.8,3,1,0,89.0,,2.0,1,5.0,REDEPLOY
A04800,Laptop,Hyderabad,6.4,2,2,0,47.0,35.0,5.0,1,2.2,RECYCLE
A04801,Laptop,Noida,2.6,1,1,0,81.0,74.0,3.0,1,2.2,REFURBISH_RESELL
A04802,Laptop,Pune,5.8,2,4,0,72.0,57.0,5.0,1,2.2,HARVEST_PARTS
A04803,Desktop,Pune,8.6,1,4,0,31.0,,9.0,1,8.0,HARVEST_PARTS
A04804,Server,Noida,2.2,1,3,0,88.0,,2.0,1,25.0,REDEPLOY
A04805,Monitor,Chennai,3.7,1,3,0,76.0,,4.0,1,5.0,REFURBISH_RESELL
A04806,Laptop,Kolkata,4.6,1,2,0,68.0,55.0,4.0,1,2.2,HARVEST_PARTS
A04807,Desktop,Bengaluru,6.3,1,3,1,56.0,,7.0,1,8.0,RECYCLE
A04808,Laptop,Pune,3.0,3,1,0,78.0,73.0,3.0,1,2.2,HARVEST_PARTS
A04809,Desktop,Mumbai,0.8,1,4,0,94.0,,2.0,1,8.0,REDEPLOY
A04810,Desktop,Mumbai,2.2,3,3,0,84.0,,2.0,1,8.0,REFURBISH_RESELL
A04811,Monitor,Gurugram,3.3,1,3,1,52.0,,4.0,1,5.0,HARVEST_PARTS
A04812,Desktop,Chennai,5.8,2,4,0,70.0,,5.0,1,8.0,HARVEST_PARTS
A04813,Mobile,Hyderabad,3.7,2,2,0,81.0,66.0,3.0,1,0.2,REFURBISH_RESELL
A04814,Laptop,Gurugram,5.6,2,3,0,71.0,53.0,6.0,1,2.2,HARVEST_PARTS
A04815,Laptop,Gurugram,3.3,2,4,0,82.0,67.0,3.0,1,2.2,REDEPLOY
A04816,Laptop,Hyderabad,4.4,1,3,0,74.0,52.0,3.0,1,2.2,REFURBISH_RESELL
A04817,Desktop,Bengaluru,6.0,2,3,0,68.0,,6.0,1,8.0,HARVEST_PARTS
A04818,Desktop,Bengaluru,6.7,3,2,0,41.0,,7.0,1,8.0,RECYCLE
A04819,Desktop,Chennai,9.5,1,3,1,42.0,,9.0,1,8.0,RECYCLE
A04820,Monitor,Noida,4.7,1,2,0,61.0,,4.0,1,5.0,REFURBISH_RESELL
A04821,Laptop,Chennai,1.4,3,4,0,92.0,84.0,1.0,1,2.2,REDEPLOY
A04822,Monitor,Bengaluru,5.1,3,3,0,64.0,,4.0,1,5.0,HARVEST_PARTS
A04823,Monitor,Noida,1.3,1,4,0,93.0,,0.0,1,5.0,REDEPLOY
A04824,Laptop,Gurugram,5.3,2,3,1,19.0,57.0,5.0,1,2.2,RECYCLE
A04825,Laptop,Gurugram,4.3,3,4,0,81.0,65.0,3.0,0,2.2,HARVEST_PARTS
A04826,Laptop,Noida,6.5,1,3,1,44.0,30.0,4.0,1,2.2,RECYCLE
A04827,Laptop,Pune,3.3,1,1,0,71.0,57.0,3.0,1,2.2,HARVEST_PARTS
A04828,Monitor,Bengaluru,4.4,1,1,1,50.0,,5.0,1,5.0,RECYCLE
A04829,Mobile,Chennai,5.1,1,3,0,73.0,36.0,3.0,1,0.2,HARVEST_PARTS
A04830,Desktop,Noida,0.9,1,2,0,95.0,,3.0,1,8.0,REDEPLOY
A04831,Laptop,Hyderabad,5.0,3,1,0,77.0,40.0,5.0,1,2.2,RECYCLE
A04832,Monitor,Mumbai,1.0,2,3,0,94.0,,1.0,1,5.0,REDEPLOY
A04833,Monitor,Noida,2.7,2,3,0,85.0,,4.0,1,5.0,REFURBISH_RESELL
A04834,Laptop,Bengaluru,4.7,2,4,1,46.0,48.0,4.0,1,2.2,RECYCLE
A04835,Server,Pune,1.2,1,4,0,95.0,,1.0,1,25.0,REDEPLOY
A04836,Laptop,Gurugram,5.5,2,2,0,62.0,57.0,4.0,1,2.2,REFURBISH_RESELL
A04837,Laptop,Chennai,5.2,2,4,1,31.0,62.0,5.0,1,2.2,RECYCLE
A04838,Laptop,Bengaluru,6.4,2,4,0,52.0,55.0,6.0,1,2.2,HARVEST_PARTS
A04839,Laptop,Mumbai,1.6,1,2,0,92.0,83.0,1.0,1,2.2,REDEPLOY
A04840,Network,Pune,9.3,2,2,0,33.0,,8.0,1,4.0,RECYCLE
A04841,Laptop,Kolkata,2.0,1,4,0,83.0,85.0,1.0,0,2.2,HARVEST_PARTS
A04842,Laptop,Pune,4.4,1,2,0,61.0,50.0,5.0,1,2.2,HARVEST_PARTS
A04843,Laptop,Chennai,3.4,2,3,0,71.0,63.0,2.0,1,2.2,REFURBISH_RESELL
A04844,Laptop,Pune,3.8,3,4,0,82.0,63.0,5.0,1,2.2,REFURBISH_RESELL
A04845,Laptop,Bengaluru,8.7,1,3,1,5.0,5.0,7.0,1,2.2,RECYCLE
A04846,Laptop,Pune,2.1,1,2,1,56.0,80.0,1.0,1,2.2,HARVEST_PARTS
A04847,Monitor,Noida,8.0,3,4,0,67.0,,7.0,1,5.0,REFURBISH_RESELL
A04848,Laptop,Bengaluru,5.8,3,4,0,66.0,29.0,5.0,1,2.2,HARVEST_PARTS
A04849,Monitor,Hyderabad,4.0,1,1,0,78.0,,4.0,1,5.0,REFURBISH_RESELL
A04850,Laptop,Mumbai,4.0,2,1,0,70.0,58.0,3.0,1,2.2,REFURBISH_RESELL
A04851,Monitor,Bengaluru,5.3,3,3,0,53.0,,6.0,1,5.0,HARVEST_PARTS
A04852,Server,Mumbai,3.3,1,4,0,75.0,,3.0,1,25.0,REDEPLOY
A04853,Laptop,Bengaluru,3.6,2,4,0,73.0,74.0,3.0,1,2.2,REDEPLOY
A04854,Laptop,Chennai,4.4,1,4,0,79.0,47.0,4.0,1,2.2,REFURBISH_RESELL
A04855,Mobile,Noida,7.6,2,4,0,42.0,31.0,9.0,1,0.2,RECYCLE
A04856,Desktop,Noida,3.8,1,2,0,80.0,,3.0,1,8.0,REFURBISH_RESELL
A04857,Monitor,Hyderabad,1.4,2,4,0,92.0,,1.0,1,5.0,REDEPLOY
A04858,Laptop,Chennai,4.5,2,4,1,54.0,61.0,4.0,1,2.2,HARVEST_PARTS
A04859,Laptop,Bengaluru,3.9,1,2,0,67.0,71.0,4.0,1,2.2,REFURBISH_RESELL
A04860,Desktop,Chennai,2.9,2,4,0,85.0,,3.0,1,8.0,REDEPLOY
A04861,Network,Gurugram,4.8,1,4,0,59.0,,4.0,0,4.0,HARVEST_PARTS
A04862,Laptop,Mumbai,2.9,1,3,1,69.0,67.0,3.0,1,2.2,RECYCLE
A04863,Monitor,Gurugram,3.7,3,4,0,84.0,,4.0,1,5.0,REDEPLOY
A04864,Monitor,Hyderabad,4.4,3,3,0,68.0,,3.0,1,5.0,REFURBISH_RESELL
A04865,Laptop,Hyderabad,4.6,2,4,0,66.0,55.0,5.0,1,2.2,REFURBISH_RESELL
A04866,Laptop,Noida,5.0,3,4,0,56.0,60.0,6.0,1,2.2,HARVEST_PARTS
A04867,Laptop,Bengaluru,5.3,1,3,1,55.0,47.0,6.0,1,2.2,RECYCLE
A04868,Laptop,Chennai,4.3,1,3,0,81.0,66.0,5.0,1,2.2,HARVEST_PARTS
A04869,Monitor,Gurugram,1.6,3,4,0,90.0,,2.0,1,5.0,REDEPLOY
A04870,Laptop,Pune,4.7,3,2,0,75.0,40.0,4.0,1,2.2,HARVEST_PARTS
A04871,Laptop,Mumbai,6.3,1,1,0,58.0,28.0,7.0,1,2.2,RECYCLE
A04872,Monitor,Chennai,1.4,1,3,0,90.0,,-0.0,1,5.0,REDEPLOY
A04873,Desktop,Bengaluru,1.7,2,4,0,90.0,,1.0,1,8.0,REDEPLOY
A04874,Desktop,Gurugram,2.7,1,4,0,76.0,,2.0,1,8.0,REDEPLOY
A04875,Desktop,Pune,6.1,2,1,0,70.0,,5.0,1,8.0,RECYCLE
A04876,Laptop,Gurugram,2.6,1,4,0,87.0,77.0,3.0,1,2.2,REDEPLOY
A04877,Monitor,Hyderabad,6.2,1,4,1,32.0,,6.0,1,5.0,RECYCLE
A04878,Laptop,Hyderabad,4.5,1,3,0,70.0,42.0,3.0,1,2.2,HARVEST_PARTS
A04879,Laptop,Gurugram,3.0,2,4,0,80.0,72.0,1.0,1,2.2,REDEPLOY
A04880,Laptop,Chennai,10.0,3,4,0,25.0,13.0,10.0,1,2.2,RECYCLE
A04881,Desktop,Gurugram,2.0,1,4,0,91.0,,2.0,1,8.0,REDEPLOY
A04882,Monitor,Hyderabad,4.1,3,2,0,64.0,,4.0,1,5.0,HARVEST_PARTS
A04883,Laptop,Kolkata,2.4,1,4,0,90.0,76.0,1.0,1,2.2,REDEPLOY
A04884,Network,Hyderabad,4.8,1,2,0,66.0,,5.0,1,4.0,HARVEST_PARTS
A04885,Server,Hyderabad,2.5,2,3,0,83.0,,2.0,1,25.0,REDEPLOY
A04886,Laptop,Pune,3.2,1,4,0,83.0,71.0,2.0,1,2.2,REDEPLOY
A04887,Monitor,Bengaluru,2.7,1,2,0,84.0,,3.0,1,5.0,REDEPLOY
A04888,Laptop,Pune,3.5,2,3,0,77.0,75.0,4.0,1,2.2,HARVEST_PARTS
A04889,Mobile,Bengaluru,6.3,1,3,0,73.0,54.0,6.0,0,0.2,HARVEST_PARTS
A04890,Laptop,Hyderabad,1.8,3,4,0,90.0,78.0,2.0,1,2.2,REDEPLOY
A04891,Laptop,Hyderabad,2.6,1,3,0,84.0,79.0,1.0,1,2.2,REFURBISH_RESELL
A04892,Laptop,Bengaluru,3.3,1,2,1,56.0,62.0,4.0,1,2.2,HARVEST_PARTS
A04893,Laptop,Chennai,3.6,1,1,0,77.0,57.0,4.0,1,2.2,HARVEST_PARTS
A04894,Monitor,Chennai,7.4,1,3,0,34.0,,8.0,1,5.0,HARVEST_PARTS
A04895,Desktop,Pune,2.7,2,3,0,77.0,,3.0,1,8.0,REFURBISH_RESELL
A04896,Laptop,Bengaluru,6.2,1,2,1,32.0,26.0,6.0,1,2.2,RECYCLE
A04897,Desktop,Gurugram,7.8,3,4,0,31.0,,7.0,1,8.0,RECYCLE
A04898,Network,Noida,3.7,1,3,0,79.0,,4.0,1,4.0,REFURBISH_RESELL
A04899,Monitor,Kolkata,2.3,1,2,0,87.0,,2.0,1,5.0,REDEPLOY
A04900,Desktop,Noida,6.9,2,3,0,56.0,,7.0,1,8.0,RECYCLE
A04901,Laptop,Mumbai,5.9,1,4,0,56.0,35.0,3.0,1,2.2,HARVEST_PARTS
A04902,Laptop,Pune,2.2,1,4,0,83.0,74.0,1.0,1,2.2,REDEPLOY
A04903,Network,Gurugram,8.4,2,4,0,39.0,,8.0,1,4.0,RECYCLE
A04904,Monitor,Mumbai,2.8,1,2,0,86.0,,3.0,1,5.0,REDEPLOY
A04905,Desktop,Noida,3.7,1,2,1,51.0,,4.0,1,8.0,RECYCLE
A04906,Network,Gurugram,5.4,3,2,0,70.0,,5.0,1,4.0,RECYCLE
A04907,Laptop,Hyderabad,7.9,1,1,0,51.0,13.0,6.0,1,2.2,RECYCLE
A04908,Monitor,Hyderabad,4.6,2,3,1,62.0,,5.0,1,5.0,RECYCLE
A04909,Laptop,Gurugram,3.5,1,2,0,74.0,73.0,4.0,1,2.2,HARVEST_PARTS
A04910,Laptop,Kolkata,3.2,3,3,0,77.0,64.0,4.0,1,2.2,REFURBISH_RESELL
A04911,Desktop,Pune,3.5,1,2,0,80.0,,1.0,1,8.0,REFURBISH_RESELL
A04912,Laptop,Pune,10.0,1,2,0,23.0,16.0,10.0,1,2.2,RECYCLE
A04913,Mobile,Bengaluru,5.0,1,1,0,71.0,58.0,5.0,1,0.2,HARVEST_PARTS
A04914,Laptop,Chennai,4.3,2,2,1,67.0,45.0,4.0,1,2.2,RECYCLE
A04915,Server,Bengaluru,5.9,1,4,0,57.0,,5.0,1,25.0,REFURBISH_RESELL
A04916,Monitor,Pune,3.6,2,2,0,71.0,,3.0,1,5.0,REFURBISH_RESELL
A04917,Monitor,Mumbai,7.7,1,4,0,43.0,,7.0,1,5.0,HARVEST_PARTS
A04918,Mobile,Hyderabad,5.2,3,3,1,38.0,40.0,4.0,1,0.2,RECYCLE
A04919,Laptop,Pune,3.5,3,4,0,78.0,69.0,4.0,1,2.2,REFURBISH_RESELL
A04920,Laptop,Gurugram,3.1,2,3,0,75.0,78.0,2.0,1,2.2,REDEPLOY
A04921,Laptop,Chennai,1.5,2,2,0,93.0,84.0,1.0,1,2.2,REDEPLOY
A04922,Laptop,Hyderabad,6.3,2,4,1,22.0,37.0,5.0,1,2.2,RECYCLE
A04923,Network,Bengaluru,1.8,2,4,0,92.0,,2.0,1,4.0,REDEPLOY
A04924,Desktop,Gurugram,7.5,1,3,1,34.0,,7.0,1,8.0,RECYCLE
A04925,Laptop,Mumbai,2.6,2,4,0,82.0,70.0,3.0,1,2.2,REFURBISH_RESELL
A04926,Laptop,Hyderabad,2.7,2,4,0,83.0,78.0,3.0,1,2.2,REDEPLOY
A04927,Desktop,Hyderabad,9.4,2,2,0,34.0,,6.0,1,8.0,RECYCLE
A04928,Monitor,Gurugram,6.1,1,2,0,62.0,,7.0,1,5.0,HARVEST_PARTS
A04929,Laptop,Hyderabad,4.3,2,3,1,28.0,63.0,3.0,1,2.2,RECYCLE
A04930,Monitor,Chennai,8.9,1,4,0,21.0,,7.0,1,5.0,RECYCLE
A04931,Monitor,Pune,3.9,1,3,0,69.0,,4.0,1,5.0,REDEPLOY
A04932,Monitor,Bengaluru,3.2,1,1,0,78.0,,4.0,1,5.0,REFURBISH_RESELL
A04933,Laptop,Bengaluru,4.5,2,3,0,73.0,57.0,4.0,1,2.2,HARVEST_PARTS
A04934,Monitor,Chennai,6.5,1,3,1,17.0,,5.0,1,5.0,RECYCLE
A04935,Laptop,Mumbai,2.1,3,3,0,83.0,79.0,2.0,1,2.2,REDEPLOY
A04936,Laptop,Chennai,2.7,2,4,0,79.0,80.0,2.0,1,2.2,REDEPLOY
A04937,Monitor,Hyderabad,2.4,3,4,0,90.0,,2.0,1,5.0,REDEPLOY
A04938,Monitor,Mumbai,2.2,3,2,0,84.0,,2.0,1,5.0,REFURBISH_RESELL
A04939,Laptop,Bengaluru,3.7,1,4,0,81.0,56.0,2.0,1,2.2,REDEPLOY
A04940,Network,Noida,2.1,3,3,0,86.0,,1.0,1,4.0,REDEPLOY
A04941,Laptop,Chennai,1.4,1,3,1,76.0,82.0,1.0,1,2.2,REFURBISH_RESELL
A04942,Desktop,Chennai,2.7,1,3,0,76.0,,2.0,1,8.0,REFURBISH_RESELL
A04943,Mobile,Pune,2.6,1,3,0,89.0,71.0,2.0,1,0.2,REDEPLOY
A04944,Desktop,Gurugram,5.0,1,4,0,72.0,,3.0,1,8.0,REDEPLOY
A04945,Server,Bengaluru,6.2,1,3,0,73.0,,5.0,1,25.0,HARVEST_PARTS
A04946,Desktop,Hyderabad,2.9,1,3,0,77.0,,2.0,1,8.0,REDEPLOY
A04947,Monitor,Bengaluru,0.9,3,3,0,96.0,,1.0,1,5.0,REDEPLOY
A04948,Monitor,Chennai,2.7,1,2,0,88.0,,3.0,1,5.0,REFURBISH_RESELL
A04949,Monitor,Hyderabad,9.1,3,2,0,59.0,,9.0,1,5.0,RECYCLE
A04950,Laptop,Hyderabad,6.1,2,3,0,54.0,56.0,8.0,1,2.2,RECYCLE
A04951,Monitor,Mumbai,4.7,3,4,1,60.0,,3.0,1,5.0,HARVEST_PARTS
A04952,Laptop,Gurugram,3.4,2,4,0,79.0,72.0,4.0,1,2.2,REFURBISH_RESELL
A04953,Mobile,Noida,6.1,3,4,0,71.0,35.0,6.0,1,0.2,HARVEST_PARTS
A04954,Laptop,Gurugram,2.3,1,4,0,84.0,76.0,2.0,1,2.2,REDEPLOY
A04955,Laptop,Mumbai,6.2,1,4,0,71.0,56.0,6.0,1,2.2,HARVEST_PARTS
A04956,Network,Noida,5.1,1,2,0,74.0,,6.0,1,4.0,HARVEST_PARTS
A04957,Laptop,Pune,5.6,1,3,1,17.0,56.0,5.0,1,2.2,RECYCLE
A04958,Laptop,Hyderabad,4.3,1,4,0,82.0,61.0,5.0,1,2.2,REFURBISH_RESELL
A04959,Monitor,Hyderabad,1.9,1,3,0,92.0,,2.0,1,5.0,REDEPLOY
A04960,Laptop,Hyderabad,2.3,3,2,0,82.0,78.0,2.0,1,2.2,REFURBISH_RESELL
A04961,Laptop,Kolkata,5.3,1,4,0,73.0,37.0,7.0,1,2.2,RECYCLE
A04962,Desktop,Gurugram,5.0,3,4,0,74.0,,4.0,1,8.0,HARVEST_PARTS
A04963,Laptop,Bengaluru,3.1,1,3,0,87.0,74.0,3.0,1,2.2,REDEPLOY
A04964,Laptop,Chennai,3.0,2,4,0,80.0,70.0,4.0,1,2.2,REFURBISH_RESELL
A04965,Laptop,Hyderabad,7.0,1,4,0,58.0,20.0,7.0,1,2.2,RECYCLE
A04966,Laptop,Bengaluru,4.0,3,3,1,37.0,51.0,3.0,1,2.2,RECYCLE
A04967,Laptop,Mumbai,2.6,2,3,0,88.0,74.0,3.0,1,2.2,REDEPLOY
A04968,Laptop,Hyderabad,7.5,1,2,0,33.0,6.0,6.0,1,2.2,RECYCLE
A04969,Monitor,Gurugram,7.2,3,4,1,44.0,,6.0,1,5.0,RECYCLE
A04970,Monitor,Bengaluru,4.0,1,2,0,80.0,,4.0,1,5.0,REDEPLOY
A04971,Laptop,Mumbai,4.4,3,4,0,79.0,60.0,4.0,1,2.2,REFURBISH_RESELL
A04972,Laptop,Gurugram,6.1,1,3,1,22.0,46.0,5.0,1,2.2,RECYCLE
A04973,Network,Mumbai,5.5,1,4,0,70.0,,5.0,1,4.0,REFURBISH_RESELL
A04974,Desktop,Gurugram,1.9,1,4,1,65.0,,1.0,1,8.0,REFURBISH_RESELL
A04975,Laptop,Bengaluru,7.6,2,2,0,49.0,21.0,7.0,1,2.2,RECYCLE
A04976,Desktop,Hyderabad,1.7,2,4,0,91.0,,3.0,1,8.0,REDEPLOY
A04977,Laptop,Bengaluru,5.0,2,4,1,34.0,45.0,4.0,1,2.2,RECYCLE
A04978,Server,Noida,2.1,1,3,0,87.0,,2.0,1,25.0,REDEPLOY
A04979,Mobile,Hyderabad,5.4,1,4,1,41.0,58.0,4.0,1,0.2,RECYCLE
A04980,Mobile,Gurugram,2.8,1,3,0,76.0,80.0,2.0,1,0.2,REDEPLOY
A04981,Laptop,Bengaluru,2.9,1,2,0,85.0,67.0,2.0,1,2.2,REDEPLOY
A04982,Laptop,Pune,6.0,1,4,0,76.0,38.0,4.0,1,2.2,REFURBISH_RESELL
A04983,Laptop,Hyderabad,2.1,1,4,0,85.0,81.0,3.0,1,2.2,REDEPLOY
A04984,Laptop,Chennai,3.1,2,3,0,75.0,76.0,3.0,1,2.2,REFURBISH_RESELL
A04985,Laptop,Noida,2.1,2,2,0,86.0,83.0,2.0,1,2.2,REFURBISH_RESELL
A04986,Monitor,Chennai,4.3,1,1,0,65.0,,4.0,1,5.0,REFURBISH_RESELL
A04987,Laptop,Kolkata,2.1,3,2,0,91.0,83.0,2.0,1,2.2,REFURBISH_RESELL
A04988,Mobile,Hyderabad,4.8,2,3,0,74.0,51.0,4.0,1,0.2,HARVEST_PARTS
A04989,Laptop,Mumbai,7.1,2,3,0,49.0,32.0,7.0,1,2.2,RECYCLE
A04990,Laptop,Hyderabad,1.2,2,2,0,91.0,87.0,2.0,1,2.2,REDEPLOY
A04991,Network,Bengaluru,2.8,1,2,0,88.0,,3.0,1,4.0,REFURBISH_RESELL
A04992,Monitor,Pune,2.2,3,4,1,61.0,,1.0,1,5.0,REFURBISH_RESELL
A04993,Laptop,Bengaluru,1.9,1,2,1,61.0,76.0,3.0,1,2.2,REFURBISH_RESELL
A04994,Desktop,Pune,4.7,1,2,1,64.0,,4.0,1,8.0,RECYCLE
A04995,Laptop,Hyderabad,4.5,2,1,0,79.0,50.0,5.0,1,2.2,HARVEST_PARTS
A04996,Laptop,Pune,7.6,3,2,0,50.0,17.0,7.0,1,2.2,RECYCLE
A04997,Desktop,Pune,5.7,1,2,1,34.0,,4.0,1,8.0,RECYCLE
A04998,Laptop,Hyderabad,4.1,2,1,0,75.0,57.0,4.0,0,2.2,HARVEST_PARTS
A04999,Monitor,Pune,4.6,2,4,0,62.0,,4.0,1,5.0,REFURBISH_RESELL
A05000,Laptop,Kolkata,3.1,1,3,0,87.0,62.0,2.0,1,2.2,REFURBISH_RESELL
A05001,Monitor,Mumbai,4.7,3,2,0,64.0,,5.0,1,5.0,HARVEST_PARTS
A05002,Monitor,Hyderabad,1.7,1,3,0,86.0,,1.0,1,5.0,REDEPLOY
A05003,Laptop,Bengaluru,3.8,2,1,1,38.0,68.0,4.0,1,2.2,RECYCLE
A05004,Laptop,Gurugram,5.1,2,4,0,62.0,40.0,5.0,1,2.2,HARVEST_PARTS
A05005,Laptop,Bengaluru,3.7,1,4,0,74.0,62.0,3.0,1,2.2,REFURBISH_RESELL
A05006,Monitor,Bengaluru,2.8,3,4,0,85.0,,2.0,1,5.0,REDEPLOY
A05007,Monitor,Bengaluru,4.2,1,4,1,61.0,,4.0,1,5.0,HARVEST_PARTS
A05008,Monitor,Hyderabad,2.6,2,3,1,50.0,,2.0,1,5.0,HARVEST_PARTS
A05009,Laptop,Gurugram,3.5,2,3,0,72.0,61.0,3.0,1,2.2,HARVEST_PARTS
A05010,Laptop,Chennai,5.9,2,4,0,75.0,53.0,4.0,1,2.2,HARVEST_PARTS
A05011,Desktop,Noida,6.1,3,2,0,67.0,,6.0,1,8.0,RECYCLE
A05012,Laptop,Chennai,4.5,2,3,0,73.0,65.0,5.0,1,2.2,REFURBISH_RESELL
A05013,Monitor,Bengaluru,2.4,1,4,0,84.0,,3.0,1,5.0,REDEPLOY
A05014,Laptop,Hyderabad,3.4,2,3,0,77.0,64.0,2.0,0,2.2,HARVEST_PARTS
A05015,Laptop,Bengaluru,4.3,2,2,0,70.0,45.0,3.0,1,2.2,HARVEST_PARTS
A05016,Desktop,Hyderabad,2.8,1,4,0,76.0,,3.0,1,8.0,REFURBISH_RESELL
A05017,Desktop,Noida,8.6,1,2,0,45.0,,8.0,1,8.0,RECYCLE
A05018,Monitor,Pune,2.8,1,3,0,80.0,,4.0,1,5.0,REDEPLOY
A05019,Laptop,Bengaluru,4.1,3,2,0,82.0,64.0,4.0,1,2.2,HARVEST_PARTS
A05020,Mobile,Mumbai,1.5,2,4,0,88.0,82.0,1.0,1,0.2,REDEPLOY
A05021,Server,Pune,6.3,3,2,1,43.0,,5.0,1,25.0,RECYCLE
A05022,Network,Kolkata,7.9,1,4,1,30.0,,7.0,1,4.0,RECYCLE
A05023,Monitor,Gurugram,2.3,3,2,0,80.0,,3.0,1,5.0,REFURBISH_RESELL
A05024,Monitor,Chennai,1.7,2,4,0,87.0,,2.0,1,5.0,REDEPLOY
A05025,Monitor,Kolkata,4.5,1,4,0,73.0,,4.0,1,5.0,REFURBISH_RESELL
A05026,Laptop,Hyderabad,9.1,1,3,1,11.0,5.0,8.0,1,2.2,RECYCLE
A05027,Laptop,Pune,1.9,3,3,1,62.0,84.0,1.0,1,2.2,HARVEST_PARTS
A05028,Desktop,Mumbai,3.4,3,3,0,76.0,,2.0,1,8.0,REFURBISH_RESELL
A05029,Laptop,Noida,4.7,1,4,0,68.0,45.0,5.0,1,2.2,HARVEST_PARTS
A05030,Laptop,Bengaluru,4.2,2,2,0,71.0,59.0,4.0,1,2.2,HARVEST_PARTS
A05031,Network,Kolkata,5.0,3,3,0,73.0,,2.0,1,4.0,HARVEST_PARTS
A05032,Laptop,Chennai,7.4,1,3,0,44.0,5.0,7.0,1,2.2,RECYCLE
A05033,Desktop,Mumbai,6.3,1,4,0,65.0,,6.0,0,8.0,HARVEST_PARTS
A05034,Monitor,Bengaluru,3.4,2,3,0,79.0,,3.0,1,5.0,REFURBISH_RESELL
A05035,Laptop,Pune,1.8,1,3,0,91.0,81.0,2.0,1,2.2,REDEPLOY
A05036,Network,Hyderabad,6.6,2,4,0,50.0,,6.0,1,4.0,HARVEST_PARTS
A05037,Laptop,Mumbai,3.4,1,4,0,83.0,64.0,4.0,1,2.2,REFURBISH_RESELL
A05038,Network,Gurugram,4.2,1,3,0,71.0,,4.0,1,4.0,REFURBISH_RESELL
A05039,Monitor,Noida,6.0,1,4,1,19.0,,6.0,1,5.0,RECYCLE
A05040,Laptop,Pune,6.5,2,1,0,55.0,52.0,6.0,1,2.2,HARVEST_PARTS
A05041,Laptop,Bengaluru,5.9,1,4,0,59.0,44.0,6.0,1,2.2,HARVEST_PARTS
A05042,Laptop,Chennai,8.4,1,4,0,29.0,16.0,6.0,1,2.2,RECYCLE
A05043,Laptop,Hyderabad,4.0,1,4,0,64.0,71.0,4.0,1,2.2,REFURBISH_RESELL
A05044,Laptop,Noida,2.9,1,2,0,86.0,73.0,2.0,1,2.2,REDEPLOY
A05045,Mobile,Mumbai,2.5,2,4,0,84.0,80.0,2.0,1,0.2,REDEPLOY
A05046,Laptop,Mumbai,3.0,1,4,0,83.0,61.0,3.0,1,2.2,REDEPLOY
A05047,Server,Bengaluru,3.0,1,4,1,71.0,,2.0,1,25.0,HARVEST_PARTS
A05048,Laptop,Chennai,4.5,1,4,0,74.0,51.0,4.0,1,2.2,REFURBISH_RESELL
A05049,Mobile,Bengaluru,5.3,1,4,1,22.0,63.0,5.0,1,0.2,RECYCLE
A05050,Laptop,Gurugram,2.3,1,3,0,81.0,83.0,1.0,1,2.2,REDEPLOY
A05051,Laptop,Mumbai,6.0,2,3,1,38.0,46.0,6.0,1,2.2,RECYCLE
A05052,Desktop,Chennai,6.3,2,4,1,41.0,,6.0,1,8.0,RECYCLE
A05053,Laptop,Bengaluru,0.9,1,3,0,95.0,93.0,2.0,1,2.2,REDEPLOY
A05054,Server,Noida,5.3,1,1,0,54.0,,4.0,1,25.0,HARVEST_PARTS
A05055,Laptop,Chennai,3.2,1,2,0,78.0,59.0,3.0,1,2.2,REFURBISH_RESELL
A05056,Desktop,Pune,7.3,3,1,1,22.0,,7.0,1,8.0,RECYCLE
A05057,Desktop,Bengaluru,3.9,1,4,0,78.0,,2.0,1,8.0,REDEPLOY
A05058,Monitor,Mumbai,2.7,2,3,0,84.0,,3.0,1,5.0,REFURBISH_RESELL
A05059,Laptop,Bengaluru,2.3,3,4,0,86.0,79.0,3.0,1,2.2,REDEPLOY
A05060,Laptop,Chennai,4.3,1,1,0,64.0,44.0,3.0,1,2.2,HARVEST_PARTS
A05061,Laptop,Hyderabad,3.2,1,1,0,83.0,73.0,4.0,1,2.2,REDEPLOY
A05062,Laptop,Noida,2.0,2,3,0,88.0,82.0,1.0,1,2.2,REDEPLOY
A05063,Laptop,Kolkata,1.7,3,3,0,87.0,82.0,1.0,1,2.2,REDEPLOY
A05064,Mobile,Bengaluru,4.6,1,3,0,74.0,47.0,4.0,1,0.2,REFURBISH_RESELL
A05065,Desktop,Hyderabad,1.8,2,2,0,89.0,,1.0,1,8.0,REDEPLOY
A05066,Monitor,Hyderabad,1.0,2,3,0,92.0,,1.0,1,5.0,REDEPLOY
A05067,Laptop,Noida,6.4,1,2,0,63.0,49.0,6.0,1,2.2,RECYCLE
A05068,Laptop,Pune,2.4,2,2,0,84.0,82.0,1.0,1,2.2,REDEPLOY
A05069,Desktop,Hyderabad,5.0,1,4,0,78.0,,4.0,0,8.0,HARVEST_PARTS
A05070,Laptop,Noida,4.3,3,2,0,62.0,54.0,4.0,1,2.2,HARVEST_PARTS
A05071,Laptop,Bengaluru,2.9,1,4,0,79.0,68.0,3.0,1,2.2,REDEPLOY
A05072,Desktop,Gurugram,7.7,1,2,0,32.0,,6.0,1,8.0,HARVEST_PARTS
A05073,Desktop,Noida,5.4,2,3,0,56.0,,4.0,1,8.0,HARVEST_PARTS
A05074,Mobile,Pune,3.8,1,3,0,70.0,52.0,3.0,1,0.2,HARVEST_PARTS
A05075,Laptop,Bengaluru,2.5,1,4,0,88.0,76.0,2.0,1,2.2,REDEPLOY
A05076,Desktop,Gurugram,5.2,1,4,1,40.0,,5.0,1,8.0,HARVEST_PARTS
A05077,Laptop,Bengaluru,5.6,2,2,0,77.0,53.0,7.0,1,2.2,RECYCLE
A05078,Laptop,Mumbai,4.1,1,2,0,72.0,58.0,3.0,1,2.2,REFURBISH_RESELL
A05079,Monitor,Pune,3.9,2,1,1,30.0,,3.0,1,5.0,RECYCLE
A05080,Laptop,Kolkata,5.4,2,3,1,31.0,60.0,5.0,1,2.2,RECYCLE
A05081,Desktop,Chennai,3.8,1,4,0,78.0,,4.0,1,8.0,REFURBISH_RESELL
A05082,Laptop,Noida,2.7,2,4,0,85.0,77.0,3.0,1,2.2,REDEPLOY
A05083,Laptop,Chennai,1.9,1,3,1,53.0,77.0,1.0,1,2.2,HARVEST_PARTS
A05084,Mobile,Chennai,3.8,1,3,0,68.0,61.0,3.0,1,0.2,REFURBISH_RESELL
A05085,Laptop,Mumbai,1.8,1,3,1,62.0,82.0,2.0,1,2.2,REFURBISH_RESELL
A05086,Monitor,Mumbai,5.6,1,4,1,32.0,,5.0,0,5.0,RECYCLE
A05087,Laptop,Mumbai,3.8,2,1,0,78.0,60.0,4.0,1,2.2,HARVEST_PARTS
A05088,Mobile,Gurugram,6.0,3,4,0,65.0,40.0,5.0,1,0.2,HARVEST_PARTS
A05089,Laptop,Gurugram,4.4,1,2,0,77.0,54.0,4.0,1,2.2,HARVEST_PARTS
A05090,Laptop,Gurugram,5.0,1,3,0,78.0,37.0,3.0,1,2.2,HARVEST_PARTS
A05091,Monitor,Chennai,2.8,1,3,1,61.0,,2.0,1,5.0,REFURBISH_RESELL
A05092,Laptop,Bengaluru,3.7,1,3,0,72.0,57.0,4.0,1,2.2,REDEPLOY
A05093,Laptop,Kolkata,4.4,3,1,0,80.0,53.0,6.0,1,2.2,HARVEST_PARTS
A05094,Mobile,Hyderabad,4.2,1,3,0,72.0,46.0,5.0,1,0.2,REFURBISH_RESELL
A05095,Desktop,Noida,4.1,3,4,0,71.0,,5.0,1,8.0,REFURBISH_RESELL
A05096,Monitor,Bengaluru,2.3,1,4,0,81.0,,2.0,1,5.0,REDEPLOY
A05097,Monitor,Gurugram,1.4,2,2,0,93.0,,2.0,1,5.0,REDEPLOY
A05098,Server,Kolkata,2.2,2,3,0,90.0,,2.0,1,25.0,REDEPLOY
A05099,Network,Chennai,0.9,1,2,0,95.0,,0.0,1,4.0,REDEPLOY
A05100,Desktop,Bengaluru,1.6,2,3,0,92.0,,1.0,1,8.0,REDEPLOY
A05101,Laptop,Pune,4.6,2,2,0,78.0,57.0,4.0,1,2.2,HARVEST_PARTS
A05102,Laptop,Gurugram,3.4,1,3,0,71.0,57.0,2.0,1,2.2,REFURBISH_RESELL
A05103,Monitor,Bengaluru,2.6,1,3,0,77.0,,3.0,1,5.0,REDEPLOY
A05104,Server,Noida,3.4,1,1,0,75.0,,3.0,1,25.0,REFURBISH_RESELL
A05105,Desktop,Mumbai,1.3,3,3,0,90.0,,1.0,1,8.0,REDEPLOY
A05106,Laptop,Chennai,3.7,3,4,0,75.0,68.0,3.0,1,2.2,REFURBISH_RESELL
A05107,Laptop,Hyderabad,2.0,1,3,0,86.0,84.0,2.0,1,2.2,REDEPLOY
A05108,Desktop,Bengaluru,6.8,2,4,0,44.0,,6.0,1,8.0,RECYCLE
A05109,Server,Bengaluru,5.1,2,4,0,57.0,,4.0,1,25.0,REFURBISH_RESELL
A05110,Laptop,Kolkata,4.9,3,3,0,72.0,52.0,6.0,1,2.2,HARVEST_PARTS
A05111,Monitor,Kolkata,4.1,1,4,1,48.0,,6.0,1,5.0,RECYCLE
A05112,Monitor,Noida,5.3,3,3,0,78.0,,8.0,1,5.0,REFURBISH_RESELL
A05113,Mobile,Gurugram,3.7,2,3,0,83.0,69.0,3.0,0,0.2,HARVEST_PARTS
A05114,Laptop,Kolkata,2.6,2,4,0,86.0,77.0,2.0,1,2.2,REDEPLOY
A05115,Mobile,Hyderabad,5.0,1,4,0,68.0,46.0,4.0,0,0.2,HARVEST_PARTS
A05116,Monitor,Kolkata,6.2,1,3,0,68.0,,6.0,1,5.0,HARVEST_PARTS
A05117,Monitor,Noida,2.3,1,1,0,81.0,,1.0,1,5.0,REDEPLOY
A05118,Laptop,Bengaluru,1.7,3,3,0,89.0,80.0,2.0,1,2.2,REDEPLOY
A05119,Desktop,Chennai,8.7,2,4,0,47.0,,8.0,1,8.0,RECYCLE
A05120,Monitor,Gurugram,7.2,3,1,0,43.0,,7.0,1,5.0,RECYCLE
A05121,Laptop,Gurugram,3.9,1,2,0,71.0,58.0,4.0,0,2.2,HARVEST_PARTS
A05122,Laptop,Mumbai,1.1,3,1,0,91.0,86.0,1.0,1,2.2,REDEPLOY
A05123,Desktop,Mumbai,4.4,3,4,0,75.0,,4.0,1,8.0,REFURBISH_RESELL
A05124,Desktop,Bengaluru,10.0,1,1,1,8.0,,10.0,1,8.0,RECYCLE
A05125,Laptop,Chennai,5.3,1,2,1,54.0,50.0,6.0,1,2.2,RECYCLE
A05126,Laptop,Kolkata,5.1,2,4,0,59.0,56.0,5.0,1,2.2,HARVEST_PARTS
A05127,Laptop,Gurugram,3.8,2,3,0,78.0,69.0,4.0,1,2.2,REFURBISH_RESELL
A05128,Mobile,Gurugram,4.9,1,4,0,77.0,46.0,3.0,1,0.2,HARVEST_PARTS
A05129,Mobile,Mumbai,5.3,2,3,1,36.0,50.0,4.0,1,0.2,RECYCLE
A05130,Laptop,Mumbai,4.2,1,3,0,79.0,50.0,3.0,1,2.2,REFURBISH_RESELL
A05131,Laptop,Chennai,3.5,2,4,0,76.0,61.0,3.0,1,2.2,REFURBISH_RESELL
A05132,Laptop,Hyderabad,4.3,3,1,0,72.0,61.0,5.0,1,2.2,HARVEST_PARTS
A05133,Desktop,Gurugram,4.2,1,1,0,78.0,,3.0,1,8.0,REFURBISH_RESELL
A05134,Network,Gurugram,1.2,1,2,0,90.0,,1.0,1,4.0,REDEPLOY
A05135,Desktop,Mumbai,9.9,2,4,1,9.0,,9.0,1,8.0,RECYCLE
A05136,Laptop,Pune,5.1,2,3,0,66.0,52.0,5.0,1,2.2,HARVEST_PARTS
A05137,Laptop,Hyderabad,6.7,1,2,0,49.0,49.0,6.0,1,2.2,RECYCLE
A05138,Laptop,Hyderabad,4.5,1,4,1,38.0,55.0,3.0,1,2.2,HARVEST_PARTS
A05139,Server,Gurugram,3.0,1,3,0,87.0,,4.0,1,25.0,REDEPLOY
A05140,Monitor,Bengaluru,6.0,2,4,0,61.0,,6.0,1,5.0,HARVEST_PARTS
A05141,Desktop,Chennai,1.6,2,2,0,86.0,,2.0,1,8.0,REDEPLOY
A05142,Laptop,Bengaluru,5.2,1,3,1,37.0,35.0,6.0,1,2.2,RECYCLE
A05143,Mobile,Hyderabad,6.0,1,2,0,72.0,47.0,5.0,1,0.2,RECYCLE
A05144,Laptop,Chennai,3.8,1,3,0,79.0,66.0,4.0,1,2.2,REFURBISH_RESELL
A05145,Server,Chennai,5.0,1,2,0,73.0,,4.0,1,25.0,REFURBISH_RESELL
A05146,Network,Bengaluru,1.2,1,4,0,90.0,,0.0,1,4.0,REDEPLOY
A05147,Desktop,Chennai,5.1,2,3,0,55.0,,4.0,1,8.0,HARVEST_PARTS
A05148,Network,Gurugram,3.3,2,2,0,80.0,,2.0,1,4.0,REFURBISH_RESELL
A05149,Laptop,Noida,5.0,1,2,0,63.0,54.0,5.0,1,2.2,RECYCLE
A05150,Monitor,Chennai,3.9,3,2,1,68.0,,3.0,1,5.0,HARVEST_PARTS
A05151,Laptop,Kolkata,3.8,2,3,0,72.0,60.0,4.0,1,2.2,REFURBISH_RESELL
A05152,Desktop,Chennai,5.1,2,3,1,44.0,,5.0,1,8.0,RECYCLE
A05153,Laptop,Bengaluru,3.4,3,1,0,85.0,69.0,2.0,1,2.2,REFURBISH_RESELL
A05154,Laptop,Gurugram,3.8,1,3,0,77.0,66.0,3.0,1,2.2,REFURBISH_RESELL
A05155,Laptop,Noida,8.9,2,2,1,5.0,30.0,8.0,1,2.2,RECYCLE
A05156,Laptop,Mumbai,6.9,1,2,0,72.0,43.0,5.0,1,2.2,RECYCLE
A05157,Desktop,Mumbai,3.5,3,2,0,80.0,,3.0,1,8.0,REFURBISH_RESELL
A05158,Desktop,Chennai,3.9,1,3,1,38.0,,4.0,1,8.0,RECYCLE
A05159,Laptop,Gurugram,2.9,2,3,1,64.0,74.0,2.0,1,2.2,HARVEST_PARTS
A05160,Mobile,Bengaluru,3.3,1,4,1,51.0,66.0,1.0,1,0.2,REFURBISH_RESELL
A05161,Mobile,Noida,3.4,1,1,0,77.0,61.0,2.0,1,0.2,REDEPLOY
A05162,Laptop,Mumbai,4.2,1,3,0,81.0,45.0,5.0,1,2.2,HARVEST_PARTS
A05163,Laptop,Bengaluru,1.3,2,3,0,93.0,90.0,2.0,1,2.2,REDEPLOY
A05164,Monitor,Pune,3.3,1,4,0,72.0,,3.0,1,5.0,REDEPLOY
A05165,Monitor,Kolkata,3.0,1,3,0,79.0,,3.0,1,5.0,REDEPLOY
A05166,Laptop,Gurugram,7.3,1,3,1,7.0,38.0,7.0,1,2.2,RECYCLE
A05167,Monitor,Bengaluru,3.9,1,3,0,81.0,,3.0,1,5.0,REDEPLOY
A05168,Laptop,Pune,4.4,1,2,1,35.0,63.0,4.0,1,2.2,RECYCLE
A05169,Laptop,Pune,3.2,1,3,0,84.0,72.0,2.0,1,2.2,REDEPLOY
A05170,Monitor,Bengaluru,3.9,1,4,0,67.0,,4.0,1,5.0,REDEPLOY
A05171,Monitor,Mumbai,3.3,3,2,0,75.0,,4.0,1,5.0,REFURBISH_RESELL
A05172,Server,Noida,4.2,1,3,0,69.0,,5.0,1,25.0,HARVEST_PARTS
A05173,Laptop,Kolkata,5.0,1,4,0,74.0,37.0,4.0,1,2.2,REFURBISH_RESELL
A05174,Laptop,Hyderabad,2.0,2,3,1,72.0,76.0,2.0,1,2.2,HARVEST_PARTS
A05175,Laptop,Pune,5.3,1,2,0,78.0,42.0,5.0,1,2.2,HARVEST_PARTS
A05176,Laptop,Gurugram,2.5,2,1,0,86.0,75.0,2.0,1,2.2,REDEPLOY
A05177,Laptop,Bengaluru,9.1,1,2,0,63.0,13.0,7.0,1,2.2,RECYCLE
A05178,Desktop,Bengaluru,4.1,1,2,0,83.0,,5.0,1,8.0,HARVEST_PARTS
A05179,Desktop,Chennai,4.4,3,3,0,78.0,,4.0,1,8.0,HARVEST_PARTS
A05180,Monitor,Pune,4.5,1,3,0,67.0,,4.0,1,5.0,REFURBISH_RESELL
A05181,Laptop,Bengaluru,4.0,3,2,0,79.0,53.0,4.0,1,2.2,HARVEST_PARTS
A05182,Laptop,Pune,2.8,1,3,0,76.0,75.0,4.0,1,2.2,REFURBISH_RESELL
A05183,Monitor,Gurugram,4.4,1,2,0,70.0,,2.0,1,5.0,REDEPLOY
A05184,Laptop,Pune,4.3,1,3,0,73.0,50.0,5.0,1,2.2,HARVEST_PARTS
A05185,Network,Bengaluru,2.6,1,4,0,84.0,,2.0,1,4.0,REFURBISH_RESELL
A05186,Laptop,Gurugram,2.0,2,3,0,88.0,77.0,2.0,1,2.2,REDEPLOY
A05187,Desktop,Hyderabad,6.0,1,4,0,70.0,,5.0,1,8.0,REFURBISH_RESELL
A05188,Network,Chennai,3.3,1,4,0,80.0,,2.0,1,4.0,REDEPLOY
A05189,Desktop,Bengaluru,3.6,1,3,0,85.0,,4.0,1,8.0,REFURBISH_RESELL
A05190,Monitor,Gurugram,4.3,2,4,0,74.0,,4.0,1,5.0,REFURBISH_RESELL
A05191,Monitor,Pune,2.7,1,4,0,84.0,,2.0,1,5.0,REDEPLOY
A05192,Laptop,Bengaluru,4.6,1,4,0,81.0,49.0,3.0,1,2.2,REFURBISH_RESELL
A05193,Monitor,Chennai,3.7,1,3,0,74.0,,2.0,1,5.0,REDEPLOY
A05194,Network,Gurugram,3.9,2,2,0,69.0,,3.0,1,4.0,HARVEST_PARTS
A05195,Mobile,Bengaluru,6.5,3,3,1,51.0,54.0,6.0,1,0.2,RECYCLE
A05196,Laptop,Noida,4.2,1,3,0,74.0,51.0,4.0,1,2.2,REFURBISH_RESELL
A05197,Laptop,Chennai,3.6,1,3,1,52.0,71.0,3.0,1,2.2,HARVEST_PARTS
A05198,Monitor,Hyderabad,2.3,1,3,1,54.0,,2.0,1,5.0,REFURBISH_RESELL
A05199,Desktop,Hyderabad,4.5,2,1,0,76.0,,3.0,1,8.0,REFURBISH_RESELL
A05200,Laptop,Bengaluru,5.9,1,3,1,34.0,35.0,6.0,1,2.2,RECYCLE
A05201,Laptop,Bengaluru,3.6,1,3,0,82.0,64.0,3.0,1,2.2,REFURBISH_RESELL
A05202,Laptop,Gurugram,5.8,2,2,0,60.0,32.0,5.0,1,2.2,RECYCLE
A05203,Desktop,Bengaluru,4.5,1,3,0,63.0,,3.0,1,8.0,REFURBISH_RESELL
A05204,Laptop,Bengaluru,4.1,1,3,0,79.0,69.0,4.0,1,2.2,REFURBISH_RESELL
A05205,Laptop,Hyderabad,4.7,3,2,0,66.0,43.0,5.0,1,2.2,HARVEST_PARTS
A05206,Laptop,Chennai,2.1,3,4,0,84.0,84.0,1.0,1,2.2,REDEPLOY
A05207,Mobile,Chennai,3.3,2,3,0,85.0,66.0,4.0,1,0.2,REFURBISH_RESELL
A05208,Laptop,Mumbai,3.3,1,2,0,85.0,76.0,4.0,0,2.2,HARVEST_PARTS
A05209,Laptop,Mumbai,3.7,1,3,0,84.0,60.0,5.0,1,2.2,REFURBISH_RESELL
A05210,Desktop,Bengaluru,8.4,1,4,0,47.0,,9.0,1,8.0,RECYCLE
A05211,Laptop,Gurugram,4.1,2,3,0,78.0,56.0,4.0,1,2.2,HARVEST_PARTS
A05212,Mobile,Pune,1.9,2,2,0,89.0,82.0,1.0,1,0.2,REDEPLOY
A05213,Mobile,Mumbai,2.9,1,3,0,74.0,63.0,3.0,1,0.2,REFURBISH_RESELL
A05214,Laptop,Bengaluru,3.9,1,1,1,50.0,67.0,2.0,1,2.2,RECYCLE
A05215,Laptop,Mumbai,4.2,1,4,0,76.0,63.0,5.0,1,2.2,REFURBISH_RESELL
A05216,Laptop,Noida,0.8,2,3,0,94.0,93.0,1.0,1,2.2,REDEPLOY
A05217,Laptop,Gurugram,4.9,1,4,0,57.0,63.0,4.0,1,2.2,REFURBISH_RESELL
A05218,Laptop,Hyderabad,5.0,2,3,0,64.0,39.0,4.0,1,2.2,HARVEST_PARTS
A05219,Laptop,Bengaluru,2.3,2,1,0,82.0,83.0,3.0,1,2.2,REDEPLOY
A05220,Laptop,Kolkata,5.8,1,3,1,38.0,52.0,6.0,1,2.2,RECYCLE
A05221,Desktop,Noida,3.6,3,3,0,82.0,,3.0,1,8.0,HARVEST_PARTS
A05222,Laptop,Hyderabad,2.5,2,2,0,78.0,81.0,2.0,1,2.2,REDEPLOY
A05223,Laptop,Noida,2.2,2,3,0,81.0,79.0,2.0,1,2.2,REDEPLOY
A05224,Desktop,Kolkata,4.9,1,3,0,72.0,,5.0,1,8.0,HARVEST_PARTS
A05225,Laptop,Noida,3.0,1,3,0,76.0,63.0,3.0,1,2.2,REFURBISH_RESELL
A05226,Laptop,Gurugram,4.4,1,3,0,76.0,45.0,3.0,0,2.2,HARVEST_PARTS
A05227,Laptop,Hyderabad,2.2,1,2,0,91.0,82.0,2.0,1,2.2,REFURBISH_RESELL
A05228,Laptop,Hyderabad,3.4,1,3,0,75.0,72.0,2.0,1,2.2,REDEPLOY
A05229,Laptop,Mumbai,4.7,2,4,0,69.0,59.0,4.0,1,2.2,REFURBISH_RESELL
A05230,Server,Mumbai,6.4,1,4,0,73.0,,4.0,1,25.0,REFURBISH_RESELL
A05231,Mobile,Pune,6.7,1,4,0,59.0,34.0,6.0,1,0.2,RECYCLE
A05232,Laptop,Hyderabad,6.4,3,2,0,56.0,41.0,5.0,1,2.2,RECYCLE
A05233,Laptop,Bengaluru,10.0,2,1,0,40.0,14.0,8.0,1,2.2,RECYCLE
A05234,Monitor,Bengaluru,4.4,1,3,0,81.0,,4.0,1,5.0,REDEPLOY
A05235,Monitor,Chennai,2.1,3,2,0,82.0,,3.0,1,5.0,REDEPLOY
A05236,Laptop,Mumbai,2.9,1,4,1,62.0,78.0,2.0,1,2.2,REFURBISH_RESELL
A05237,Laptop,Kolkata,6.7,2,2,0,43.0,22.0,5.0,1,2.2,RECYCLE
A05238,Laptop,Hyderabad,2.8,1,4,1,41.0,75.0,4.0,1,2.2,HARVEST_PARTS
A05239,Desktop,Chennai,0.7,2,4,0,94.0,,0.0,1,8.0,REDEPLOY
A05240,Laptop,Bengaluru,3.4,2,4,0,72.0,61.0,4.0,1,2.2,REFURBISH_RESELL
A05241,Laptop,Gurugram,5.7,2,3,1,41.0,56.0,4.0,1,2.2,RECYCLE
A05242,Laptop,Hyderabad,2.9,1,3,0,81.0,74.0,3.0,1,2.2,REDEPLOY
A05243,Laptop,Kolkata,6.8,3,4,0,52.0,27.0,7.0,1,2.2,RECYCLE
A05244,Desktop,Bengaluru,8.8,1,3,1,42.0,,9.0,1,8.0,RECYCLE
A05245,Monitor,Bengaluru,4.4,2,2,0,80.0,,4.0,1,5.0,REFURBISH_RESELL
A05246,Desktop,Noida,9.5,1,2,1,6.0,,9.0,1,8.0,RECYCLE
A05247,Laptop,Kolkata,7.7,1,4,0,50.0,42.0,7.0,1,2.2,RECYCLE
A05248,Laptop,Bengaluru,5.8,3,4,0,74.0,59.0,5.0,1,2.2,HARVEST_PARTS
A05249,Server,Bengaluru,4.7,2,3,0,59.0,,5.0,1,25.0,HARVEST_PARTS
A05250,Desktop,Kolkata,4.5,1,3,0,64.0,,5.0,1,8.0,REFURBISH_RESELL
A05251,Laptop,Mumbai,3.8,2,3,0,73.0,61.0,6.0,1,2.2,REFURBISH_RESELL
A05252,Laptop,Chennai,5.1,1,3,1,17.0,63.0,5.0,1,2.2,RECYCLE
A05253,Server,Chennai,1.3,1,3,0,89.0,,1.0,1,25.0,REDEPLOY
A05254,Monitor,Bengaluru,7.9,1,3,1,53.0,,7.0,1,5.0,RECYCLE
A05255,Network,Pune,9.6,1,2,0,27.0,,8.0,1,4.0,RECYCLE
A05256,Monitor,Bengaluru,1.2,1,2,0,94.0,,1.0,1,5.0,REDEPLOY
A05257,Laptop,Gurugram,5.6,2,3,1,36.0,45.0,5.0,1,2.2,RECYCLE
A05258,Laptop,Hyderabad,7.6,2,4,1,41.0,10.0,7.0,1,2.2,RECYCLE
A05259,Laptop,Gurugram,4.2,1,1,0,76.0,57.0,4.0,1,2.2,REFURBISH_RESELL
A05260,Monitor,Chennai,3.7,2,4,0,70.0,,4.0,1,5.0,REFURBISH_RESELL
A05261,Desktop,Hyderabad,3.3,1,1,0,85.0,,2.0,1,8.0,REDEPLOY
A05262,Laptop,Noida,3.0,3,3,0,74.0,70.0,2.0,1,2.2,REFURBISH_RESELL
A05263,Network,Hyderabad,4.6,2,2,0,79.0,,3.0,1,4.0,REFURBISH_RESELL
A05264,Laptop,Mumbai,6.8,3,3,0,72.0,22.0,7.0,1,2.2,HARVEST_PARTS
A05265,Laptop,Hyderabad,1.4,2,3,0,94.0,88.0,-0.0,1,2.2,REDEPLOY
A05266,Laptop,Noida,2.4,2,4,0,81.0,82.0,3.0,1,2.2,REDEPLOY
A05267,Network,Bengaluru,2.9,1,4,0,81.0,,3.0,1,4.0,REDEPLOY
A05268,Mobile,Bengaluru,1.8,3,3,0,88.0,81.0,2.0,1,0.2,REDEPLOY
A05269,Desktop,Noida,5.4,2,4,1,41.0,,4.0,1,8.0,RECYCLE
A05270,Mobile,Noida,5.0,1,3,0,67.0,54.0,4.0,1,0.2,HARVEST_PARTS
A05271,Network,Gurugram,6.0,1,2,0,47.0,,4.0,1,4.0,HARVEST_PARTS
A05272,Server,Kolkata,1.1,1,4,0,96.0,,2.0,1,25.0,REDEPLOY
A05273,Network,Bengaluru,5.6,1,2,0,73.0,,5.0,1,4.0,HARVEST_PARTS
A05274,Laptop,Bengaluru,6.8,3,4,1,7.0,47.0,7.0,1,2.2,RECYCLE
A05275,Monitor,Bengaluru,5.4,1,3,0,54.0,,6.0,1,5.0,HARVEST_PARTS
A05276,Desktop,Pune,4.0,1,3,0,70.0,,4.0,1,8.0,REDEPLOY
A05277,Monitor,Chennai,3.8,1,2,0,79.0,,4.0,1,5.0,REFURBISH_RESELL
A05278,Laptop,Mumbai,4.8,2,4,0,61.0,40.0,6.0,1,2.2,HARVEST_PARTS
A05279,Monitor,Bengaluru,4.5,2,4,0,77.0,,3.0,1,5.0,REDEPLOY
A05280,Mobile,Noida,2.9,2,4,0,82.0,78.0,2.0,1,0.2,REFURBISH_RESELL
A05281,Laptop,Mumbai,1.2,1,1,0,90.0,91.0,1.0,1,2.2,REDEPLOY
A05282,Mobile,Bengaluru,3.1,3,3,0,81.0,73.0,3.0,1,0.2,REDEPLOY
A05283,Laptop,Hyderabad,9.0,1,3,1,11.0,15.0,8.0,1,2.2,RECYCLE
A05284,Laptop,Pune,1.3,1,3,0,91.0,87.0,1.0,1,2.2,REDEPLOY
A05285,Laptop,Mumbai,4.5,1,3,0,63.0,50.0,3.0,1,2.2,HARVEST_PARTS
A05286,Monitor,Chennai,8.0,1,3,0,59.0,,7.0,1,5.0,HARVEST_PARTS
A05287,Desktop,Pune,6.0,1,4,0,57.0,,6.0,1,8.0,HARVEST_PARTS
A05288,Laptop,Noida,6.5,2,3,0,52.0,32.0,6.0,1,2.2,RECYCLE
A05289,Monitor,Gurugram,6.1,1,4,1,44.0,,5.0,1,5.0,RECYCLE
A05290,Laptop,Chennai,1.8,3,4,0,89.0,83.0,1.0,1,2.2,REDEPLOY
A05291,Laptop,Noida,7.3,1,3,0,37.0,8.0,7.0,1,2.2,RECYCLE
A05292,Network,Noida,7.8,1,2,0,60.0,,7.0,1,4.0,RECYCLE
A05293,Monitor,Gurugram,2.1,2,4,0,91.0,,1.0,1,5.0,REDEPLOY
A05294,Monitor,Hyderabad,3.3,2,4,0,78.0,,5.0,1,5.0,REFURBISH_RESELL
A05295,Desktop,Hyderabad,4.2,3,4,0,65.0,,4.0,1,8.0,HARVEST_PARTS
A05296,Mobile,Bengaluru,3.3,1,2,0,71.0,73.0,2.0,1,0.2,REDEPLOY
A05297,Laptop,Hyderabad,2.8,1,4,0,76.0,72.0,2.0,1,2.2,REDEPLOY
A05298,Laptop,Kolkata,2.8,3,2,0,78.0,80.0,3.0,1,2.2,REFURBISH_RESELL
A05299,Laptop,Chennai,5.6,1,3,0,75.0,32.0,6.0,1,2.2,RECYCLE
A05300,Desktop,Hyderabad,6.4,2,3,1,44.0,,7.0,1,8.0,RECYCLE
A05301,Monitor,Mumbai,2.8,1,3,0,80.0,,3.0,1,5.0,REDEPLOY
A05302,Monitor,Pune,6.4,1,3,0,59.0,,6.0,1,5.0,REFURBISH_RESELL
A05303,Laptop,Mumbai,3.3,3,3,1,39.0,64.0,2.0,1,2.2,RECYCLE
A05304,Laptop,Pune,2.1,3,3,0,81.0,82.0,3.0,1,2.2,REDEPLOY
A05305,Monitor,Chennai,4.7,3,1,0,58.0,,4.0,1,5.0,HARVEST_PARTS
A05306,Mobile,Noida,4.1,2,2,0,83.0,53.0,4.0,1,0.2,HARVEST_PARTS
A05307,Laptop,Noida,4.8,1,2,0,80.0,47.0,5.0,1,2.2,HARVEST_PARTS
A05308,Laptop,Noida,4.8,2,2,0,80.0,47.0,4.0,1,2.2,HARVEST_PARTS
A05309,Laptop,Hyderabad,4.5,1,3,0,75.0,51.0,4.0,1,2.2,REFURBISH_RESELL
A05310,Laptop,Kolkata,3.9,2,2,0,70.0,72.0,4.0,1,2.2,HARVEST_PARTS
A05311,Laptop,Gurugram,6.3,2,3,1,28.0,55.0,6.0,1,2.2,RECYCLE
A05312,Laptop,Gurugram,5.4,2,3,0,65.0,33.0,4.0,1,2.2,HARVEST_PARTS
A05313,Monitor,Mumbai,3.4,1,2,0,74.0,,5.0,1,5.0,HARVEST_PARTS
A05314,Laptop,Mumbai,3.3,1,3,0,83.0,62.0,2.0,1,2.2,REDEPLOY
A05315,Laptop,Gurugram,1.7,2,3,0,85.0,80.0,0.0,1,2.2,REDEPLOY
A05316,Laptop,Bengaluru,1.8,3,4,0,91.0,78.0,1.0,1,2.2,REDEPLOY
A05317,Mobile,Pune,3.8,1,1,0,78.0,54.0,3.0,1,0.2,REFURBISH_RESELL
A05318,Laptop,Chennai,5.9,1,4,0,51.0,52.0,8.0,1,2.2,RECYCLE
A05319,Laptop,Pune,2.6,3,4,0,79.0,73.0,2.0,1,2.2,REDEPLOY
A05320,Laptop,Noida,5.5,2,4,0,74.0,45.0,6.0,1,2.2,HARVEST_PARTS
A05321,Monitor,Chennai,4.5,2,3,0,81.0,,4.0,1,5.0,REFURBISH_RESELL
A05322,Network,Gurugram,2.7,3,3,1,55.0,,1.0,1,4.0,HARVEST_PARTS
A05323,Laptop,Gurugram,4.2,2,2,0,69.0,48.0,5.0,1,2.2,HARVEST_PARTS
A05324,Laptop,Mumbai,4.1,2,3,1,53.0,68.0,3.0,1,2.2,RECYCLE
A05325,Laptop,Gurugram,2.7,2,2,0,89.0,70.0,3.0,1,2.2,REFURBISH_RESELL
A05326,Monitor,Noida,5.4,1,4,0,55.0,,4.0,1,5.0,REFURBISH_RESELL
A05327,Mobile,Kolkata,6.2,1,3,0,65.0,35.0,6.0,1,0.2,HARVEST_PARTS
A05328,Laptop,Gurugram,3.5,1,3,0,80.0,71.0,3.0,1,2.2,REDEPLOY
A05329,Laptop,Mumbai,2.2,2,4,0,84.0,84.0,2.0,1,2.2,REDEPLOY
A05330,Monitor,Chennai,6.3,1,3,0,48.0,,6.0,1,5.0,HARVEST_PARTS
A05331,Monitor,Mumbai,1.8,3,2,0,89.0,,1.0,1,5.0,REDEPLOY
A05332,Laptop,Hyderabad,4.7,1,2,1,60.0,58.0,2.0,1,2.2,RECYCLE
A05333,Laptop,Bengaluru,2.6,2,1,0,81.0,67.0,3.0,1,2.2,REFURBISH_RESELL
A05334,Laptop,Kolkata,2.1,1,3,0,86.0,82.0,3.0,1,2.2,REFURBISH_RESELL
A05335,Monitor,Kolkata,3.1,1,4,0,73.0,,3.0,1,5.0,REDEPLOY
A05336,Monitor,Hyderabad,4.1,1,2,0,73.0,,3.0,1,5.0,REDEPLOY
A05337,Monitor,Chennai,2.4,2,1,0,83.0,,2.0,1,5.0,REDEPLOY
A05338,Server,Pune,2.0,1,3,0,83.0,,2.0,1,25.0,REDEPLOY
A05339,Laptop,Bengaluru,1.5,1,4,0,92.0,89.0,1.0,1,2.2,REDEPLOY
A05340,Laptop,Noida,8.0,3,4,0,67.0,24.0,8.0,1,2.2,RECYCLE
A05341,Laptop,Hyderabad,4.8,2,2,1,28.0,54.0,5.0,1,2.2,RECYCLE
A05342,Network,Gurugram,2.7,2,4,0,80.0,,2.0,1,4.0,REFURBISH_RESELL
A05343,Desktop,Kolkata,4.9,2,4,0,59.0,,5.0,1,8.0,HARVEST_PARTS
A05344,Laptop,Gurugram,4.1,2,3,0,79.0,55.0,3.0,1,2.2,REFURBISH_RESELL
A05345,Laptop,Hyderabad,5.6,1,2,0,66.0,50.0,5.0,1,2.2,HARVEST_PARTS
A05346,Monitor,Hyderabad,3.6,1,3,0,85.0,,3.0,1,5.0,REFURBISH_RESELL
A05347,Monitor,Gurugram,6.1,1,3,0,54.0,,6.0,1,5.0,HARVEST_PARTS
A05348,Monitor,Pune,2.9,1,3,0,86.0,,2.0,1,5.0,REDEPLOY
A05349,Laptop,Gurugram,4.5,2,2,0,70.0,47.0,5.0,1,2.2,REFURBISH_RESELL
A05350,Mobile,Noida,5.9,3,3,1,35.0,29.0,5.0,1,0.2,RECYCLE
A05351,Monitor,Gurugram,4.6,2,4,1,44.0,,6.0,1,5.0,HARVEST_PARTS
A05352,Monitor,Noida,9.2,1,4,0,61.0,,7.0,1,5.0,RECYCLE
A05353,Monitor,Kolkata,5.6,2,4,0,61.0,,5.0,1,5.0,REFURBISH_RESELL
A05354,Mobile,Noida,4.9,1,4,1,33.0,65.0,4.0,1,0.2,RECYCLE
A05355,Mobile,Mumbai,3.4,1,3,0,82.0,67.0,1.0,0,0.2,HARVEST_PARTS
A05356,Desktop,Bengaluru,4.5,1,4,0,67.0,,4.0,1,8.0,REFURBISH_RESELL
A05357,Laptop,Hyderabad,6.9,2,2,1,5.0,34.0,7.0,1,2.2,RECYCLE
A05358,Laptop,Hyderabad,3.2,2,4,0,72.0,60.0,4.0,1,2.2,REFURBISH_RESELL
A05359,Server,Hyderabad,2.6,2,1,0,78.0,,2.0,1,25.0,REDEPLOY
A05360,Monitor,Gurugram,3.2,2,4,0,75.0,,3.0,1,5.0,REDEPLOY
A05361,Laptop,Bengaluru,3.1,2,3,0,75.0,72.0,3.0,1,2.2,REFURBISH_RESELL
A05362,Laptop,Kolkata,5.2,1,2,0,61.0,59.0,5.0,1,2.2,HARVEST_PARTS
A05363,Mobile,Chennai,8.7,2,2,0,47.0,5.0,7.0,1,0.2,RECYCLE
A05364,Network,Bengaluru,1.8,1,4,0,91.0,,2.0,1,4.0,REDEPLOY
A05365,Mobile,Pune,1.1,1,2,0,91.0,91.0,2.0,1,0.2,REDEPLOY
A05366,Laptop,Hyderabad,4.2,1,2,0,70.0,59.0,3.0,1,2.2,REFURBISH_RESELL
A05367,Monitor,Bengaluru,2.4,1,3,0,81.0,,2.0,1,5.0,REDEPLOY
A05368,Server,Pune,4.7,2,3,0,59.0,,3.0,1,25.0,REFURBISH_RESELL
A05369,Laptop,Mumbai,5.0,1,3,0,70.0,62.0,5.0,1,2.2,REFURBISH_RESELL
A05370,Laptop,Gurugram,3.1,1,3,0,74.0,62.0,4.0,1,2.2,HARVEST_PARTS
A05371,Mobile,Hyderabad,5.3,1,4,0,77.0,58.0,4.0,0,0.2,HARVEST_PARTS
A05372,Laptop,Chennai,2.9,2,4,0,85.0,71.0,2.0,1,2.2,REDEPLOY
A05373,Desktop,Mumbai,2.8,1,3,0,82.0,,3.0,1,8.0,REFURBISH_RESELL
A05374,Monitor,Pune,2.6,2,4,1,60.0,,2.0,1,5.0,HARVEST_PARTS
A05375,Monitor,Kolkata,3.2,1,4,1,48.0,,2.0,1,5.0,REFURBISH_RESELL
A05376,Laptop,Kolkata,4.0,1,4,0,74.0,57.0,3.0,1,2.2,REFURBISH_RESELL
A05377,Monitor,Mumbai,3.8,1,3,0,74.0,,4.0,1,5.0,REDEPLOY
A05378,Laptop,Bengaluru,4.3,3,3,0,73.0,45.0,4.0,1,2.2,HARVEST_PARTS
A05379,Server,Noida,5.2,1,2,0,56.0,,6.0,1,25.0,HARVEST_PARTS
A05380,Laptop,Pune,4.4,1,1,0,64.0,58.0,4.0,1,2.2,HARVEST_PARTS
A05381,Monitor,Gurugram,7.9,1,1,1,21.0,,7.0,1,5.0,RECYCLE
A05382,Monitor,Gurugram,4.1,1,4,0,82.0,,4.0,1,5.0,REDEPLOY
A05383,Laptop,Bengaluru,5.7,1,3,1,50.0,51.0,5.0,1,2.2,RECYCLE
A05384,Laptop,Gurugram,1.7,1,3,0,86.0,80.0,0.0,1,2.2,REDEPLOY
A05385,Monitor,Hyderabad,4.3,2,4,0,67.0,,4.0,1,5.0,REDEPLOY
A05386,Laptop,Noida,3.7,3,4,0,82.0,61.0,4.0,1,2.2,REFURBISH_RESELL
A05387,Laptop,Gurugram,3.6,1,2,0,73.0,70.0,1.0,1,2.2,REFURBISH_RESELL
A05388,Desktop,Mumbai,6.9,1,3,0,58.0,,6.0,1,8.0,HARVEST_PARTS
A05389,Mobile,Bengaluru,9.4,1,3,1,5.0,5.0,8.0,1,0.2,RECYCLE
A05390,Desktop,Noida,5.2,3,2,0,64.0,,5.0,1,8.0,REFURBISH_RESELL
A05391,Laptop,Noida,1.5,2,2,0,89.0,88.0,2.0,1,2.2,REDEPLOY
A05392,Mobile,Kolkata,3.0,1,2,0,84.0,62.0,5.0,1,0.2,HARVEST_PARTS
A05393,Desktop,Noida,1.8,2,2,0,84.0,,2.0,1,8.0,REDEPLOY
A05394,Laptop,Pune,4.3,1,4,0,64.0,46.0,4.0,1,2.2,REFURBISH_RESELL
A05395,Laptop,Noida,4.9,1,3,0,80.0,53.0,4.0,1,2.2,REFURBISH_RESELL
A05396,Laptop,Mumbai,1.6,3,4,0,88.0,82.0,2.0,1,2.2,REDEPLOY
A05397,Laptop,Gurugram,7.4,1,1,0,50.0,33.0,7.0,1,2.2,RECYCLE
A05398,Monitor,Bengaluru,2.1,1,4,1,50.0,,3.0,1,5.0,REFURBISH_RESELL
A05399,Laptop,Chennai,4.8,2,3,0,78.0,63.0,6.0,1,2.2,HARVEST_PARTS
A05400,Monitor,Bengaluru,7.4,2,1,0,50.0,,7.0,1,5.0,RECYCLE
A05401,Laptop,Hyderabad,4.3,1,3,0,67.0,51.0,4.0,1,2.2,HARVEST_PARTS
A05402,Laptop,Hyderabad,2.8,2,4,0,89.0,78.0,3.0,1,2.2,REDEPLOY
A05403,Laptop,Hyderabad,2.7,2,4,1,71.0,68.0,2.0,1,2.2,HARVEST_PARTS
A05404,Desktop,Bengaluru,4.4,2,3,0,69.0,,4.0,1,8.0,HARVEST_PARTS
A05405,Monitor,Pune,5.7,1,3,0,73.0,,4.0,1,5.0,REFURBISH_RESELL
A05406,Laptop,Gurugram,4.7,1,3,0,58.0,64.0,5.0,1,2.2,REFURBISH_RESELL
A05407,Laptop,Gurugram,2.6,3,4,0,81.0,70.0,2.0,1,2.2,REDEPLOY
A05408,Laptop,Hyderabad,3.7,2,2,0,73.0,70.0,4.0,1,2.2,REFURBISH_RESELL
A05409,Server,Pune,2.5,1,3,0,84.0,,0.0,1,25.0,REDEPLOY
A05410,Laptop,Chennai,2.5,2,1,0,89.0,81.0,2.0,1,2.2,REFURBISH_RESELL
A05411,Monitor,Mumbai,2.4,1,3,0,80.0,,4.0,1,5.0,REDEPLOY
A05412,Laptop,Bengaluru,3.3,3,1,0,86.0,64.0,3.0,1,2.2,HARVEST_PARTS
A05413,Laptop,Bengaluru,3.9,2,4,0,69.0,57.0,5.0,1,2.2,REFURBISH_RESELL
A05414,Monitor,Mumbai,4.1,3,1,0,80.0,,4.0,1,5.0,REFURBISH_RESELL
A05415,Desktop,Bengaluru,4.6,2,2,0,65.0,,4.0,1,8.0,HARVEST_PARTS
A05416,Laptop,Noida,2.7,2,3,0,83.0,73.0,3.0,1,2.2,REDEPLOY
A05417,Mobile,Hyderabad,3.9,1,1,0,76.0,68.0,4.0,1,0.2,REFURBISH_RESELL
A05418,Laptop,Pune,4.2,1,2,0,62.0,58.0,4.0,1,2.2,HARVEST_PARTS
A05419,Laptop,Gurugram,6.6,1,1,0,41.0,27.0,7.0,1,2.2,RECYCLE
A05420,Laptop,Pune,1.6,3,2,0,93.0,87.0,3.0,1,2.2,REFURBISH_RESELL
A05421,Desktop,Hyderabad,1.9,2,1,0,84.0,,3.0,1,8.0,REFURBISH_RESELL
A05422,Monitor,Bengaluru,5.1,1,4,0,79.0,,4.0,1,5.0,HARVEST_PARTS
A05423,Laptop,Bengaluru,5.3,1,4,0,63.0,60.0,2.0,1,2.2,REFURBISH_RESELL
A05424,Mobile,Bengaluru,5.1,2,3,0,59.0,40.0,4.0,1,0.2,HARVEST_PARTS
A05425,Monitor,Bengaluru,5.1,2,2,1,46.0,,4.0,1,5.0,HARVEST_PARTS
A05426,Mobile,Noida,1.7,1,4,0,87.0,85.0,1.0,1,0.2,REDEPLOY
A05427,Server,Noida,8.7,2,3,0,39.0,,7.0,1,25.0,RECYCLE
A05428,Mobile,Kolkata,6.2,1,4,0,61.0,32.0,6.0,1,0.2,RECYCLE
A05429,Monitor,Noida,1.7,1,1,0,86.0,,1.0,1,5.0,REDEPLOY
A05430,Laptop,Noida,3.5,1,2,0,74.0,61.0,2.0,1,2.2,REFURBISH_RESELL
A05431,Laptop,Chennai,3.4,1,4,0,73.0,64.0,3.0,1,2.2,REFURBISH_RESELL
A05432,Monitor,Gurugram,3.7,1,4,0,84.0,,3.0,1,5.0,REDEPLOY
A05433,Laptop,Hyderabad,3.2,2,1,0,84.0,65.0,4.0,1,2.2,HARVEST_PARTS
A05434,Monitor,Bengaluru,2.2,1,3,0,85.0,,2.0,1,5.0,REDEPLOY
A05435,Laptop,Pune,4.2,1,3,0,66.0,65.0,5.0,1,2.2,REDEPLOY
A05436,Server,Chennai,6.8,1,1,0,47.0,,6.0,1,25.0,HARVEST_PARTS
A05437,Laptop,Mumbai,3.1,1,1,0,80.0,66.0,3.0,1,2.2,REFURBISH_RESELL
A05438,Mobile,Mumbai,4.6,2,4,0,63.0,59.0,5.0,1,0.2,REDEPLOY
A05439,Laptop,Gurugram,3.8,2,3,0,68.0,73.0,5.0,1,2.2,REFURBISH_RESELL
A05440,Laptop,Hyderabad,5.1,2,1,0,64.0,64.0,4.0,1,2.2,HARVEST_PARTS
A05441,Server,Bengaluru,3.6,1,4,0,83.0,,4.0,1,25.0,REDEPLOY
A05442,Server,Chennai,2.9,1,3,1,55.0,,3.0,1,25.0,HARVEST_PARTS
A05443,Monitor,Pune,3.2,1,2,0,82.0,,2.0,1,5.0,REDEPLOY
A05444,Mobile,Noida,6.7,2,4,1,33.0,16.0,5.0,1,0.2,RECYCLE
A05445,Laptop,Pune,4.0,1,3,0,66.0,69.0,2.0,0,2.2,HARVEST_PARTS
A05446,Server,Hyderabad,4.0,2,4,0,64.0,,2.0,1,25.0,REDEPLOY
A05447,Laptop,Gurugram,6.6,3,4,0,50.0,33.0,5.0,1,2.2,RECYCLE
A05448,Desktop,Hyderabad,7.1,2,4,0,60.0,,7.0,1,8.0,RECYCLE
A05449,Laptop,Chennai,1.1,1,3,0,94.0,91.0,1.0,1,2.2,REDEPLOY
A05450,Laptop,Mumbai,1.9,2,3,0,92.0,85.0,2.0,1,2.2,REDEPLOY
A05451,Desktop,Gurugram,5.7,1,1,0,75.0,,5.0,1,8.0,HARVEST_PARTS
A05452,Monitor,Noida,4.1,3,1,0,82.0,,4.0,1,5.0,HARVEST_PARTS
A05453,Laptop,Hyderabad,7.1,1,2,1,9.0,11.0,7.0,1,2.2,RECYCLE
A05454,Mobile,Gurugram,1.6,2,2,0,92.0,87.0,2.0,1,0.2,REDEPLOY
A05455,Desktop,Gurugram,4.4,1,4,1,60.0,,5.0,1,8.0,HARVEST_PARTS
A05456,Laptop,Gurugram,5.2,2,3,0,53.0,52.0,4.0,1,2.2,HARVEST_PARTS
A05457,Monitor,Pune,3.4,1,2,0,74.0,,4.0,0,5.0,HARVEST_PARTS
A05458,Laptop,Bengaluru,5.5,1,1,1,47.0,44.0,5.0,1,2.2,RECYCLE
A05459,Laptop,Noida,5.7,1,3,1,47.0,54.0,4.0,1,2.2,RECYCLE
A05460,Monitor,Mumbai,3.8,1,2,0,67.0,,4.0,1,5.0,REFURBISH_RESELL
A05461,Laptop,Bengaluru,3.7,1,1,1,54.0,61.0,3.0,1,2.2,RECYCLE
A05462,Laptop,Chennai,6.0,3,3,0,75.0,38.0,5.0,1,2.2,HARVEST_PARTS
A05463,Monitor,Mumbai,4.4,1,2,0,69.0,,4.0,1,5.0,REDEPLOY
A05464,Laptop,Gurugram,5.0,2,1,0,69.0,35.0,5.0,1,2.2,RECYCLE
A05465,Server,Noida,4.3,1,2,0,61.0,,4.0,1,25.0,REFURBISH_RESELL
A05466,Monitor,Mumbai,4.2,2,4,1,48.0,,2.0,1,5.0,HARVEST_PARTS
A05467,Laptop,Bengaluru,3.7,3,1,0,71.0,62.0,3.0,1,2.2,REFURBISH_RESELL
A05468,Desktop,Chennai,5.2,1,2,0,58.0,,5.0,1,8.0,HARVEST_PARTS
A05469,Laptop,Pune,2.6,3,4,0,89.0,78.0,3.0,1,2.2,REDEPLOY
A05470,Monitor,Pune,1.7,2,1,0,85.0,,2.0,1,5.0,REDEPLOY
A05471,Laptop,Bengaluru,4.0,2,4,0,74.0,66.0,3.0,1,2.2,REFURBISH_RESELL
A05472,Mobile,Gurugram,7.2,1,1,0,41.0,31.0,6.0,1,0.2,RECYCLE
A05473,Laptop,Bengaluru,4.4,3,2,0,68.0,56.0,1.0,0,2.2,HARVEST_PARTS
A05474,Monitor,Chennai,3.5,3,4,0,78.0,,3.0,1,5.0,REDEPLOY
A05475,Laptop,Bengaluru,3.3,1,2,0,82.0,66.0,4.0,1,2.2,REFURBISH_RESELL
A05476,Laptop,Bengaluru,3.2,1,4,0,84.0,72.0,4.0,1,2.2,REDEPLOY
A05477,Desktop,Bengaluru,0.8,1,1,0,94.0,,-0.0,1,8.0,REDEPLOY
A05478,Desktop,Chennai,6.7,1,3,0,71.0,,5.0,1,8.0,REFURBISH_RESELL
A05479,Mobile,Kolkata,3.0,1,3,0,84.0,76.0,4.0,1,0.2,REFURBISH_RESELL
A05480,Laptop,Pune,4.0,3,1,0,73.0,53.0,5.0,1,2.2,HARVEST_PARTS
A05481,Laptop,Gurugram,3.4,3,4,1,61.0,69.0,3.0,1,2.2,RECYCLE
A05482,Laptop,Gurugram,2.8,1,3,0,81.0,75.0,3.0,1,2.2,REFURBISH_RESELL
A05483,Laptop,Pune,6.9,1,2,0,60.0,19.0,7.0,1,2.2,RECYCLE
A05484,Network,Hyderabad,2.3,2,4,1,71.0,,1.0,1,4.0,REFURBISH_RESELL
A05485,Mobile,Gurugram,5.2,3,4,1,32.0,62.0,5.0,1,0.2,RECYCLE
A05486,Network,Kolkata,1.8,2,3,0,91.0,,2.0,1,4.0,REFURBISH_RESELL
A05487,Laptop,Gurugram,3.7,3,3,0,82.0,71.0,3.0,1,2.2,REFURBISH_RESELL
A05488,Laptop,Noida,6.4,2,3,0,69.0,29.0,7.0,1,2.2,RECYCLE
A05489,Monitor,Mumbai,3.1,1,3,0,84.0,,3.0,1,5.0,REDEPLOY
A05490,Laptop,Gurugram,5.0,1,3,0,80.0,55.0,3.0,1,2.2,REFURBISH_RESELL
A05491,Monitor,Kolkata,3.1,2,4,0,77.0,,3.0,1,5.0,REDEPLOY
A05492,Laptop,Mumbai,3.4,2,4,0,77.0,71.0,2.0,1,2.2,REDEPLOY
A05493,Laptop,Hyderabad,5.6,2,4,0,76.0,51.0,5.0,1,2.2,RECYCLE
A05494,Network,Gurugram,5.1,2,2,0,67.0,,5.0,1,4.0,HARVEST_PARTS
A05495,Laptop,Mumbai,7.2,1,4,1,23.0,27.0,6.0,1,2.2,RECYCLE
A05496,Mobile,Bengaluru,3.1,1,1,0,80.0,72.0,3.0,1,0.2,HARVEST_PARTS
A05497,Laptop,Noida,4.6,3,4,0,59.0,58.0,5.0,1,2.2,HARVEST_PARTS
A05498,Laptop,Pune,4.1,1,3,0,82.0,53.0,3.0,1,2.2,REFURBISH_RESELL
A05499,Laptop,Bengaluru,4.7,1,2,0,67.0,39.0,4.0,1,2.2,RECYCLE
A05500,Laptop,Mumbai,6.2,2,4,1,23.0,39.0,6.0,1,2.2,RECYCLE
A05501,Desktop,Pune,2.9,1,3,0,80.0,,3.0,1,8.0,REDEPLOY
A05502,Laptop,Gurugram,4.6,2,4,0,70.0,47.0,4.0,1,2.2,HARVEST_PARTS
A05503,Monitor,Pune,6.9,2,1,0,53.0,,6.0,1,5.0,HARVEST_PARTS
A05504,Network,Bengaluru,4.1,2,4,1,30.0,,3.0,1,4.0,HARVEST_PARTS
A05505,Laptop,Mumbai,5.6,3,4,0,67.0,37.0,4.0,1,2.2,RECYCLE
A05506,Laptop,Bengaluru,1.4,1,3,0,90.0,82.0,1.0,1,2.2,REDEPLOY
A05507,Laptop,Pune,4.2,3,3,0,79.0,48.0,4.0,1,2.2,REFURBISH_RESELL
A05508,Monitor,Gurugram,3.2,2,1,0,82.0,,1.0,1,5.0,REFURBISH_RESELL
A05509,Desktop,Bengaluru,1.0,3,1,0,93.0,,1.0,1,8.0,REDEPLOY
A05510,Laptop,Bengaluru,5.0,2,2,0,62.0,35.0,6.0,1,2.2,RECYCLE
A05511,Desktop,Chennai,4.6,1,4,1,46.0,,2.0,1,8.0,RECYCLE
A05512,Desktop,Pune,2.6,1,3,0,80.0,,3.0,1,8.0,REFURBISH_RESELL
A05513,Laptop,Bengaluru,1.9,1,4,0,86.0,86.0,1.0,1,2.2,REDEPLOY
A05514,Laptop,Pune,8.8,2,4,0,46.0,5.0,8.0,1,2.2,RECYCLE
A05515,Mobile,Kolkata,4.7,1,4,1,46.0,43.0,4.0,1,0.2,RECYCLE
A05516,Laptop,Pune,4.7,1,3,1,46.0,60.0,5.0,1,2.2,RECYCLE
A05517,Laptop,Bengaluru,2.8,3,3,0,84.0,74.0,2.0,1,2.2,REFURBISH_RESELL
A05518,Laptop,Chennai,3.4,3,2,0,72.0,72.0,3.0,1,2.2,REFURBISH_RESELL
A05519,Desktop,Pune,6.9,2,3,0,43.0,,6.0,1,8.0,RECYCLE
A05520,Laptop,Gurugram,4.1,1,4,0,82.0,71.0,4.0,1,2.2,REDEPLOY
A05521,Laptop,Bengaluru,7.0,2,4,0,71.0,50.0,6.0,1,2.2,RECYCLE
A05522,Laptop,Kolkata,4.8,3,3,0,70.0,46.0,5.0,1,2.2,HARVEST_PARTS
A05523,Monitor,Bengaluru,6.3,1,3,0,68.0,,6.0,1,5.0,HARVEST_PARTS
A05524,Laptop,Noida,1.3,1,4,0,93.0,91.0,1.0,1,2.2,REDEPLOY
A05525,Mobile,Bengaluru,2.7,3,3,1,64.0,71.0,2.0,1,0.2,HARVEST_PARTS
A05526,Laptop,Hyderabad,4.1,1,2,0,68.0,60.0,2.0,1,2.2,REFURBISH_RESELL
A05527,Laptop,Hyderabad,3.6,2,4,0,83.0,67.0,4.0,1,2.2,REFURBISH_RESELL
A05528,Mobile,Noida,5.1,2,2,0,55.0,64.0,5.0,1,0.2,RECYCLE
A05529,Server,Chennai,1.9,1,1,0,87.0,,1.0,1,25.0,REDEPLOY
A05530,Laptop,Bengaluru,1.9,1,1,0,85.0,77.0,2.0,0,2.2,HARVEST_PARTS
A05531,Server,Bengaluru,5.0,2,4,0,76.0,,6.0,1,25.0,REFURBISH_RESELL
A05532,Desktop,Bengaluru,6.2,2,4,0,71.0,,5.0,1,8.0,HARVEST_PARTS
A05533,Laptop,Mumbai,3.4,3,2,0,81.0,59.0,4.0,1,2.2,REFURBISH_RESELL
A05534,Server,Hyderabad,7.3,1,3,0,38.0,,8.0,1,25.0,HARVEST_PARTS
A05535,Monitor,Kolkata,8.1,3,4,1,15.0,,7.0,1,5.0,RECYCLE
A05536,Laptop,Gurugram,3.9,1,3,1,61.0,51.0,3.0,1,2.2,HARVEST_PARTS
A05537,Monitor,Bengaluru,3.4,1,3,0,79.0,,3.0,1,5.0,REDEPLOY
A05538,Laptop,Bengaluru,3.0,3,4,1,69.0,74.0,2.0,1,2.2,HARVEST_PARTS
A05539,Laptop,Pune,2.7,1,4,0,85.0,81.0,3.0,1,2.2,REDEPLOY
A05540,Mobile,Chennai,5.4,1,2,0,53.0,49.0,4.0,1,0.2,HARVEST_PARTS
A05541,Desktop,Pune,2.6,1,3,1,66.0,,2.0,1,8.0,HARVEST_PARTS
A05542,Desktop,Bengaluru,2.3,2,4,0,86.0,,3.0,0,8.0,HARVEST_PARTS
A05543,Desktop,Hyderabad,2.7,2,1,1,56.0,,1.0,1,8.0,RECYCLE
A05544,Desktop,Hyderabad,3.9,3,2,0,83.0,,4.0,1,8.0,REFURBISH_RESELL
A05545,Laptop,Gurugram,4.1,1,3,0,72.0,61.0,3.0,1,2.2,REFURBISH_RESELL
A05546,Mobile,Bengaluru,5.3,1,4,0,59.0,48.0,5.0,1,0.2,HARVEST_PARTS
A05547,Monitor,Hyderabad,3.8,1,2,0,73.0,,2.0,1,5.0,REDEPLOY
A05548,Monitor,Mumbai,1.9,3,2,0,85.0,,3.0,1,5.0,REDEPLOY
A05549,Desktop,Mumbai,3.3,2,2,0,74.0,,3.0,1,8.0,REFURBISH_RESELL
A05550,Laptop,Bengaluru,4.0,1,4,0,68.0,66.0,4.0,1,2.2,REFURBISH_RESELL
A05551,Laptop,Bengaluru,2.9,1,3,0,80.0,72.0,2.0,1,2.2,REDEPLOY
A05552,Laptop,Gurugram,4.6,1,4,0,62.0,49.0,4.0,0,2.2,HARVEST_PARTS
A05553,Laptop,Pune,1.0,2,1,0,94.0,90.0,1.0,1,2.2,REDEPLOY
A05554,Monitor,Bengaluru,3.7,1,4,0,82.0,,3.0,1,5.0,REDEPLOY
A05555,Network,Noida,6.7,2,3,1,7.0,,6.0,1,4.0,RECYCLE
A05556,Laptop,Bengaluru,6.1,1,2,0,67.0,36.0,5.0,1,2.2,HARVEST_PARTS
A05557,Laptop,Pune,4.2,1,2,1,59.0,47.0,4.0,1,2.2,RECYCLE
A05558,Monitor,Noida,4.0,2,3,0,73.0,,4.0,1,5.0,REDEPLOY
A05559,Laptop,Hyderabad,4.9,2,3,1,40.0,52.0,4.0,1,2.2,RECYCLE
A05560,Mobile,Chennai,2.4,1,1,1,64.0,75.0,2.0,1,0.2,HARVEST_PARTS
A05561,Laptop,Kolkata,5.9,2,3,0,58.0,54.0,5.0,1,2.2,HARVEST_PARTS
A05562,Laptop,Bengaluru,7.2,3,3,0,63.0,20.0,7.0,1,2.2,RECYCLE
A05563,Laptop,Pune,3.7,2,2,0,83.0,60.0,3.0,1,2.2,REFURBISH_RESELL
A05564,Mobile,Pune,4.2,2,3,1,37.0,63.0,3.0,1,0.2,RECYCLE
A05565,Laptop,Bengaluru,5.3,2,3,0,71.0,32.0,5.0,1,2.2,HARVEST_PARTS
A05566,Monitor,Hyderabad,2.8,1,3,0,83.0,,3.0,1,5.0,REDEPLOY
A05567,Laptop,Pune,7.3,1,4,0,66.0,33.0,9.0,1,2.2,RECYCLE
A05568,Laptop,Kolkata,8.7,1,3,1,11.0,14.0,7.0,1,2.2,RECYCLE
A05569,Network,Bengaluru,5.1,1,3,0,79.0,,5.0,1,4.0,REFURBISH_RESELL
A05570,Laptop,Noida,7.6,2,4,0,69.0,31.0,7.0,1,2.2,HARVEST_PARTS
A05571,Laptop,Pune,2.2,2,3,0,87.0,77.0,2.0,1,2.2,REFURBISH_RESELL
A05572,Desktop,Bengaluru,4.5,1,3,0,79.0,,5.0,1,8.0,REFURBISH_RESELL
A05573,Network,Hyderabad,1.4,3,4,1,66.0,,1.0,1,4.0,REFURBISH_RESELL
A05574,Laptop,Bengaluru,3.3,3,3,1,51.0,69.0,3.0,1,2.2,RECYCLE
A05575,Laptop,Pune,3.3,1,3,0,79.0,61.0,2.0,1,2.2,REFURBISH_RESELL
A05576,Mobile,Gurugram,2.9,1,4,0,75.0,73.0,2.0,1,0.2,REDEPLOY
A05577,Monitor,Noida,2.2,1,4,0,87.0,,3.0,1,5.0,REDEPLOY
A05578,Network,Bengaluru,5.0,3,2,1,50.0,,4.0,1,4.0,RECYCLE
A05579,Monitor,Gurugram,2.7,2,3,1,46.0,,2.0,1,5.0,HARVEST_PARTS
A05580,Monitor,Chennai,5.0,2,1,1,33.0,,5.0,1,5.0,RECYCLE
A05581,Laptop,Bengaluru,3.9,3,2,0,68.0,50.0,5.0,1,2.2,HARVEST_PARTS
A05582,Laptop,Pune,4.6,2,1,0,63.0,60.0,5.0,1,2.2,RECYCLE
A05583,Monitor,Gurugram,3.1,3,4,0,86.0,,3.0,1,5.0,REFURBISH_RESELL
A05584,Monitor,Chennai,3.8,1,3,0,82.0,,3.0,1,5.0,REDEPLOY
A05585,Mobile,Bengaluru,9.4,1,3,0,50.0,34.0,8.0,1,0.2,RECYCLE
A05586,Desktop,Chennai,4.5,1,3,0,67.0,,3.0,1,8.0,REFURBISH_RESELL
A05587,Laptop,Hyderabad,7.3,3,2,0,56.0,33.0,6.0,1,2.2,RECYCLE
A05588,Desktop,Noida,7.2,1,3,0,53.0,,6.0,1,8.0,HARVEST_PARTS
A05589,Monitor,Gurugram,10.0,1,4,1,5.0,,9.0,1,5.0,RECYCLE
A05590,Laptop,Hyderabad,2.0,2,2,0,92.0,80.0,2.0,1,2.2,REFURBISH_RESELL
A05591,Monitor,Kolkata,7.2,1,4,1,10.0,,7.0,1,5.0,RECYCLE
A05592,Desktop,Gurugram,3.8,2,4,0,74.0,,4.0,1,8.0,REDEPLOY
A05593,Laptop,Chennai,3.3,1,3,0,77.0,57.0,3.0,1,2.2,REDEPLOY
A05594,Desktop,Gurugram,2.4,1,4,0,87.0,,3.0,1,8.0,REDEPLOY
A05595,Monitor,Bengaluru,2.0,1,2,0,90.0,,4.0,1,5.0,REDEPLOY
A05596,Mobile,Bengaluru,5.0,2,3,0,66.0,48.0,5.0,1,0.2,HARVEST_PARTS
A05597,Laptop,Gurugram,2.0,1,2,0,84.0,81.0,3.0,1,2.2,REFURBISH_RESELL
A05598,Desktop,Bengaluru,5.1,1,3,0,60.0,,5.0,1,8.0,HARVEST_PARTS
A05599,Desktop,Chennai,1.1,2,3,0,91.0,,1.0,1,8.0,REDEPLOY
A05600,Desktop,Mumbai,2.5,1,3,0,86.0,,3.0,1,8.0,REDEPLOY
A05601,Laptop,Bengaluru,3.6,1,2,0,74.0,73.0,3.0,1,2.2,REFURBISH_RESELL
A05602,Network,Bengaluru,4.1,1,4,0,72.0,,3.0,1,4.0,REDEPLOY
A05603,Mobile,Hyderabad,2.6,3,3,0,88.0,71.0,3.0,1,0.2,REDEPLOY
A05604,Desktop,Bengaluru,2.1,3,4,0,86.0,,4.0,1,8.0,REDEPLOY
A05605,Desktop,Pune,3.4,1,3,0,86.0,,3.0,1,8.0,REDEPLOY
A05606,Laptop,Mumbai,3.0,2,1,0,77.0,64.0,3.0,1,2.2,HARVEST_PARTS
A05607,Desktop,Noida,3.2,1,3,1,35.0,,2.0,1,8.0,HARVEST_PARTS
A05608,Laptop,Kolkata,5.2,1,3,0,56.0,52.0,6.0,1,2.2,HARVEST_PARTS
A05609,Monitor,Bengaluru,6.6,1,4,1,39.0,,6.0,1,5.0,RECYCLE
A05610,Laptop,Bengaluru,3.3,3,3,0,77.0,72.0,3.0,1,2.2,REDEPLOY
A05611,Monitor,Bengaluru,5.2,2,2,0,60.0,,4.0,1,5.0,HARVEST_PARTS
A05612,Laptop,Kolkata,3.0,2,3,0,78.0,64.0,3.0,1,2.2,REFURBISH_RESELL
A05613,Monitor,Hyderabad,2.9,1,1,0,88.0,,1.0,1,5.0,REDEPLOY
A05614,Monitor,Pune,3.4,2,3,0,77.0,,2.0,1,5.0,REDEPLOY
A05615,Laptop,Hyderabad,6.2,1,4,1,42.0,52.0,6.0,1,2.2,RECYCLE
A05616,Laptop,Mumbai,1.8,1,2,0,86.0,84.0,2.0,1,2.2,REDEPLOY
A05617,Server,Hyderabad,1.6,3,3,0,87.0,,2.0,1,25.0,REDEPLOY
A05618,Monitor,Gurugram,8.0,3,3,1,17.0,,7.0,1,5.0,RECYCLE
A05619,Laptop,Pune,2.5,3,1,1,73.0,75.0,4.0,1,2.2,RECYCLE
A05620,Laptop,Pune,3.6,2,2,0,76.0,56.0,4.0,1,2.2,REFURBISH_RESELL
A05621,Laptop,Bengaluru,3.1,2,1,0,74.0,60.0,3.0,1,2.2,REFURBISH_RESELL
A05622,Monitor,Gurugram,7.3,1,2,1,42.0,,6.0,1,5.0,RECYCLE
A05623,Monitor,Noida,6.2,3,3,0,49.0,,6.0,1,5.0,HARVEST_PARTS
A05624,Laptop,Bengaluru,2.1,1,3,0,91.0,83.0,2.0,1,2.2,REDEPLOY
A05625,Monitor,Gurugram,4.1,1,3,0,64.0,,5.0,1,5.0,REFURBISH_RESELL
A05626,Monitor,Bengaluru,4.6,1,4,0,59.0,,3.0,1,5.0,REFURBISH_RESELL
A05627,Monitor,Mumbai,5.1,2,2,0,55.0,,3.0,1,5.0,HARVEST_PARTS
A05628,Laptop,Chennai,1.3,1,4,0,93.0,89.0,1.0,1,2.2,REDEPLOY
A05629,Laptop,Chennai,1.6,2,2,0,87.0,81.0,2.0,1,2.2,REFURBISH_RESELL
A05630,Laptop,Bengaluru,5.3,2,4,1,33.0,42.0,6.0,1,2.2,RECYCLE
A05631,Laptop,Chennai,2.0,1,4,0,91.0,75.0,2.0,1,2.2,REDEPLOY
A05632,Laptop,Gurugram,4.5,3,4,0,72.0,62.0,6.0,1,2.2,HARVEST_PARTS
A05633,Laptop,Gurugram,2.2,2,3,0,82.0,80.0,2.0,1,2.2,REDEPLOY
A05634,Laptop,Chennai,1.7,1,4,0,93.0,88.0,2.0,1,2.2,REDEPLOY
A05635,Monitor,Bengaluru,2.5,1,4,0,84.0,,3.0,1,5.0,REDEPLOY
A05636,Laptop,Bengaluru,3.8,2,2,1,35.0,65.0,3.0,1,2.2,RECYCLE
A05637,Monitor,Bengaluru,4.4,1,3,0,64.0,,4.0,1,5.0,REFURBISH_RESELL
A05638,Laptop,Kolkata,4.7,1,4,0,75.0,45.0,4.0,1,2.2,REFURBISH_RESELL
A05639,Desktop,Pune,5.6,3,3,0,75.0,,6.0,1,8.0,HARVEST_PARTS
A05640,Laptop,Gurugram,2.6,1,4,0,87.0,70.0,2.0,1,2.2,REDEPLOY
A05641,Monitor,Mumbai,5.4,1,1,0,62.0,,5.0,1,5.0,REFURBISH_RESELL
A05642,Monitor,Hyderabad,4.0,1,2,1,55.0,,3.0,1,5.0,HARVEST_PARTS
A05643,Laptop,Bengaluru,4.3,1,3,0,75.0,52.0,4.0,1,2.2,HARVEST_PARTS
A05644,Monitor,Noida,9.9,1,4,0,35.0,,10.0,1,5.0,RECYCLE
A05645,Laptop,Gurugram,5.0,1,4,0,71.0,44.0,4.0,1,2.2,REFURBISH_RESELL
A05646,Desktop,Noida,3.5,2,2,0,84.0,,3.0,1,8.0,REFURBISH_RESELL
A05647,Laptop,Pune,3.2,2,4,0,86.0,70.0,4.0,1,2.2,REFURBISH_RESELL
A05648,Laptop,Chennai,3.8,1,3,1,49.0,73.0,4.0,0,2.2,HARVEST_PARTS
A05649,Laptop,Gurugram,1.8,3,4,0,84.0,84.0,3.0,1,2.2,REDEPLOY
A05650,Network,Gurugram,4.5,1,2,0,72.0,,2.0,1,4.0,REFURBISH_RESELL
A05651,Laptop,Mumbai,3.8,1,3,1,59.0,65.0,3.0,1,2.2,HARVEST_PARTS
A05652,Desktop,Bengaluru,4.2,2,4,0,66.0,,4.0,1,8.0,REFURBISH_RESELL
A05653,Laptop,Bengaluru,4.0,2,4,0,73.0,48.0,4.0,0,2.2,HARVEST_PARTS
A05654,Laptop,Noida,1.9,3,2,0,92.0,85.0,2.0,1,2.2,REDEPLOY
A05655,Laptop,Bengaluru,5.1,2,2,0,70.0,54.0,4.0,1,2.2,RECYCLE
A05656,Mobile,Bengaluru,2.9,3,3,0,88.0,78.0,3.0,1,0.2,REFURBISH_RESELL
A05657,Monitor,Gurugram,5.9,1,3,1,25.0,,5.0,1,5.0,RECYCLE
A05658,Laptop,Bengaluru,5.3,1,3,1,25.0,53.0,6.0,1,2.2,RECYCLE
A05659,Monitor,Bengaluru,7.8,1,4,0,60.0,,7.0,1,5.0,RECYCLE
A05660,Laptop,Hyderabad,3.8,2,3,0,74.0,55.0,3.0,1,2.2,REDEPLOY
A05661,Laptop,Chennai,5.6,1,2,1,58.0,42.0,5.0,1,2.2,RECYCLE
A05662,Desktop,Bengaluru,8.2,1,4,0,58.0,,6.0,1,8.0,RECYCLE
A05663,Laptop,Bengaluru,2.7,3,2,0,88.0,69.0,2.0,1,2.2,REDEPLOY
A05664,Laptop,Bengaluru,6.2,2,1,1,44.0,48.0,5.0,1,2.2,RECYCLE
A05665,Monitor,Chennai,5.0,1,1,0,64.0,,5.0,1,5.0,REFURBISH_RESELL
A05666,Laptop,Hyderabad,2.3,1,4,1,52.0,77.0,3.0,1,2.2,HARVEST_PARTS
A05667,Network,Noida,3.6,2,2,0,73.0,,3.0,1,4.0,REFURBISH_RESELL
A05668,Monitor,Pune,10.0,3,4,1,5.0,,10.0,1,5.0,RECYCLE
A05669,Server,Mumbai,6.0,2,3,1,9.0,,6.0,1,25.0,RECYCLE
A05670,Monitor,Pune,4.8,1,3,0,80.0,,4.0,1,5.0,REFURBISH_RESELL
A05671,Network,Pune,2.8,1,4,1,69.0,,2.0,1,4.0,HARVEST_PARTS
A05672,Laptop,Pune,1.2,1,3,1,71.0,89.0,1.0,1,2.2,REFURBISH_RESELL
A05673,Desktop,Hyderabad,2.0,3,1,0,82.0,,2.0,1,8.0,REFURBISH_RESELL
A05674,Desktop,Mumbai,3.9,2,4,0,70.0,,2.0,1,8.0,REDEPLOY
A05675,Mobile,Pune,3.9,2,3,0,79.0,66.0,3.0,1,0.2,REFURBISH_RESELL
A05676,Laptop,Hyderabad,6.8,1,2,0,58.0,17.0,6.0,1,2.2,RECYCLE
A05677,Desktop,Noida,2.5,1,4,0,86.0,,1.0,0,8.0,HARVEST_PARTS
A05678,Monitor,Bengaluru,2.4,2,1,0,87.0,,2.0,1,5.0,REFURBISH_RESELL
A05679,Laptop,Bengaluru,5.0,2,1,0,74.0,58.0,4.0,1,2.2,HARVEST_PARTS
A05680,Network,Bengaluru,3.2,1,4,0,76.0,,2.0,1,4.0,REDEPLOY
A05681,Laptop,Mumbai,3.2,2,3,0,76.0,64.0,4.0,1,2.2,REFURBISH_RESELL
A05682,Laptop,Hyderabad,6.5,1,4,1,38.0,26.0,6.0,1,2.2,RECYCLE
A05683,Desktop,Kolkata,2.3,2,1,0,80.0,,1.0,1,8.0,REDEPLOY
A05684,Laptop,Kolkata,6.0,2,4,1,18.0,33.0,6.0,1,2.2,RECYCLE
A05685,Laptop,Chennai,4.7,1,3,0,71.0,41.0,4.0,1,2.2,HARVEST_PARTS
A05686,Laptop,Chennai,3.1,2,3,0,75.0,72.0,2.0,1,2.2,REFURBISH_RESELL
A05687,Laptop,Noida,3.8,1,3,0,80.0,70.0,3.0,1,2.2,REDEPLOY
A05688,Monitor,Bengaluru,2.6,1,3,0,84.0,,4.0,1,5.0,REDEPLOY
A05689,Network,Kolkata,3.5,3,4,0,85.0,,3.0,1,4.0,REDEPLOY
A05690,Desktop,Chennai,8.0,3,2,1,7.0,,7.0,0,8.0,RECYCLE
A05691,Laptop,Chennai,2.7,1,2,0,85.0,80.0,3.0,1,2.2,REFURBISH_RESELL
A05692,Desktop,Gurugram,1.5,2,3,0,93.0,,1.0,1,8.0,REDEPLOY
A05693,Network,Bengaluru,3.9,1,2,0,69.0,,5.0,1,4.0,HARVEST_PARTS
A05694,Monitor,Bengaluru,7.3,2,4,0,36.0,,7.0,1,5.0,RECYCLE
A05695,Laptop,Gurugram,4.3,1,4,1,28.0,56.0,4.0,1,2.2,RECYCLE
A05696,Laptop,Bengaluru,3.4,1,4,0,81.0,60.0,2.0,1,2.2,REDEPLOY
A05697,Mobile,Gurugram,3.3,1,3,0,70.0,68.0,3.0,1,0.2,HARVEST_PARTS
A05698,Network,Noida,6.1,3,4,1,51.0,,5.0,1,4.0,RECYCLE
A05699,Laptop,Hyderabad,4.5,3,4,0,77.0,63.0,4.0,1,2.2,REFURBISH_RESELL
A05700,Server,Mumbai,2.2,1,3,1,68.0,,2.0,1,25.0,HARVEST_PARTS
A05701,Laptop,Pune,5.0,2,3,0,80.0,59.0,4.0,1,2.2,REFURBISH_RESELL
A05702,Laptop,Gurugram,4.1,1,3,1,55.0,55.0,3.0,1,2.2,HARVEST_PARTS
A05703,Monitor,Chennai,5.7,1,2,0,56.0,,6.0,1,5.0,REFURBISH_RESELL
A05704,Desktop,Gurugram,8.0,1,3,0,44.0,,5.0,1,8.0,RECYCLE
A05705,Laptop,Gurugram,8.4,2,3,1,30.0,31.0,8.0,1,2.2,RECYCLE
A05706,Mobile,Chennai,3.8,1,4,0,73.0,72.0,3.0,1,0.2,REDEPLOY
A05707,Server,Pune,4.5,1,2,0,62.0,,4.0,1,25.0,REFURBISH_RESELL
A05708,Laptop,Mumbai,7.8,3,3,0,57.0,38.0,7.0,1,2.2,RECYCLE
A05709,Monitor,Noida,4.1,1,4,1,36.0,,4.0,0,5.0,HARVEST_PARTS
A05710,Monitor,Noida,6.1,1,4,0,48.0,,6.0,1,5.0,REFURBISH_RESELL
A05711,Desktop,Mumbai,2.5,3,4,0,87.0,,2.0,1,8.0,REDEPLOY
A05712,Mobile,Bengaluru,2.7,2,3,0,89.0,79.0,3.0,1,0.2,REFURBISH_RESELL
A05713,Monitor,Bengaluru,8.7,1,4,0,51.0,,6.0,1,5.0,HARVEST_PARTS
A05714,Laptop,Hyderabad,8.8,1,2,0,36.0,5.0,9.0,1,2.2,RECYCLE
A05715,Laptop,Kolkata,5.4,2,3,0,77.0,36.0,5.0,1,2.2,HARVEST_PARTS
A05716,Server,Bengaluru,3.6,1,1,0,82.0,,2.0,1,25.0,REFURBISH_RESELL
A05717,Mobile,Noida,3.0,2,4,0,82.0,63.0,4.0,1,0.2,REFURBISH_RESELL
A05718,Laptop,Kolkata,3.3,1,3,0,81.0,72.0,3.0,1,2.2,REDEPLOY
A05719,Laptop,Bengaluru,2.0,2,1,0,83.0,84.0,2.0,1,2.2,REFURBISH_RESELL
A05720,Monitor,Hyderabad,5.2,1,4,1,48.0,,4.0,0,5.0,HARVEST_PARTS
A05721,Laptop,Noida,5.0,1,2,0,58.0,36.0,4.0,1,2.2,HARVEST_PARTS
A05722,Laptop,Bengaluru,4.9,2,4,0,71.0,37.0,4.0,1,2.2,REFURBISH_RESELL
A05723,Network,Gurugram,7.0,1,3,0,52.0,,9.0,1,4.0,RECYCLE
A05724,Server,Chennai,4.0,2,2,0,73.0,,3.0,1,25.0,REDEPLOY
A05725,Network,Noida,4.7,3,4,0,77.0,,5.0,1,4.0,REFURBISH_RESELL
A05726,Monitor,Pune,1.6,2,4,1,81.0,,2.0,1,5.0,REFURBISH_RESELL
A05727,Laptop,Bengaluru,5.5,1,4,0,71.0,33.0,6.0,1,2.2,REFURBISH_RESELL
A05728,Mobile,Chennai,5.0,3,4,0,79.0,56.0,5.0,1,0.2,HARVEST_PARTS
A05729,Laptop,Gurugram,2.1,1,3,0,84.0,82.0,1.0,1,2.2,REDEPLOY
A05730,Laptop,Bengaluru,3.6,1,2,0,70.0,54.0,3.0,1,2.2,REFURBISH_RESELL
A05731,Network,Hyderabad,6.6,1,4,0,62.0,,5.0,1,4.0,HARVEST_PARTS
A05732,Monitor,Pune,4.7,2,3,0,77.0,,5.0,1,5.0,HARVEST_PARTS
A05733,Network,Mumbai,2.9,1,2,0,86.0,,3.0,1,4.0,REDEPLOY
A05734,Laptop,Pune,5.0,1,2,1,35.0,35.0,5.0,1,2.2,RECYCLE
A05735,Mobile,Mumbai,8.5,1,1,1,11.0,14.0,8.0,1,0.2,RECYCLE
A05736,Monitor,Mumbai,1.8,1,2,0,84.0,,3.0,1,5.0,REDEPLOY
A05737,Monitor,Bengaluru,5.4,2,4,0,54.0,,6.0,1,5.0,HARVEST_PARTS
A05738,Mobile,Hyderabad,4.6,1,4,0,60.0,43.0,3.0,1,0.2,HARVEST_PARTS
A05739,Laptop,Pune,2.0,2,2,0,85.0,82.0,1.0,1,2.2,REDEPLOY
A05740,Monitor,Mumbai,4.7,1,4,1,34.0,,6.0,1,5.0,RECYCLE
A05741,Monitor,Gurugram,3.0,3,4,0,76.0,,2.0,1,5.0,REDEPLOY
A05742,Monitor,Gurugram,3.4,1,2,0,81.0,,3.0,1,5.0,REFURBISH_RESELL
A05743,Network,Gurugram,5.1,1,3,1,26.0,,4.0,1,4.0,RECYCLE
A05744,Monitor,Mumbai,5.0,1,3,1,30.0,,3.0,0,5.0,RECYCLE
A05745,Laptop,Mumbai,4.9,3,3,0,66.0,59.0,5.0,1,2.2,HARVEST_PARTS
A05746,Laptop,Gurugram,10.0,2,4,0,38.0,5.0,10.0,1,2.2,RECYCLE
A05747,Mobile,Bengaluru,3.7,1,4,0,81.0,65.0,3.0,1,0.2,REFURBISH_RESELL
A05748,Mobile,Bengaluru,2.3,1,1,0,82.0,82.0,0.0,1,0.2,REDEPLOY
A05749,Mobile,Bengaluru,5.4,1,4,0,74.0,42.0,5.0,1,0.2,HARVEST_PARTS
A05750,Laptop,Kolkata,4.6,1,3,0,75.0,42.0,4.0,1,2.2,HARVEST_PARTS
A05751,Laptop,Noida,3.1,2,4,0,75.0,65.0,3.0,1,2.2,REDEPLOY
A05752,Monitor,Chennai,3.0,1,4,1,47.0,,2.0,1,5.0,HARVEST_PARTS
A05753,Monitor,Bengaluru,7.2,1,4,1,13.0,,5.0,1,5.0,RECYCLE
A05754,Laptop,Bengaluru,1.3,2,4,0,89.0,87.0,1.0,1,2.2,REDEPLOY
A05755,Monitor,Chennai,4.5,1,3,1,61.0,,3.0,1,5.0,HARVEST_PARTS
A05756,Laptop,Gurugram,2.9,1,4,0,81.0,75.0,3.0,1,2.2,REFURBISH_RESELL
A05757,Desktop,Gurugram,4.8,1,3,1,54.0,,4.0,1,8.0,RECYCLE
A05758,Laptop,Mumbai,2.7,3,3,0,83.0,80.0,3.0,1,2.2,REDEPLOY
A05759,Laptop,Bengaluru,4.9,2,3,1,52.0,65.0,4.0,1,2.2,RECYCLE
A05760,Laptop,Pune,6.4,2,4,0,43.0,32.0,5.0,1,2.2,RECYCLE
A05761,Mobile,Bengaluru,3.1,2,4,0,73.0,72.0,3.0,0,0.2,HARVEST_PARTS
A05762,Monitor,Hyderabad,3.3,1,4,0,77.0,,2.0,1,5.0,REDEPLOY
A05763,Mobile,Noida,4.8,1,4,0,71.0,44.0,5.0,1,0.2,REFURBISH_RESELL
A05764,Desktop,Pune,5.6,1,3,0,68.0,,4.0,1,8.0,HARVEST_PARTS
A05765,Laptop,Noida,9.6,1,3,1,5.0,5.0,8.0,1,2.2,RECYCLE
A05766,Laptop,Hyderabad,3.4,2,4,0,84.0,59.0,3.0,1,2.2,REFURBISH_RESELL
A05767,Monitor,Hyderabad,3.3,1,4,0,81.0,,3.0,1,5.0,REDEPLOY
A05768,Laptop,Gurugram,2.4,1,3,0,89.0,70.0,2.0,1,2.2,REDEPLOY
A05769,Monitor,Hyderabad,1.1,1,4,0,95.0,,-0.0,1,5.0,REDEPLOY
A05770,Server,Hyderabad,6.4,2,3,1,30.0,,6.0,0,25.0,RECYCLE
A05771,Network,Chennai,3.8,2,1,1,52.0,,4.0,1,4.0,RECYCLE
A05772,Laptop,Hyderabad,2.3,2,2,0,85.0,73.0,2.0,1,2.2,REDEPLOY
A05773,Desktop,Gurugram,5.9,1,3,0,56.0,,6.0,1,8.0,HARVEST_PARTS
A05774,Laptop,Chennai,6.2,3,3,0,59.0,33.0,5.0,1,2.2,HARVEST_PARTS
A05775,Laptop,Hyderabad,5.4,3,1,0,54.0,57.0,5.0,1,2.2,HARVEST_PARTS
A05776,Monitor,Pune,3.3,2,2,0,72.0,,4.0,1,5.0,REDEPLOY
A05777,Desktop,Chennai,4.6,2,3,0,75.0,,3.0,1,8.0,REFURBISH_RESELL
A05778,Monitor,Chennai,2.5,1,3,0,85.0,,3.0,1,5.0,REDEPLOY
A05779,Laptop,Bengaluru,5.5,2,2,0,72.0,30.0,7.0,1,2.2,RECYCLE
A05780,Mobile,Hyderabad,3.0,3,4,0,74.0,62.0,3.0,1,0.2,REFURBISH_RESELL
A05781,Mobile,Kolkata,6.7,1,3,0,71.0,25.0,6.0,1,0.2,RECYCLE
A05782,Desktop,Hyderabad,5.1,1,3,0,59.0,,5.0,1,8.0,HARVEST_PARTS
A05783,Network,Bengaluru,2.1,1,3,0,83.0,,3.0,1,4.0,REDEPLOY
A05784,Laptop,Pune,6.4,3,4,1,27.0,38.0,6.0,1,2.2,RECYCLE
A05785,Monitor,Gurugram,6.2,1,2,0,55.0,,6.0,1,5.0,HARVEST_PARTS
A05786,Network,Bengaluru,5.8,3,4,0,62.0,,4.0,1,4.0,HARVEST_PARTS
A05787,Server,Hyderabad,5.9,2,3,0,59.0,,6.0,1,25.0,HARVEST_PARTS
A05788,Server,Bengaluru,4.0,1,1,0,80.0,,4.0,1,25.0,HARVEST_PARTS
A05789,Desktop,Bengaluru,4.6,2,4,1,49.0,,5.0,1,8.0,HARVEST_PARTS
A05790,Server,Kolkata,3.7,1,3,0,71.0,,4.0,1,25.0,REFURBISH_RESELL
A05791,Monitor,Mumbai,1.6,1,3,0,89.0,,1.0,1,5.0,REDEPLOY
A05792,Laptop,Kolkata,5.0,1,3,0,57.0,52.0,5.0,1,2.2,HARVEST_PARTS
A05793,Laptop,Gurugram,1.8,2,4,0,90.0,83.0,1.0,1,2.2,REDEPLOY
A05794,Monitor,Kolkata,2.4,1,2,0,87.0,,2.0,1,5.0,REDEPLOY
A05795,Monitor,Hyderabad,3.0,1,3,0,80.0,,3.0,1,5.0,REDEPLOY
A05796,Desktop,Mumbai,4.1,3,4,0,82.0,,4.0,0,8.0,HARVEST_PARTS
A05797,Mobile,Mumbai,8.7,1,3,1,5.0,25.0,8.0,1,0.2,RECYCLE
A05798,Monitor,Mumbai,2.9,3,3,0,86.0,,2.0,1,5.0,REDEPLOY
A05799,Laptop,Bengaluru,9.1,1,3,1,5.0,5.0,7.0,1,2.2,RECYCLE
A05800,Laptop,Chennai,6.1,2,1,0,73.0,54.0,7.0,1,2.2,RECYCLE
A05801,Monitor,Chennai,4.8,1,3,1,39.0,,4.0,1,5.0,HARVEST_PARTS
A05802,Monitor,Noida,2.8,1,4,0,81.0,,3.0,1,5.0,REDEPLOY
A05803,Desktop,Gurugram,4.2,2,3,0,72.0,,4.0,1,8.0,REFURBISH_RESELL
A05804,Desktop,Pune,4.3,3,3,0,62.0,,4.0,1,8.0,HARVEST_PARTS
A05805,Monitor,Hyderabad,5.5,1,3,0,60.0,,5.0,1,5.0,REFURBISH_RESELL
A05806,Monitor,Mumbai,2.9,1,4,0,81.0,,2.0,1,5.0,REDEPLOY
A05807,Server,Noida,6.2,2,4,1,33.0,,5.0,1,25.0,RECYCLE
A05808,Laptop,Bengaluru,3.9,3,2,1,37.0,72.0,5.0,1,2.2,RECYCLE
A05809,Monitor,Pune,5.0,2,4,1,34.0,,5.0,1,5.0,HARVEST_PARTS
A05810,Desktop,Chennai,3.8,1,4,0,82.0,,4.0,1,8.0,REFURBISH_RESELL
A05811,Laptop,Bengaluru,7.1,1,1,0,46.0,10.0,7.0,1,2.2,RECYCLE
A05812,Monitor,Gurugram,2.4,3,3,0,90.0,,3.0,1,5.0,REDEPLOY
A05813,Monitor,Gurugram,4.6,1,4,0,81.0,,3.0,1,5.0,REDEPLOY
A05814,Desktop,Mumbai,2.1,1,4,1,64.0,,2.0,1,8.0,HARVEST_PARTS
A05815,Monitor,Bengaluru,5.2,2,3,0,65.0,,4.0,1,5.0,REFURBISH_RESELL
A05816,Laptop,Gurugram,2.3,1,3,0,82.0,84.0,2.0,1,2.2,REDEPLOY
A05817,Laptop,Bengaluru,3.6,1,4,1,63.0,55.0,3.0,1,2.2,HARVEST_PARTS
A05818,Laptop,Kolkata,3.4,2,2,0,84.0,71.0,1.0,1,2.2,REDEPLOY
A05819,Laptop,Mumbai,10.0,3,4,0,28.0,22.0,9.0,1,2.2,RECYCLE
A05820,Monitor,Mumbai,2.8,3,4,0,82.0,,2.0,1,5.0,REDEPLOY
A05821,Server,Hyderabad,6.2,1,3,0,66.0,,7.0,1,25.0,HARVEST_PARTS
A05822,Monitor,Mumbai,1.0,3,2,0,94.0,,2.0,1,5.0,REDEPLOY
A05823,Laptop,Noida,4.1,2,3,0,72.0,66.0,6.0,1,2.2,REFURBISH_RESELL
A05824,Laptop,Pune,7.3,1,4,0,63.0,13.0,7.0,1,2.2,HARVEST_PARTS
A05825,Laptop,Pune,1.6,1,3,0,88.0,88.0,1.0,1,2.2,REDEPLOY
A05826,Monitor,Noida,6.1,3,4,0,57.0,,5.0,1,5.0,HARVEST_PARTS
A05827,Laptop,Hyderabad,3.8,1,4,1,54.0,63.0,3.0,1,2.2,RECYCLE
A05828,Desktop,Pune,1.2,1,3,0,92.0,,1.0,1,8.0,REDEPLOY
A05829,Monitor,Bengaluru,6.5,2,3,1,44.0,,5.0,1,5.0,RECYCLE
A05830,Monitor,Hyderabad,5.4,2,2,0,54.0,,5.0,1,5.0,HARVEST_PARTS
A05831,Laptop,Hyderabad,2.6,1,1,0,84.0,80.0,2.0,1,2.2,REDEPLOY
A05832,Laptop,Gurugram,5.5,2,3,0,74.0,54.0,5.0,1,2.2,HARVEST_PARTS
A05833,Monitor,Kolkata,1.7,2,2,0,88.0,,3.0,1,5.0,REDEPLOY
A05834,Desktop,Bengaluru,3.0,2,4,1,45.0,,4.0,1,8.0,HARVEST_PARTS
A05835,Laptop,Hyderabad,4.1,2,2,0,64.0,60.0,6.0,1,2.2,REFURBISH_RESELL
A05836,Network,Bengaluru,4.0,1,4,0,83.0,,4.0,1,4.0,REFURBISH_RESELL
A05837,Desktop,Gurugram,5.0,3,3,1,55.0,,6.0,0,8.0,RECYCLE
A05838,Desktop,Pune,10.0,2,4,1,5.0,,9.0,1,8.0,RECYCLE
A05839,Laptop,Pune,2.3,1,3,0,80.0,78.0,3.0,1,2.2,REDEPLOY
A05840,Laptop,Gurugram,4.5,1,3,0,81.0,57.0,4.0,1,2.2,REFURBISH_RESELL
A05841,Laptop,Chennai,4.5,2,4,0,73.0,48.0,6.0,1,2.2,RECYCLE
A05842,Laptop,Mumbai,6.8,1,2,0,41.0,50.0,6.0,1,2.2,RECYCLE
A05843,Desktop,Bengaluru,4.0,1,1,0,79.0,,3.0,1,8.0,REFURBISH_RESELL
A05844,Desktop,Pune,1.5,1,3,0,88.0,,2.0,1,8.0,REDEPLOY
A05845,Network,Bengaluru,4.3,2,4,1,51.0,,4.0,1,4.0,RECYCLE
A05846,Mobile,Hyderabad,1.4,1,2,0,89.0,86.0,3.0,1,0.2,REDEPLOY
A05847,Laptop,Noida,6.5,2,4,0,52.0,35.0,6.0,1,2.2,HARVEST_PARTS
A05848,Laptop,Hyderabad,4.1,2,4,0,67.0,67.0,5.0,1,2.2,HARVEST_PARTS
A05849,Monitor,Chennai,4.9,1,4,1,32.0,,5.0,1,5.0,HARVEST_PARTS
A05850,Mobile,Gurugram,2.4,3,3,0,79.0,75.0,2.0,1,0.2,REFURBISH_RESELL
A05851,Network,Hyderabad,2.5,1,4,0,85.0,,3.0,1,4.0,REFURBISH_RESELL
A05852,Laptop,Bengaluru,5.3,2,3,1,56.0,48.0,5.0,1,2.2,RECYCLE
A05853,Laptop,Hyderabad,3.6,1,3,1,40.0,75.0,4.0,1,2.2,RECYCLE
A05854,Laptop,Mumbai,2.8,2,2,1,48.0,69.0,3.0,1,2.2,HARVEST_PARTS
A05855,Server,Bengaluru,7.3,3,2,1,41.0,,6.0,1,25.0,RECYCLE
A05856,Desktop,Bengaluru,4.3,1,2,0,68.0,,4.0,1,8.0,HARVEST_PARTS
A05857,Desktop,Kolkata,3.0,3,4,0,76.0,,3.0,1,8.0,REFURBISH_RESELL
A05858,Desktop,Mumbai,4.4,1,2,0,68.0,,4.0,1,8.0,REFURBISH_RESELL
A05859,Laptop,Hyderabad,3.3,2,3,0,83.0,59.0,2.0,1,2.2,REFURBISH_RESELL
A05860,Monitor,Hyderabad,5.1,1,4,0,74.0,,4.0,1,5.0,REFURBISH_RESELL
A05861,Laptop,Kolkata,2.4,1,3,1,58.0,73.0,2.0,1,2.2,HARVEST_PARTS
A05862,Monitor,Mumbai,6.5,2,3,0,52.0,,6.0,0,5.0,HARVEST_PARTS
A05863,Monitor,Bengaluru,3.3,1,3,1,69.0,,4.0,1,5.0,HARVEST_PARTS
A05864,Monitor,Hyderabad,2.0,3,2,0,83.0,,1.0,1,5.0,REDEPLOY
A05865,Laptop,Gurugram,2.1,2,3,0,81.0,82.0,1.0,1,2.2,REFURBISH_RESELL
A05866,Server,Chennai,3.7,2,4,0,69.0,,2.0,1,25.0,REDEPLOY
A05867,Monitor,Pune,2.8,1,2,0,83.0,,2.0,1,5.0,REDEPLOY
A05868,Laptop,Hyderabad,1.8,3,2,0,88.0,80.0,2.0,1,2.2,REDEPLOY
A05869,Laptop,Gurugram,1.9,3,3,0,88.0,77.0,3.0,1,2.2,REFURBISH_RESELL
A05870,Monitor,Hyderabad,4.1,2,3,0,71.0,,4.0,1,5.0,REDEPLOY
A05871,Laptop,Pune,4.6,1,2,0,62.0,47.0,6.0,1,2.2,HARVEST_PARTS
A05872,Laptop,Noida,4.2,1,4,0,65.0,67.0,3.0,1,2.2,REFURBISH_RESELL
A05873,Laptop,Hyderabad,7.2,1,3,1,24.0,13.0,6.0,1,2.2,RECYCLE
A05874,Laptop,Mumbai,4.9,2,1,0,78.0,50.0,4.0,1,2.2,RECYCLE
A05875,Desktop,Bengaluru,3.0,1,2,0,80.0,,2.0,1,8.0,REFURBISH_RESELL
A05876,Monitor,Bengaluru,10.0,1,4,0,58.0,,9.0,1,5.0,RECYCLE
A05877,Laptop,Pune,2.6,1,1,0,81.0,74.0,2.0,1,2.2,REDEPLOY
A05878,Monitor,Bengaluru,1.7,1,4,0,87.0,,3.0,1,5.0,REDEPLOY
A05879,Laptop,Gurugram,5.5,2,3,0,60.0,37.0,4.0,1,2.2,HARVEST_PARTS
A05880,Laptop,Bengaluru,8.7,2,3,0,54.0,10.0,9.0,1,2.2,RECYCLE
A05881,Laptop,Noida,6.0,3,4,1,26.0,30.0,6.0,1,2.2,RECYCLE
A05882,Monitor,Chennai,3.6,1,4,1,60.0,,5.0,1,5.0,HARVEST_PARTS
A05883,Mobile,Bengaluru,2.7,1,3,0,83.0,71.0,3.0,1,0.2,REDEPLOY
A05884,Desktop,Hyderabad,5.3,1,4,0,60.0,,4.0,1,8.0,REFURBISH_RESELL
A05885,Laptop,Hyderabad,3.7,2,3,0,79.0,60.0,3.0,1,2.2,REDEPLOY
A05886,Laptop,Kolkata,3.5,3,2,0,70.0,66.0,3.0,1,2.2,HARVEST_PARTS
A05887,Laptop,Pune,7.5,1,3,0,58.0,44.0,6.0,1,2.2,HARVEST_PARTS
A05888,Server,Bengaluru,1.5,1,2,0,88.0,,3.0,1,25.0,REDEPLOY
A05889,Laptop,Gurugram,4.8,3,1,0,58.0,43.0,4.0,1,2.2,HARVEST_PARTS
A05890,Mobile,Hyderabad,2.8,2,1,1,48.0,73.0,1.0,1,0.2,RECYCLE
A05891,Desktop,Hyderabad,4.0,1,3,0,83.0,,3.0,1,8.0,HARVEST_PARTS
A05892,Desktop,Bengaluru,2.5,1,4,0,87.0,,2.0,1,8.0,REDEPLOY
A05893,Server,Noida,3.7,1,3,1,53.0,,3.0,1,25.0,HARVEST_PARTS
A05894,Laptop,Pune,10.0,1,1,1,24.0,15.0,9.0,1,2.2,RECYCLE
A05895,Monitor,Kolkata,5.7,2,2,0,52.0,,5.0,1,5.0,HARVEST_PARTS
A05896,Laptop,Hyderabad,5.3,2,2,0,63.0,63.0,6.0,1,2.2,HARVEST_PARTS
A05897,Server,Bengaluru,4.1,1,2,0,67.0,,4.0,1,25.0,REFURBISH_RESELL
A05898,Desktop,Hyderabad,3.9,2,3,0,70.0,,2.0,1,8.0,REFURBISH_RESELL
A05899,Laptop,Bengaluru,4.2,1,3,0,67.0,70.0,3.0,1,2.2,HARVEST_PARTS
A05900,Server,Hyderabad,5.0,1,4,0,79.0,,4.0,1,25.0,REFURBISH_RESELL
A05901,Laptop,Gurugram,5.8,1,3,0,55.0,26.0,6.0,1,2.2,HARVEST_PARTS
A05902,Laptop,Gurugram,9.2,1,3,0,32.0,35.0,9.0,1,2.2,RECYCLE
A05903,Monitor,Chennai,3.6,3,4,0,75.0,,2.0,1,5.0,REFURBISH_RESELL
A05904,Desktop,Gurugram,7.4,1,4,1,5.0,,7.0,1,8.0,RECYCLE
A05905,Network,Pune,9.3,1,3,1,17.0,,9.0,1,4.0,RECYCLE
A05906,Monitor,Hyderabad,6.0,2,3,0,59.0,,6.0,1,5.0,HARVEST_PARTS
A05907,Monitor,Hyderabad,3.9,1,2,0,74.0,,3.0,1,5.0,REDEPLOY
A05908,Laptop,Chennai,6.0,1,1,1,15.0,42.0,6.0,1,2.2,RECYCLE
A05909,Laptop,Noida,1.8,1,3,0,84.0,87.0,2.0,1,2.2,REDEPLOY
A05910,Mobile,Bengaluru,8.5,1,3,0,41.0,5.0,6.0,1,0.2,RECYCLE
A05911,Laptop,Chennai,6.2,1,4,1,26.0,23.0,6.0,1,2.2,RECYCLE
A05912,Desktop,Kolkata,3.8,2,3,0,75.0,,3.0,1,8.0,REFURBISH_RESELL
A05913,Laptop,Bengaluru,3.6,1,2,1,41.0,70.0,4.0,1,2.2,HARVEST_PARTS
A05914,Laptop,Bengaluru,2.0,1,3,0,90.0,74.0,0.0,1,2.2,REDEPLOY
A05915,Desktop,Pune,6.7,2,4,0,43.0,,6.0,1,8.0,HARVEST_PARTS
A05916,Monitor,Bengaluru,3.7,1,3,1,30.0,,3.0,1,5.0,HARVEST_PARTS
A05917,Monitor,Mumbai,8.9,1,2,0,48.0,,9.0,1,5.0,RECYCLE
A05918,Network,Mumbai,1.8,1,4,0,85.0,,1.0,1,4.0,REDEPLOY
A05919,Laptop,Noida,2.6,1,1,0,80.0,70.0,2.0,1,2.2,REFURBISH_RESELL
A05920,Desktop,Bengaluru,2.4,2,4,1,62.0,,2.0,1,8.0,HARVEST_PARTS
A05921,Laptop,Gurugram,1.0,1,3,0,93.0,93.0,1.0,1,2.2,REDEPLOY
A05922,Monitor,Hyderabad,1.0,1,3,0,92.0,,1.0,1,5.0,REDEPLOY
A05923,Laptop,Gurugram,5.5,1,4,0,68.0,33.0,5.0,1,2.2,HARVEST_PARTS
A05924,Desktop,Hyderabad,2.2,2,4,0,87.0,,2.0,1,8.0,REDEPLOY
A05925,Laptop,Kolkata,2.6,1,4,0,87.0,77.0,2.0,1,2.2,REDEPLOY
A05926,Server,Chennai,2.3,1,4,0,84.0,,2.0,1,25.0,REDEPLOY
A05927,Server,Kolkata,3.3,1,3,0,87.0,,3.0,1,25.0,REDEPLOY
A05928,Network,Gurugram,8.1,1,4,0,30.0,,8.0,1,4.0,RECYCLE
A05929,Laptop,Chennai,5.0,1,4,0,72.0,58.0,5.0,1,2.2,REFURBISH_RESELL
A05930,Mobile,Noida,4.4,1,3,0,69.0,47.0,3.0,1,0.2,HARVEST_PARTS
A05931,Laptop,Mumbai,4.0,1,3,0,65.0,59.0,4.0,1,2.2,REFURBISH_RESELL
A05932,Laptop,Hyderabad,3.1,3,3,0,81.0,68.0,4.0,1,2.2,REFURBISH_RESELL
A05933,Laptop,Chennai,3.1,2,3,1,73.0,61.0,2.0,1,2.2,HARVEST_PARTS
A05934,Laptop,Bengaluru,4.3,1,2,1,61.0,60.0,4.0,1,2.2,HARVEST_PARTS
A05935,Desktop,Pune,7.6,2,4,0,32.0,,6.0,1,8.0,RECYCLE
A05936,Laptop,Noida,3.0,1,2,0,74.0,63.0,2.0,1,2.2,REFURBISH_RESELL
A05937,Laptop,Mumbai,6.3,2,3,1,30.0,33.0,6.0,1,2.2,RECYCLE
A05938,Monitor,Gurugram,2.3,2,1,0,83.0,,3.0,1,5.0,REDEPLOY
A05939,Server,Noida,5.4,2,4,0,65.0,,4.0,1,25.0,REFURBISH_RESELL
A05940,Monitor,Bengaluru,7.5,1,1,0,51.0,,8.0,1,5.0,RECYCLE
A05941,Desktop,Pune,3.9,2,2,0,74.0,,3.0,1,8.0,REFURBISH_RESELL
A05942,Laptop,Hyderabad,3.1,2,4,1,68.0,71.0,3.0,1,2.2,HARVEST_PARTS
A05943,Server,Chennai,5.4,2,3,1,44.0,,4.0,1,25.0,RECYCLE
A05944,Laptop,Hyderabad,8.5,1,4,0,27.0,27.0,8.0,1,2.2,RECYCLE
A05945,Laptop,Mumbai,6.2,1,4,1,18.0,24.0,6.0,1,2.2,RECYCLE
A05946,Laptop,Gurugram,9.0,1,3,0,51.0,5.0,8.0,1,2.2,RECYCLE
A05947,Monitor,Mumbai,4.0,1,3,0,80.0,,3.0,1,5.0,REFURBISH_RESELL
A05948,Laptop,Pune,3.9,1,3,0,65.0,62.0,5.0,1,2.2,REFURBISH_RESELL
A05949,Monitor,Bengaluru,1.9,1,3,0,91.0,,3.0,1,5.0,REDEPLOY
A05950,Laptop,Chennai,3.0,1,3,0,82.0,69.0,2.0,1,2.2,REDEPLOY
A05951,Desktop,Hyderabad,3.8,1,4,1,60.0,,4.0,1,8.0,HARVEST_PARTS
A05952,Desktop,Chennai,4.0,1,4,1,56.0,,4.0,1,8.0,HARVEST_PARTS
A05953,Laptop,Mumbai,5.4,1,3,0,67.0,52.0,4.0,1,2.2,HARVEST_PARTS
A05954,Laptop,Kolkata,3.2,3,4,1,57.0,63.0,2.0,1,2.2,RECYCLE
A05955,Monitor,Bengaluru,3.3,1,2,0,77.0,,3.0,1,5.0,REFURBISH_RESELL
A05956,Desktop,Hyderabad,9.7,2,2,0,40.0,,10.0,1,8.0,RECYCLE
A05957,Laptop,Pune,1.0,1,1,0,94.0,90.0,0.0,1,2.2,REDEPLOY
A05958,Monitor,Mumbai,1.2,1,3,0,91.0,,1.0,1,5.0,REDEPLOY
A05959,Laptop,Bengaluru,2.5,1,4,0,85.0,70.0,3.0,1,2.2,REDEPLOY
A05960,Laptop,Pune,1.2,1,4,0,95.0,86.0,2.0,1,2.2,REDEPLOY
A05961,Laptop,Noida,1.3,3,3,0,90.0,87.0,2.0,1,2.2,REFURBISH_RESELL
A05962,Desktop,Noida,3.4,1,1,0,75.0,,4.0,1,8.0,REFURBISH_RESELL
A05963,Laptop,Hyderabad,4.7,1,3,1,45.0,41.0,4.0,1,2.2,RECYCLE
A05964,Monitor,Hyderabad,3.3,2,1,0,87.0,,3.0,1,5.0,REFURBISH_RESELL
A05965,Laptop,Bengaluru,4.8,2,1,0,58.0,48.0,5.0,1,2.2,HARVEST_PARTS
A05966,Monitor,Bengaluru,5.8,2,3,1,47.0,,5.0,1,5.0,RECYCLE
A05967,Laptop,Hyderabad,4.4,1,3,0,76.0,44.0,5.0,1,2.2,HARVEST_PARTS
A05968,Monitor,Bengaluru,4.8,3,4,0,76.0,,4.0,1,5.0,REDEPLOY
A05969,Monitor,Gurugram,3.5,1,2,0,75.0,,3.0,1,5.0,REFURBISH_RESELL
A05970,Laptop,Noida,3.2,1,3,0,78.0,78.0,3.0,1,2.2,REFURBISH_RESELL
A05971,Laptop,Gurugram,1.1,2,4,0,91.0,92.0,1.0,1,2.2,REDEPLOY
A05972,Desktop,Pune,5.9,3,1,0,58.0,,5.0,1,8.0,RECYCLE
A05973,Mobile,Mumbai,4.3,3,2,0,77.0,50.0,4.0,1,0.2,HARVEST_PARTS
A05974,Mobile,Kolkata,4.6,1,1,0,64.0,42.0,4.0,1,0.2,HARVEST_PARTS
A05975,Laptop,Pune,1.8,3,4,0,90.0,83.0,2.0,1,2.2,REDEPLOY
A05976,Monitor,Hyderabad,2.6,1,2,0,78.0,,2.0,1,5.0,REDEPLOY
A05977,Laptop,Bengaluru,3.4,3,3,0,85.0,61.0,3.0,1,2.2,REDEPLOY
A05978,Laptop,Pune,2.2,2,4,0,87.0,76.0,2.0,1,2.2,REDEPLOY
A05979,Monitor,Bengaluru,4.4,1,4,1,27.0,,4.0,1,5.0,HARVEST_PARTS
A05980,Desktop,Hyderabad,4.2,1,4,0,67.0,,4.0,1,8.0,REFURBISH_RESELL
A05981,Desktop,Noida,4.1,2,4,1,64.0,,2.0,1,8.0,REFURBISH_RESELL
A05982,Server,Chennai,5.9,1,3,0,54.0,,7.0,1,25.0,RECYCLE
A05983,Laptop,Pune,4.4,3,2,0,82.0,50.0,6.0,1,2.2,HARVEST_PARTS
A05984,Monitor,Bengaluru,7.2,3,1,1,57.0,,7.0,1,5.0,RECYCLE
A05985,Laptop,Pune,4.5,2,4,0,73.0,44.0,4.0,1,2.2,HARVEST_PARTS
A05986,Laptop,Kolkata,2.9,1,3,0,75.0,67.0,3.0,1,2.2,REFURBISH_RESELL
A05987,Laptop,Kolkata,3.9,2,4,0,73.0,64.0,2.0,1,2.2,REFURBISH_RESELL
A05988,Mobile,Pune,0.8,2,4,0,96.0,93.0,2.0,1,0.2,REDEPLOY
A05989,Desktop,Gurugram,4.7,1,2,1,32.0,,5.0,1,8.0,RECYCLE
A05990,Laptop,Bengaluru,2.6,1,1,0,78.0,76.0,2.0,1,2.2,HARVEST_PARTS
A05991,Monitor,Mumbai,4.2,2,1,1,37.0,,3.0,1,5.0,RECYCLE
A05992,Mobile,Hyderabad,2.8,1,3,0,85.0,65.0,1.0,1,0.2,REDEPLOY
A05993,Mobile,Bengaluru,2.2,1,2,0,80.0,77.0,2.0,1,0.2,REDEPLOY
A05994,Desktop,Chennai,8.3,1,3,0,28.0,,6.0,1,8.0,RECYCLE
A05995,Laptop,Pune,2.8,1,2,1,62.0,69.0,2.0,1,2.2,HARVEST_PARTS
A05996,Desktop,Gurugram,2.6,1,4,0,79.0,,2.0,1,8.0,REDEPLOY
A05997,Server,Pune,5.5,1,4,0,70.0,,5.0,1,25.0,REFURBISH_RESELL
A05998,Network,Bengaluru,3.4,2,1,0,83.0,,2.0,1,4.0,REFURBISH_RESELL
A05999,Server,Hyderabad,2.7,3,3,0,83.0,,2.0,1,25.0,REDEPLOY
A06000,Desktop,Gurugram,5.6,2,2,1,34.0,,5.0,1,8.0,RECYCLE
A06001,Laptop,Chennai,3.9,1,4,1,38.0,68.0,3.0,1,2.2,HARVEST_PARTS
A06002,Desktop,Hyderabad,5.9,1,2,1,35.0,,7.0,1,8.0,RECYCLE
A06003,Laptop,Hyderabad,7.3,1,1,0,42.0,22.0,8.0,1,2.2,RECYCLE
A06004,Laptop,Chennai,3.3,2,4,0,74.0,69.0,3.0,1,2.2,REFURBISH_RESELL
A06005,Desktop,Hyderabad,5.4,3,3,1,38.0,,6.0,1,8.0,RECYCLE
A06006,Monitor,Gurugram,7.5,3,2,1,30.0,,6.0,1,5.0,RECYCLE
A06007,Network,Bengaluru,8.4,1,4,1,5.0,,6.0,1,4.0,RECYCLE
A06008,Monitor,Noida,3.0,1,3,0,87.0,,3.0,1,5.0,REDEPLOY
A06009,Network,Bengaluru,6.3,2,4,1,23.0,,5.0,0,4.0,RECYCLE
A06010,Monitor,Pune,1.2,3,4,0,92.0,,2.0,0,5.0,HARVEST_PARTS
A06011,Monitor,Gurugram,4.5,3,4,0,65.0,,4.0,1,5.0,REFURBISH_RESELL
A06012,Laptop,Chennai,1.9,3,4,0,83.0,87.0,1.0,1,2.2,REDEPLOY
A06013,Monitor,Hyderabad,3.3,1,4,0,84.0,,2.0,1,5.0,REDEPLOY
A06014,Laptop,Mumbai,10.0,2,1,0,13.0,5.0,9.0,1,2.2,RECYCLE
A06015,Laptop,Mumbai,6.0,1,4,0,55.0,25.0,5.0,1,2.2,HARVEST_PARTS
A06016,Laptop,Noida,2.0,1,4,0,86.0,84.0,1.0,1,2.2,REDEPLOY
A06017,Server,Bengaluru,2.3,2,2,0,82.0,,2.0,1,25.0,REDEPLOY
A06018,Monitor,Gurugram,6.6,1,2,0,66.0,,6.0,1,5.0,HARVEST_PARTS
A06019,Mobile,Pune,6.5,1,3,0,72.0,52.0,6.0,1,0.2,RECYCLE
A06020,Mobile,Chennai,6.7,1,3,0,66.0,27.0,6.0,1,0.2,RECYCLE
A06021,Network,Noida,4.5,1,3,1,47.0,,4.0,1,4.0,RECYCLE
A06022,Laptop,Kolkata,6.0,1,1,0,63.0,48.0,5.0,1,2.2,RECYCLE
A06023,Network,Hyderabad,3.4,2,2,0,84.0,,3.0,1,4.0,REFURBISH_RESELL
A06024,Server,Bengaluru,3.3,1,4,0,74.0,,3.0,1,25.0,REDEPLOY
A06025,Network,Bengaluru,4.4,2,3,0,70.0,,4.0,1,4.0,HARVEST_PARTS
A06026,Laptop,Mumbai,2.7,2,2,0,80.0,76.0,2.0,1,2.2,REFURBISH_RESELL
A06027,Laptop,Pune,2.5,1,2,0,89.0,76.0,2.0,1,2.2,REDEPLOY
A06028,Mobile,Gurugram,5.2,2,4,0,66.0,36.0,5.0,1,0.2,HARVEST_PARTS
A06029,Laptop,Noida,5.4,1,1,1,22.0,38.0,5.0,1,2.2,RECYCLE
A06030,Laptop,Bengaluru,2.5,3,2,0,79.0,80.0,3.0,1,2.2,REFURBISH_RESELL
A06031,Desktop,Bengaluru,3.0,3,3,0,77.0,,1.0,1,8.0,REDEPLOY
A06032,Laptop,Gurugram,4.9,3,3,0,66.0,57.0,6.0,1,2.2,HARVEST_PARTS
A06033,Laptop,Gurugram,4.7,1,3,0,59.0,55.0,4.0,1,2.2,HARVEST_PARTS
A06034,Mobile,Hyderabad,4.5,2,2,1,60.0,62.0,4.0,1,0.2,HARVEST_PARTS
A06035,Network,Hyderabad,2.6,1,3,1,61.0,,3.0,1,4.0,HARVEST_PARTS
A06036,Mobile,Bengaluru,10.0,3,2,0,24.0,5.0,10.0,1,0.2,RECYCLE
A06037,Laptop,Mumbai,3.2,1,2,0,82.0,59.0,2.0,1,2.2,REDEPLOY
A06038,Laptop,Chennai,4.9,2,2,0,77.0,56.0,3.0,1,2.2,HARVEST_PARTS
A06039,Laptop,Mumbai,2.2,1,4,0,81.0,78.0,2.0,1,2.2,REDEPLOY
A06040,Desktop,Pune,3.9,2,3,0,84.0,,2.0,1,8.0,REDEPLOY
A06041,Laptop,Bengaluru,2.5,2,4,0,80.0,79.0,1.0,1,2.2,REDEPLOY
A06042,Monitor,Mumbai,3.1,1,4,0,81.0,,4.0,1,5.0,REDEPLOY
A06043,Mobile,Pune,4.5,1,3,0,73.0,62.0,3.0,1,0.2,HARVEST_PARTS
A06044,Desktop,Chennai,7.1,2,3,0,57.0,,5.0,1,8.0,RECYCLE
A06045,Laptop,Kolkata,3.0,3,4,0,83.0,77.0,3.0,1,2.2,REDEPLOY
A06046,Laptop,Chennai,4.4,1,3,0,80.0,65.0,5.0,1,2.2,REFURBISH_RESELL
A06047,Laptop,Mumbai,4.9,2,4,0,63.0,48.0,6.0,1,2.2,HARVEST_PARTS
A06048,Laptop,Hyderabad,5.5,1,1,0,64.0,29.0,4.0,1,2.2,RECYCLE
A06049,Desktop,Bengaluru,1.4,1,2,1,76.0,,1.0,1,8.0,REFURBISH_RESELL
A06050,Laptop,Bengaluru,5.9,1,4,0,61.0,54.0,6.0,1,2.2,HARVEST_PARTS
A06051,Desktop,Bengaluru,4.9,2,2,0,69.0,,4.0,1,8.0,REFURBISH_RESELL
A06052,Server,Chennai,4.5,1,4,0,76.0,,5.0,1,25.0,REFURBISH_RESELL
A06053,Laptop,Noida,10.0,3,4,0,52.0,9.0,9.0,1,2.2,RECYCLE
A06054,Laptop,Hyderabad,2.8,1,3,0,78.0,79.0,2.0,1,2.2,REFURBISH_RESELL
A06055,Laptop,Hyderabad,4.7,2,4,0,64.0,42.0,4.0,1,2.2,HARVEST_PARTS
A06056,Laptop,Gurugram,9.4,1,2,0,53.0,5.0,9.0,1,2.2,RECYCLE
A06057,Desktop,Noida,6.8,2,1,0,69.0,,6.0,1,8.0,RECYCLE
A06058,Server,Mumbai,3.3,1,2,0,78.0,,3.0,1,25.0,REFURBISH_RESELL
A06059,Network,Mumbai,4.4,1,3,0,68.0,,3.0,1,4.0,REFURBISH_RESELL
A06060,Monitor,Bengaluru,4.5,1,4,0,69.0,,4.0,1,5.0,REDEPLOY
A06061,Laptop,Gurugram,3.6,2,3,1,51.0,62.0,4.0,1,2.2,RECYCLE
A06062,Laptop,Hyderabad,2.0,2,4,0,85.0,85.0,2.0,1,2.2,REDEPLOY
A06063,Laptop,Mumbai,3.3,1,1,0,83.0,71.0,3.0,1,2.2,REFURBISH_RESELL
A06064,Laptop,Gurugram,5.1,1,4,0,67.0,38.0,5.0,1,2.2,HARVEST_PARTS
A06065,Network,Gurugram,3.3,1,4,0,84.0,,2.0,1,4.0,REDEPLOY
A06066,Desktop,Mumbai,3.9,1,2,0,78.0,,4.0,1,8.0,REFURBISH_RESELL
A06067,Laptop,Hyderabad,7.2,1,3,1,41.0,22.0,6.0,1,2.2,RECYCLE
A06068,Laptop,Hyderabad,3.9,1,1,0,73.0,55.0,3.0,1,2.2,REFURBISH_RESELL
A06069,Laptop,Bengaluru,4.0,1,1,0,82.0,50.0,4.0,0,2.2,HARVEST_PARTS
A06070,Mobile,Mumbai,4.3,1,3,0,75.0,70.0,4.0,1,0.2,REFURBISH_RESELL
A06071,Laptop,Mumbai,3.2,1,1,0,79.0,64.0,2.0,1,2.2,REFURBISH_RESELL
A06072,Laptop,Gurugram,6.0,2,1,0,52.0,38.0,6.0,1,2.2,RECYCLE
A06073,Laptop,Pune,2.2,2,2,0,88.0,82.0,2.0,1,2.2,REDEPLOY
A06074,Server,Mumbai,3.2,2,1,0,75.0,,3.0,1,25.0,REFURBISH_RESELL
A06075,Desktop,Hyderabad,4.5,1,3,0,60.0,,3.0,1,8.0,REFURBISH_RESELL
A06076,Monitor,Pune,3.4,1,4,0,75.0,,3.0,0,5.0,HARVEST_PARTS
A06077,Laptop,Mumbai,8.0,1,2,0,38.0,43.0,9.0,1,2.2,RECYCLE
A06078,Laptop,Gurugram,4.0,2,3,1,36.0,59.0,4.0,1,2.2,RECYCLE
A06079,Network,Chennai,4.0,3,1,0,67.0,,3.0,1,4.0,HARVEST_PARTS
A06080,Laptop,Chennai,2.5,2,3,0,89.0,70.0,1.0,1,2.2,REDEPLOY
A06081,Laptop,Noida,3.4,3,3,0,81.0,56.0,3.0,1,2.2,REFURBISH_RESELL
A06082,Desktop,Bengaluru,5.9,1,2,0,61.0,,5.0,1,8.0,HARVEST_PARTS
A06083,Laptop,Bengaluru,2.9,1,3,0,84.0,66.0,3.0,1,2.2,REDEPLOY
A06084,Laptop,Chennai,1.6,1,4,0,92.0,81.0,1.0,1,2.2,REDEPLOY
A06085,Server,Hyderabad,3.7,1,2,0,68.0,,4.0,1,25.0,REFURBISH_RESELL
A06086,Desktop,Gurugram,4.1,1,4,0,68.0,,4.0,1,8.0,REFURBISH_RESELL
A06087,Laptop,Chennai,3.3,3,2,0,83.0,66.0,2.0,1,2.2,REFURBISH_RESELL
A06088,Laptop,Mumbai,7.2,1,1,0,63.0,18.0,7.0,1,2.2,RECYCLE
A06089,Monitor,Pune,10.0,3,3,0,28.0,,9.0,1,5.0,RECYCLE
A06090,Laptop,Hyderabad,4.4,3,3,0,72.0,53.0,3.0,1,2.2,HARVEST_PARTS
A06091,Laptop,Pune,3.4,2,4,0,81.0,62.0,3.0,1,2.2,REFURBISH_RESELL
A06092,Monitor,Hyderabad,5.1,3,2,0,58.0,,5.0,1,5.0,HARVEST_PARTS
A06093,Monitor,Pune,7.3,1,3,0,37.0,,6.0,1,5.0,HARVEST_PARTS
A06094,Mobile,Hyderabad,3.0,3,4,0,83.0,64.0,3.0,1,0.2,REDEPLOY
A06095,Laptop,Kolkata,5.7,2,2,0,59.0,29.0,4.0,1,2.2,HARVEST_PARTS
A06096,Laptop,Chennai,3.7,2,3,0,79.0,56.0,4.0,1,2.2,REFURBISH_RESELL
A06097,Desktop,Chennai,6.6,2,2,1,11.0,,5.0,1,8.0,RECYCLE
A06098,Monitor,Bengaluru,2.5,3,3,0,85.0,,2.0,1,5.0,REDEPLOY
A06099,Laptop,Chennai,7.7,3,1,1,51.0,31.0,8.0,0,2.2,RECYCLE
A06100,Desktop,Chennai,4.5,1,3,1,52.0,,4.0,1,8.0,RECYCLE
A06101,Laptop,Pune,5.1,1,3,0,71.0,56.0,4.0,1,2.2,REFURBISH_RESELL
A06102,Server,Chennai,2.3,1,4,0,85.0,,1.0,1,25.0,REDEPLOY
A06103,Server,Bengaluru,2.3,2,2,0,90.0,,3.0,1,25.0,REFURBISH_RESELL
A06104,Laptop,Gurugram,4.7,1,3,0,67.0,43.0,4.0,1,2.2,HARVEST_PARTS
A06105,Mobile,Hyderabad,5.2,2,2,0,59.0,56.0,5.0,1,0.2,REFURBISH_RESELL
A06106,Mobile,Pune,3.6,1,2,0,81.0,67.0,4.0,1,0.2,REFURBISH_RESELL
A06107,Laptop,Chennai,5.4,3,2,1,35.0,58.0,3.0,1,2.2,RECYCLE
A06108,Laptop,Hyderabad,2.3,2,3,0,87.0,81.0,1.0,1,2.2,REDEPLOY
A06109,Monitor,Mumbai,1.9,1,2,0,88.0,,1.0,1,5.0,REDEPLOY
A06110,Laptop,Kolkata,4.3,1,2,0,81.0,66.0,5.0,1,2.2,REFURBISH_RESELL
A06111,Laptop,Hyderabad,2.2,2,2,0,85.0,83.0,2.0,1,2.2,REDEPLOY
A06112,Laptop,Pune,1.6,1,1,0,88.0,86.0,3.0,1,2.2,REFURBISH_RESELL
A06113,Mobile,Bengaluru,2.6,1,4,0,77.0,69.0,1.0,1,0.2,REDEPLOY
A06114,Laptop,Kolkata,5.1,3,3,0,55.0,37.0,5.0,1,2.2,HARVEST_PARTS
A06115,Monitor,Chennai,4.5,2,4,0,75.0,,5.0,1,5.0,REFURBISH_RESELL
A06116,Laptop,Pune,7.3,3,2,1,26.0,8.0,6.0,1,2.2,RECYCLE
A06117,Laptop,Mumbai,4.6,1,3,0,65.0,68.0,3.0,1,2.2,REFURBISH_RESELL
A06118,Network,Gurugram,2.3,2,2,0,81.0,,3.0,1,4.0,REFURBISH_RESELL
A06119,Laptop,Pune,5.3,3,4,0,77.0,44.0,4.0,1,2.2,REFURBISH_RESELL
A06120,Laptop,Noida,2.9,2,3,0,87.0,64.0,4.0,1,2.2,REDEPLOY
A06121,Laptop,Bengaluru,3.5,3,4,0,81.0,57.0,3.0,1,2.2,REFURBISH_RESELL
A06122,Monitor,Gurugram,2.9,2,3,0,85.0,,3.0,1,5.0,REDEPLOY
A06123,Laptop,Hyderabad,2.2,1,3,0,83.0,79.0,2.0,1,2.2,REDEPLOY
A06124,Laptop,Bengaluru,10.0,1,2,0,19.0,5.0,10.0,1,2.2,RECYCLE
A06125,Laptop,Gurugram,2.7,2,3,0,83.0,81.0,3.0,1,2.2,REDEPLOY
A06126,Laptop,Bengaluru,1.5,3,2,1,53.0,89.0,3.0,1,2.2,HARVEST_PARTS
A06127,Laptop,Pune,5.5,2,4,1,51.0,39.0,6.0,1,2.2,RECYCLE
A06128,Desktop,Noida,1.3,1,3,1,82.0,,2.0,1,8.0,REFURBISH_RESELL
A06129,Laptop,Gurugram,3.7,2,3,0,78.0,52.0,3.0,1,2.2,REFURBISH_RESELL
A06130,Laptop,Mumbai,5.9,2,4,0,74.0,40.0,4.0,1,2.2,HARVEST_PARTS
A06131,Monitor,Pune,2.0,1,2,0,91.0,,2.0,1,5.0,REDEPLOY
A06132,Monitor,Hyderabad,4.0,2,1,0,70.0,,3.0,1,5.0,REFURBISH_RESELL
A06133,Laptop,Bengaluru,3.5,3,4,0,76.0,69.0,4.0,1,2.2,REDEPLOY
A06134,Laptop,Pune,2.7,1,4,0,83.0,77.0,4.0,1,2.2,REDEPLOY
A06135,Laptop,Mumbai,7.3,1,2,0,43.0,43.0,7.0,1,2.2,RECYCLE
A06136,Mobile,Hyderabad,3.4,1,1,0,77.0,58.0,4.0,1,0.2,REFURBISH_RESELL
A06137,Laptop,Hyderabad,5.5,1,3,1,55.0,36.0,6.0,1,2.2,RECYCLE
A06138,Laptop,Chennai,6.2,2,2,1,24.0,27.0,5.0,1,2.2,RECYCLE
A06139,Laptop,Pune,3.7,3,4,1,59.0,65.0,4.0,1,2.2,HARVEST_PARTS
A06140,Laptop,Kolkata,2.4,2,4,0,89.0,74.0,2.0,1,2.2,REDEPLOY
A06141,Laptop,Bengaluru,6.2,3,4,0,46.0,31.0,6.0,1,2.2,HARVEST_PARTS
A06142,Laptop,Mumbai,3.7,2,3,0,70.0,52.0,3.0,1,2.2,REFURBISH_RESELL
A06143,Monitor,Pune,3.9,1,3,0,74.0,,2.0,1,5.0,REFURBISH_RESELL
A06144,Monitor,Gurugram,3.3,1,3,1,66.0,,4.0,1,5.0,REFURBISH_RESELL
A06145,Monitor,Noida,6.1,1,4,1,51.0,,5.0,1,5.0,HARVEST_PARTS
A06146,Monitor,Hyderabad,1.1,1,4,0,92.0,,2.0,1,5.0,REDEPLOY
A06147,Laptop,Gurugram,2.2,1,3,0,88.0,84.0,3.0,1,2.2,REDEPLOY
A06148,Mobile,Noida,4.0,2,3,1,52.0,69.0,4.0,1,0.2,RECYCLE
A06149,Monitor,Mumbai,2.4,1,3,0,84.0,,1.0,1,5.0,REDEPLOY
A06150,Server,Gurugram,3.3,1,2,0,72.0,,3.0,1,25.0,HARVEST_PARTS
A06151,Monitor,Bengaluru,6.5,1,3,1,30.0,,6.0,1,5.0,RECYCLE
A06152,Laptop,Noida,6.5,3,2,1,18.0,53.0,8.0,1,2.2,RECYCLE
A06153,Laptop,Kolkata,3.6,1,2,1,44.0,63.0,4.0,1,2.2,HARVEST_PARTS
A06154,Laptop,Gurugram,4.6,2,3,0,75.0,67.0,5.0,1,2.2,REFURBISH_RESELL
A06155,Laptop,Bengaluru,4.6,1,2,0,62.0,54.0,4.0,1,2.2,HARVEST_PARTS
A06156,Desktop,Bengaluru,2.4,1,3,0,89.0,,3.0,1,8.0,REDEPLOY
A06157,Laptop,Hyderabad,0.7,1,3,1,72.0,94.0,1.0,1,2.2,REFURBISH_RESELL
A06158,Laptop,Hyderabad,5.2,1,2,0,67.0,35.0,4.0,1,2.2,HARVEST_PARTS
A06159,Mobile,Mumbai,2.5,1,1,0,89.0,68.0,3.0,1,0.2,REDEPLOY
A06160,Monitor,Bengaluru,3.2,1,4,0,76.0,,2.0,1,5.0,REDEPLOY
A06161,Desktop,Mumbai,1.6,2,4,0,91.0,,3.0,1,8.0,REDEPLOY
A06162,Laptop,Noida,5.6,1,2,1,33.0,58.0,6.0,1,2.2,RECYCLE
A06163,Desktop,Mumbai,6.2,1,3,1,39.0,,6.0,1,8.0,RECYCLE
A06164,Network,Bengaluru,4.7,1,2,0,62.0,,4.0,1,4.0,HARVEST_PARTS
A06165,Monitor,Mumbai,4.0,3,3,0,84.0,,3.0,1,5.0,REDEPLOY
A06166,Monitor,Chennai,3.2,1,1,0,79.0,,4.0,1,5.0,REFURBISH_RESELL
A06167,Desktop,Hyderabad,5.6,2,4,0,64.0,,6.0,1,8.0,HARVEST_PARTS
A06168,Laptop,Noida,8.1,2,1,0,33.0,5.0,6.0,1,2.2,RECYCLE
A06169,Monitor,Kolkata,2.7,1,2,0,78.0,,2.0,1,5.0,REFURBISH_RESELL
A06170,Mobile,Chennai,3.6,1,1,1,47.0,67.0,2.0,1,0.2,HARVEST_PARTS
A06171,Laptop,Mumbai,2.3,2,4,0,88.0,73.0,2.0,1,2.2,REDEPLOY
A06172,Laptop,Pune,4.1,3,3,0,75.0,52.0,3.0,1,2.2,HARVEST_PARTS
A06173,Laptop,Mumbai,3.3,3,4,0,75.0,60.0,3.0,1,2.2,REFURBISH_RESELL
A06174,Laptop,Pune,3.8,1,2,0,83.0,71.0,3.0,1,2.2,REFURBISH_RESELL
A06175,Mobile,Mumbai,5.7,1,4,0,49.0,56.0,6.0,1,0.2,REFURBISH_RESELL
A06176,Monitor,Hyderabad,6.4,1,3,1,19.0,,4.0,0,5.0,RECYCLE
A06177,Laptop,Bengaluru,2.1,1,4,0,87.0,76.0,3.0,1,2.2,REDEPLOY
A06178,Laptop,Kolkata,4.5,3,2,1,53.0,46.0,5.0,1,2.2,RECYCLE
A06179,Laptop,Hyderabad,7.3,1,2,1,27.0,7.0,6.0,1,2.2,RECYCLE
A06180,Laptop,Mumbai,5.0,1,4,0,70.0,36.0,4.0,1,2.2,HARVEST_PARTS
A06181,Desktop,Chennai,2.4,1,2,1,53.0,,2.0,1,8.0,HARVEST_PARTS
A06182,Server,Mumbai,6.3,3,4,0,54.0,,4.0,1,25.0,HARVEST_PARTS
A06183,Monitor,Gurugram,5.2,1,1,0,78.0,,5.0,1,5.0,REFURBISH_RESELL
A06184,Laptop,Hyderabad,4.9,1,2,0,71.0,41.0,3.0,1,2.2,HARVEST_PARTS
A06185,Monitor,Noida,3.6,1,4,0,82.0,,3.0,1,5.0,REDEPLOY
A06186,Monitor,Pune,4.8,1,3,0,63.0,,4.0,1,5.0,REFURBISH_RESELL
A06187,Laptop,Mumbai,10.0,1,3,1,5.0,9.0,9.0,1,2.2,RECYCLE
A06188,Monitor,Bengaluru,1.4,3,2,0,89.0,,1.0,0,5.0,HARVEST_PARTS
A06189,Monitor,Pune,3.2,2,1,0,86.0,,3.0,1,5.0,REFURBISH_RESELL
A06190,Server,Chennai,3.4,2,3,0,84.0,,2.0,1,25.0,REFURBISH_RESELL
A06191,Laptop,Mumbai,0.9,1,3,0,92.0,91.0,0.0,1,2.2,REDEPLOY
A06192,Laptop,Pune,9.6,1,4,0,32.0,24.0,8.0,1,2.2,RECYCLE
A06193,Desktop,Bengaluru,2.3,2,3,0,88.0,,1.0,1,8.0,REDEPLOY
A06194,Laptop,Hyderabad,2.2,1,1,0,85.0,82.0,3.0,1,2.2,REFURBISH_RESELL
A06195,Laptop,Kolkata,1.8,2,1,0,86.0,85.0,1.0,1,2.2,REDEPLOY
A06196,Monitor,Gurugram,3.2,2,3,0,76.0,,4.0,1,5.0,REDEPLOY
A06197,Laptop,Pune,4.9,1,4,1,56.0,39.0,5.0,1,2.2,RECYCLE
A06198,Desktop,Noida,3.9,1,3,0,72.0,,4.0,1,8.0,REFURBISH_RESELL
A06199,Mobile,Bengaluru,2.5,3,3,0,89.0,73.0,3.0,1,0.2,REDEPLOY
A06200,Desktop,Bengaluru,4.8,3,2,1,42.0,,2.0,0,8.0,RECYCLE
A06201,Desktop,Kolkata,3.9,1,3,0,69.0,,3.0,1,8.0,REFURBISH_RESELL
A06202,Desktop,Mumbai,6.9,1,3,0,42.0,,6.0,1,8.0,HARVEST_PARTS
A06203,Laptop,Kolkata,2.9,2,3,0,85.0,63.0,2.0,1,2.2,REFURBISH_RESELL
A06204,Laptop,Mumbai,2.7,2,3,1,72.0,74.0,2.0,1,2.2,HARVEST_PARTS
A06205,Monitor,Mumbai,5.8,1,2,0,61.0,,5.0,1,5.0,REFURBISH_RESELL
A06206,Laptop,Gurugram,2.3,3,3,0,86.0,79.0,1.0,1,2.2,REDEPLOY
A06207,Laptop,Pune,1.7,3,2,0,92.0,83.0,2.0,1,2.2,REFURBISH_RESELL
A06208,Laptop,Pune,3.9,1,2,0,69.0,51.0,3.0,0,2.2,HARVEST_PARTS
A06209,Server,Mumbai,5.0,1,4,1,54.0,,5.0,1,25.0,HARVEST_PARTS
A06210,Laptop,Hyderabad,1.7,1,4,0,93.0,80.0,2.0,1,2.2,REDEPLOY
A06211,Monitor,Pune,6.1,3,4,0,50.0,,6.0,1,5.0,REFURBISH_RESELL
A06212,Laptop,Gurugram,1.6,2,2,0,92.0,80.0,3.0,1,2.2,REDEPLOY
A06213,Desktop,Pune,2.9,3,3,0,76.0,,1.0,1,8.0,REFURBISH_RESELL
A06214,Laptop,Chennai,3.9,2,3,1,37.0,56.0,4.0,1,2.2,RECYCLE
A06215,Laptop,Kolkata,7.2,2,4,0,49.0,8.0,7.0,1,2.2,RECYCLE
A06216,Desktop,Chennai,7.4,1,1,0,70.0,,7.0,1,8.0,RECYCLE
A06217,Monitor,Mumbai,4.3,1,3,0,73.0,,5.0,1,5.0,REDEPLOY
A06218,Laptop,Noida,3.2,3,4,0,73.0,72.0,4.0,1,2.2,REFURBISH_RESELL
A06219,Laptop,Gurugram,3.3,1,3,0,75.0,72.0,2.0,1,2.2,REFURBISH_RESELL
A06220,Laptop,Pune,9.1,3,3,0,52.0,28.0,10.0,1,2.2,RECYCLE
A06221,Laptop,Chennai,6.7,1,2,1,57.0,32.0,5.0,1,2.2,RECYCLE
A06222,Desktop,Mumbai,4.7,2,2,0,78.0,,4.0,1,8.0,HARVEST_PARTS
A06223,Laptop,Chennai,4.3,2,2,1,49.0,60.0,4.0,1,2.2,RECYCLE
A06224,Desktop,Chennai,4.2,1,3,1,35.0,,3.0,1,8.0,HARVEST_PARTS
A06225,Laptop,Mumbai,1.4,1,1,0,91.0,86.0,1.0,1,2.2,REDEPLOY
A06226,Desktop,Pune,0.7,3,4,0,94.0,,1.0,1,8.0,REDEPLOY
A06227,Laptop,Hyderabad,3.5,1,3,1,48.0,71.0,3.0,1,2.2,HARVEST_PARTS
A06228,Desktop,Hyderabad,2.1,1,3,0,87.0,,3.0,1,8.0,REDEPLOY
A06229,Laptop,Noida,4.4,2,3,0,81.0,56.0,5.0,1,2.2,HARVEST_PARTS
A06230,Mobile,Hyderabad,4.2,2,4,1,31.0,60.0,3.0,1,0.2,RECYCLE
A06231,Desktop,Mumbai,1.7,2,4,0,89.0,,2.0,1,8.0,REDEPLOY
A06232,Server,Bengaluru,4.4,1,2,0,62.0,,5.0,1,25.0,HARVEST_PARTS
A06233,Laptop,Gurugram,4.5,1,3,1,59.0,56.0,2.0,1,2.2,HARVEST_PARTS
A06234,Laptop,Kolkata,4.5,1,1,0,78.0,62.0,4.0,1,2.2,HARVEST_PARTS
A06235,Laptop,Hyderabad,2.9,3,2,0,88.0,72.0,2.0,1,2.2,REFURBISH_RESELL
A06236,Laptop,Gurugram,4.9,3,4,0,64.0,59.0,4.0,1,2.2,HARVEST_PARTS
A06237,Monitor,Gurugram,5.0,2,4,0,67.0,,6.0,1,5.0,REFURBISH_RESELL
A06238,Server,Gurugram,4.9,1,2,0,73.0,,5.0,1,25.0,REFURBISH_RESELL
A06239,Desktop,Gurugram,3.4,3,4,0,81.0,,3.0,1,8.0,REFURBISH_RESELL
A06240,Monitor,Pune,7.7,1,4,0,58.0,,6.0,1,5.0,HARVEST_PARTS
A06241,Laptop,Hyderabad,6.9,1,3,0,59.0,13.0,7.0,1,2.2,RECYCLE
A06242,Laptop,Mumbai,4.0,1,2,0,78.0,60.0,3.0,1,2.2,REFURBISH_RESELL
A06243,Monitor,Noida,2.8,2,3,0,83.0,,2.0,1,5.0,REDEPLOY
A06244,Laptop,Mumbai,2.6,1,4,0,79.0,76.0,3.0,1,2.2,REDEPLOY
A06245,Laptop,Noida,5.1,1,2,1,33.0,59.0,5.0,1,2.2,RECYCLE
A06246,Mobile,Bengaluru,2.0,2,1,0,84.0,86.0,2.0,1,0.2,REFURBISH_RESELL
A06247,Mobile,Hyderabad,5.3,2,2,0,64.0,59.0,4.0,1,0.2,HARVEST_PARTS
A06248,Monitor,Noida,1.8,1,4,0,90.0,,3.0,1,5.0,REDEPLOY
A06249,Laptop,Kolkata,3.7,1,2,0,67.0,56.0,2.0,1,2.2,REFURBISH_RESELL
A06250,Server,Chennai,5.1,2,3,1,62.0,,5.0,1,25.0,RECYCLE
A06251,Laptop,Mumbai,2.6,1,4,0,77.0,76.0,2.0,1,2.2,REDEPLOY
A06252,Laptop,Mumbai,6.0,1,3,0,48.0,51.0,5.0,1,2.2,HARVEST_PARTS
A06253,Laptop,Bengaluru,3.2,3,1,0,84.0,70.0,3.0,1,2.2,HARVEST_PARTS
A06254,Mobile,Gurugram,3.9,2,3,0,81.0,66.0,3.0,1,0.2,REFURBISH_RESELL
A06255,Mobile,Bengaluru,1.2,1,4,0,93.0,85.0,0.0,1,0.2,REDEPLOY
A06256,Monitor,Hyderabad,1.8,2,4,0,87.0,,3.0,1,5.0,REDEPLOY
A06257,Laptop,Bengaluru,1.3,2,3,0,92.0,90.0,1.0,1,2.2,REDEPLOY
A06258,Desktop,Kolkata,5.5,1,2,0,55.0,,4.0,1,8.0,HARVEST_PARTS
A06259,Laptop,Mumbai,3.2,2,4,1,38.0,69.0,2.0,1,2.2,RECYCLE
A06260,Network,Gurugram,6.3,2,4,0,61.0,,4.0,1,4.0,HARVEST_PARTS
A06261,Laptop,Pune,1.0,1,1,0,96.0,90.0,1.0,1,2.2,REDEPLOY
A06262,Laptop,Mumbai,4.8,1,2,0,57.0,61.0,4.0,1,2.2,REFURBISH_RESELL
A06263,Monitor,Kolkata,1.2,1,1,0,93.0,,-0.0,1,5.0,REDEPLOY
A06264,Desktop,Gurugram,2.5,2,4,0,84.0,,1.0,1,8.0,REDEPLOY
A06265,Server,Bengaluru,3.7,2,1,0,74.0,,3.0,1,25.0,REFURBISH_RESELL
A06266,Laptop,Bengaluru,3.1,2,3,0,76.0,77.0,2.0,1,2.2,REDEPLOY
A06267,Server,Gurugram,4.5,1,3,0,71.0,,6.0,1,25.0,REDEPLOY
A06268,Laptop,Bengaluru,2.9,2,3,0,88.0,76.0,3.0,1,2.2,REFURBISH_RESELL
A06269,Laptop,Pune,3.5,2,1,0,75.0,61.0,2.0,1,2.2,REFURBISH_RESELL
A06270,Desktop,Gurugram,2.3,1,4,0,86.0,,3.0,1,8.0,REDEPLOY
A06271,Laptop,Bengaluru,5.2,3,1,1,38.0,36.0,5.0,1,2.2,RECYCLE
A06272,Desktop,Pune,4.1,1,1,1,49.0,,4.0,1,8.0,RECYCLE
A06273,Laptop,Noida,4.8,1,1,0,81.0,43.0,4.0,1,2.2,HARVEST_PARTS
A06274,Laptop,Bengaluru,3.8,2,3,0,82.0,72.0,4.0,1,2.2,REDEPLOY
A06275,Monitor,Hyderabad,5.6,2,3,1,48.0,,6.0,1,5.0,RECYCLE
A06276,Laptop,Bengaluru,2.9,1,4,0,79.0,69.0,3.0,1,2.2,REDEPLOY
A06277,Monitor,Bengaluru,4.0,1,3,0,82.0,,3.0,1,5.0,REFURBISH_RESELL
A06278,Monitor,Bengaluru,10.0,2,4,1,22.0,,9.0,1,5.0,RECYCLE
A06279,Laptop,Noida,2.1,1,3,0,85.0,82.0,3.0,1,2.2,REDEPLOY
A06280,Monitor,Chennai,6.5,2,2,0,60.0,,7.0,1,5.0,HARVEST_PARTS
A06281,Laptop,Noida,10.0,2,1,0,25.0,7.0,9.0,1,2.2,RECYCLE
A06282,Laptop,Bengaluru,5.0,1,3,0,57.0,49.0,3.0,1,2.2,HARVEST_PARTS
A06283,Laptop,Bengaluru,0.8,2,3,0,95.0,90.0,2.0,1,2.2,REDEPLOY
A06284,Server,Noida,2.1,1,3,0,83.0,,2.0,1,25.0,REDEPLOY
A06285,Desktop,Hyderabad,1.3,2,1,0,93.0,,1.0,1,8.0,REDEPLOY
A06286,Desktop,Bengaluru,4.5,1,4,0,69.0,,6.0,1,8.0,REFURBISH_RESELL
A06287,Mobile,Hyderabad,3.9,1,3,0,67.0,58.0,4.0,1,0.2,REFURBISH_RESELL
A06288,Laptop,Pune,7.8,1,4,0,35.0,30.0,8.0,1,2.2,RECYCLE
A06289,Network,Chennai,8.0,1,2,0,51.0,,7.0,1,4.0,RECYCLE
A06290,Monitor,Pune,3.7,2,3,0,70.0,,4.0,1,5.0,REDEPLOY
A06291,Mobile,Hyderabad,3.9,1,1,0,75.0,65.0,2.0,1,0.2,REFURBISH_RESELL
A06292,Mobile,Pune,3.0,1,1,0,78.0,77.0,1.0,1,0.2,REDEPLOY
A06293,Mobile,Pune,4.9,3,2,0,67.0,47.0,5.0,1,0.2,RECYCLE
A06294,Laptop,Hyderabad,2.4,1,3,1,58.0,69.0,1.0,1,2.2,HARVEST_PARTS
A06295,Monitor,Gurugram,3.6,1,1,0,84.0,,5.0,1,5.0,REFURBISH_RESELL
A06296,Server,Hyderabad,2.5,1,3,0,79.0,,3.0,0,25.0,HARVEST_PARTS
A06297,Monitor,Pune,4.4,2,3,0,76.0,,5.0,1,5.0,REDEPLOY
A06298,Laptop,Hyderabad,6.3,1,3,1,35.0,34.0,5.0,1,2.2,RECYCLE
A06299,Mobile,Pune,1.8,1,2,0,90.0,81.0,2.0,1,0.2,REDEPLOY
A06300,Laptop,Hyderabad,3.5,2,4,0,85.0,73.0,3.0,1,2.2,REFURBISH_RESELL
A06301,Desktop,Pune,7.2,1,3,0,70.0,,6.0,1,8.0,HARVEST_PARTS
A06302,Desktop,Pune,8.3,3,1,0,51.0,,7.0,1,8.0,RECYCLE
A06303,Laptop,Mumbai,3.0,1,4,0,81.0,63.0,2.0,1,2.2,REDEPLOY
A06304,Monitor,Noida,2.6,1,4,0,78.0,,2.0,1,5.0,REDEPLOY
A06305,Laptop,Gurugram,0.7,2,1,0,96.0,95.0,1.0,1,2.2,REDEPLOY
A06306,Monitor,Chennai,6.6,1,2,0,47.0,,5.0,1,5.0,REFURBISH_RESELL
A06307,Server,Chennai,6.4,1,4,1,21.0,,7.0,1,25.0,RECYCLE
A06308,Laptop,Pune,4.1,1,3,1,43.0,50.0,3.0,1,2.2,RECYCLE
A06309,Monitor,Kolkata,10.0,1,3,1,23.0,,9.0,0,5.0,RECYCLE
A06310,Laptop,Hyderabad,3.9,3,4,0,68.0,53.0,4.0,1,2.2,REFURBISH_RESELL
A06311,Server,Bengaluru,6.7,3,4,1,30.0,,6.0,1,25.0,RECYCLE
A06312,Mobile,Gurugram,3.1,1,4,0,84.0,74.0,2.0,1,0.2,REDEPLOY
A06313,Laptop,Gurugram,3.5,1,3,0,81.0,56.0,4.0,1,2.2,HARVEST_PARTS
A06314,Monitor,Bengaluru,4.5,3,3,1,32.0,,4.0,1,5.0,HARVEST_PARTS
A06315,Desktop,Mumbai,2.5,2,3,0,80.0,,3.0,1,8.0,REDEPLOY
A06316,Desktop,Bengaluru,5.9,2,4,0,55.0,,5.0,1,8.0,HARVEST_PARTS
A06317,Monitor,Gurugram,4.2,2,4,0,79.0,,4.0,1,5.0,REDEPLOY
A06318,Desktop,Bengaluru,1.4,1,3,0,94.0,,2.0,1,8.0,REDEPLOY
A06319,Monitor,Hyderabad,6.8,1,2,1,41.0,,5.0,1,5.0,RECYCLE
A06320,Laptop,Chennai,2.4,3,1,1,73.0,80.0,4.0,1,2.2,RECYCLE
A06321,Laptop,Gurugram,2.5,1,4,0,83.0,76.0,1.0,1,2.2,REDEPLOY
A06322,Network,Hyderabad,3.4,2,4,0,77.0,,4.0,1,4.0,REDEPLOY
A06323,Laptop,Chennai,4.9,3,2,0,63.0,37.0,4.0,1,2.2,HARVEST_PARTS
A06324,Desktop,Bengaluru,4.6,1,3,0,69.0,,4.0,1,8.0,REFURBISH_RESELL
A06325,Laptop,Kolkata,7.9,3,3,1,25.0,38.0,7.0,0,2.2,RECYCLE
A06326,Server,Hyderabad,4.5,1,2,0,81.0,,5.0,1,25.0,REFURBISH_RESELL
A06327,Desktop,Gurugram,1.7,3,3,0,89.0,,1.0,1,8.0,REDEPLOY
A06328,Laptop,Hyderabad,2.2,1,3,0,89.0,83.0,1.0,1,2.2,REDEPLOY
A06329,Laptop,Bengaluru,1.6,1,3,0,90.0,81.0,3.0,1,2.2,REDEPLOY
A06330,Laptop,Bengaluru,1.6,2,3,0,92.0,89.0,3.0,1,2.2,REDEPLOY
A06331,Mobile,Kolkata,3.2,3,4,0,79.0,77.0,3.0,1,0.2,REDEPLOY
A06332,Desktop,Bengaluru,6.6,2,4,0,66.0,,5.0,1,8.0,REFURBISH_RESELL
A06333,Desktop,Mumbai,4.2,2,3,0,77.0,,3.0,1,8.0,REFURBISH_RESELL
A06334,Monitor,Mumbai,5.0,3,4,0,75.0,,4.0,1,5.0,REDEPLOY
A06335,Laptop,Mumbai,5.8,2,4,0,60.0,25.0,6.0,1,2.2,HARVEST_PARTS
A06336,Laptop,Mumbai,6.8,3,3,0,50.0,33.0,7.0,1,2.2,RECYCLE
A06337,Laptop,Gurugram,2.7,1,3,1,61.0,66.0,3.0,0,2.2,HARVEST_PARTS
A06338,Laptop,Bengaluru,6.4,1,4,0,42.0,29.0,6.0,1,2.2,HARVEST_PARTS
A06339,Monitor,Mumbai,6.0,1,2,0,63.0,,5.0,1,5.0,REFURBISH_RESELL
A06340,Network,Pune,3.2,3,4,0,84.0,,3.0,1,4.0,REDEPLOY
A06341,Mobile,Bengaluru,2.6,1,2,0,79.0,69.0,3.0,1,0.2,REDEPLOY
A06342,Network,Kolkata,3.6,1,1,0,77.0,,2.0,1,4.0,REFURBISH_RESELL
A06343,Desktop,Bengaluru,7.8,1,4,0,54.0,,7.0,1,8.0,RECYCLE
A06344,Laptop,Chennai,6.7,1,4,0,55.0,45.0,7.0,1,2.2,HARVEST_PARTS
A06345,Monitor,Pune,3.2,2,4,0,85.0,,3.0,1,5.0,REDEPLOY
A06346,Mobile,Gurugram,6.4,1,2,0,45.0,44.0,6.0,1,0.2,RECYCLE
A06347,Monitor,Noida,5.4,3,1,1,36.0,,6.0,1,5.0,RECYCLE
A06348,Desktop,Bengaluru,5.0,3,3,0,57.0,,5.0,1,8.0,HARVEST_PARTS
A06349,Monitor,Gurugram,7.5,2,1,1,40.0,,5.0,0,5.0,RECYCLE
A06350,Monitor,Hyderabad,4.6,1,2,1,48.0,,5.0,1,5.0,RECYCLE
A06351,Mobile,Bengaluru,4.1,3,3,0,81.0,59.0,4.0,1,0.2,HARVEST_PARTS
A06352,Monitor,Mumbai,1.3,1,1,1,52.0,,-0.0,1,5.0,REFURBISH_RESELL
A06353,Laptop,Noida,5.8,1,3,0,70.0,52.0,6.0,1,2.2,RECYCLE
A06354,Laptop,Mumbai,2.5,1,3,0,86.0,68.0,2.0,1,2.2,REDEPLOY
A06355,Desktop,Chennai,2.3,1,2,0,91.0,,3.0,1,8.0,REDEPLOY
A06356,Laptop,Hyderabad,4.1,2,2,1,39.0,53.0,3.0,1,2.2,RECYCLE
A06357,Mobile,Bengaluru,2.3,1,3,0,81.0,71.0,3.0,1,0.2,REDEPLOY
A06358,Desktop,Bengaluru,4.8,2,3,0,64.0,,5.0,1,8.0,REFURBISH_RESELL
A06359,Desktop,Chennai,4.4,2,4,0,66.0,,3.0,1,8.0,REFURBISH_RESELL
A06360,Laptop,Gurugram,4.2,1,4,0,66.0,54.0,4.0,1,2.2,REFURBISH_RESELL
A06361,Monitor,Kolkata,3.6,1,3,0,82.0,,4.0,1,5.0,REFURBISH_RESELL
A06362,Desktop,Mumbai,5.7,2,3,0,64.0,,7.0,1,8.0,RECYCLE
A06363,Laptop,Bengaluru,4.8,1,4,1,45.0,58.0,4.0,1,2.2,RECYCLE
A06364,Network,Bengaluru,4.8,1,4,0,80.0,,5.0,1,4.0,HARVEST_PARTS
A06365,Laptop,Pune,2.6,2,4,0,82.0,69.0,1.0,1,2.2,REDEPLOY
A06366,Laptop,Mumbai,3.8,1,2,0,82.0,65.0,4.0,1,2.2,REFURBISH_RESELL
A06367,Laptop,Hyderabad,2.6,1,2,0,82.0,71.0,3.0,1,2.2,REFURBISH_RESELL
A06368,Desktop,Pune,3.8,1,4,0,71.0,,5.0,1,8.0,REFURBISH_RESELL
A06369,Monitor,Noida,2.8,2,3,1,56.0,,2.0,1,5.0,HARVEST_PARTS
A06370,Network,Gurugram,3.7,1,3,0,82.0,,3.0,1,4.0,REFURBISH_RESELL
A06371,Laptop,Kolkata,3.8,2,3,1,56.0,68.0,4.0,1,2.2,RECYCLE
A06372,Mobile,Gurugram,3.7,1,2,0,72.0,59.0,4.0,1,0.2,REFURBISH_RESELL
A06373,Monitor,Bengaluru,5.8,1,3,0,54.0,,5.0,1,5.0,REFURBISH_RESELL
A06374,Laptop,Pune,5.1,3,4,1,39.0,44.0,5.0,1,2.2,RECYCLE
A06375,Laptop,Pune,2.0,2,2,0,85.0,83.0,2.0,1,2.2,REFURBISH_RESELL
A06376,Laptop,Pune,3.5,3,4,0,84.0,66.0,3.0,1,2.2,REFURBISH_RESELL
A06377,Network,Hyderabad,4.2,1,1,0,74.0,,5.0,1,4.0,HARVEST_PARTS
A06378,Laptop,Mumbai,2.7,1,1,0,89.0,79.0,3.0,1,2.2,REFURBISH_RESELL
A06379,Desktop,Bengaluru,4.4,2,3,0,75.0,,4.0,1,8.0,REFURBISH_RESELL
A06380,Monitor,Gurugram,2.9,3,2,0,74.0,,1.0,1,5.0,REDEPLOY
A06381,Network,Hyderabad,3.9,2,1,0,71.0,,3.0,1,4.0,REFURBISH_RESELL
A06382,Monitor,Bengaluru,2.5,2,1,0,90.0,,2.0,1,5.0,REDEPLOY
A06383,Monitor,Pune,3.7,2,4,0,71.0,,2.0,1,5.0,REDEPLOY
A06384,Laptop,Bengaluru,5.2,1,4,0,69.0,35.0,4.0,1,2.2,HARVEST_PARTS
A06385,Network,Chennai,5.5,2,3,0,70.0,,4.0,1,4.0,REFURBISH_RESELL
A06386,Laptop,Chennai,3.9,2,3,0,81.0,58.0,3.0,1,2.2,REFURBISH_RESELL
A06387,Laptop,Hyderabad,9.3,1,3,0,43.0,28.0,8.0,1,2.2,RECYCLE
A06388,Mobile,Bengaluru,4.6,1,4,0,76.0,52.0,3.0,0,0.2,HARVEST_PARTS
A06389,Laptop,Hyderabad,5.6,1,3,0,52.0,49.0,4.0,1,2.2,HARVEST_PARTS
A06390,Laptop,Chennai,6.9,1,4,1,38.0,12.0,7.0,0,2.2,RECYCLE
A06391,Monitor,Bengaluru,2.8,1,3,1,49.0,,3.0,1,5.0,HARVEST_PARTS
A06392,Laptop,Bengaluru,5.1,1,4,0,79.0,45.0,5.0,1,2.2,RECYCLE
A06393,Laptop,Gurugram,4.4,2,3,0,81.0,62.0,3.0,1,2.2,REFURBISH_RESELL
A06394,Monitor,Pune,5.2,1,3,0,63.0,,5.0,1,5.0,REFURBISH_RESELL
A06395,Monitor,Chennai,6.1,1,3,0,57.0,,5.0,1,5.0,REFURBISH_RESELL
A06396,Monitor,Noida,2.5,2,4,0,81.0,,1.0,1,5.0,REDEPLOY
A06397,Laptop,Pune,9.1,1,3,1,6.0,12.0,7.0,0,2.2,RECYCLE
A06398,Desktop,Pune,4.0,1,4,0,83.0,,4.0,0,8.0,HARVEST_PARTS
A06399,Server,Noida,3.4,3,4,0,75.0,,2.0,1,25.0,REDEPLOY
A06400,Laptop,Chennai,1.1,2,3,0,91.0,89.0,3.0,1,2.2,REDEPLOY
A06401,Laptop,Bengaluru,6.7,2,3,0,50.0,18.0,4.0,1,2.2,RECYCLE
A06402,Laptop,Chennai,5.9,2,3,0,52.0,55.0,6.0,1,2.2,HARVEST_PARTS
A06403,Desktop,Bengaluru,3.6,1,1,0,78.0,,3.0,1,8.0,REFURBISH_RESELL
A06404,Laptop,Hyderabad,1.4,1,2,0,94.0,85.0,2.0,1,2.2,REDEPLOY
A06405,Monitor,Hyderabad,4.1,1,1,0,65.0,,4.0,1,5.0,REFURBISH_RESELL
A06406,Mobile,Gurugram,1.9,1,3,0,85.0,81.0,3.0,1,0.2,REDEPLOY
A06407,Laptop,Chennai,6.4,3,3,0,57.0,50.0,6.0,1,2.2,RECYCLE
A06408,Monitor,Gurugram,3.5,2,2,0,84.0,,3.0,1,5.0,REDEPLOY
A06409,Laptop,Bengaluru,2.4,2,3,0,88.0,74.0,2.0,1,2.2,REFURBISH_RESELL
A06410,Laptop,Chennai,4.4,2,3,0,78.0,60.0,4.0,1,2.2,REFURBISH_RESELL
A06411,Monitor,Hyderabad,4.8,2,3,1,48.0,,4.0,1,5.0,HARVEST_PARTS
A06412,Laptop,Gurugram,5.0,1,4,0,59.0,42.0,5.0,1,2.2,HARVEST_PARTS
A06413,Mobile,Hyderabad,2.5,3,2,0,84.0,80.0,1.0,1,0.2,REFURBISH_RESELL
A06414,Desktop,Kolkata,6.1,2,3,1,45.0,,6.0,1,8.0,RECYCLE
A06415,Laptop,Pune,3.6,2,3,0,80.0,73.0,3.0,1,2.2,REFURBISH_RESELL
A06416,Laptop,Hyderabad,1.2,1,3,0,94.0,85.0,1.0,1,2.2,REDEPLOY
A06417,Laptop,Hyderabad,0.8,1,3,0,95.0,93.0,3.0,1,2.2,REDEPLOY
A06418,Network,Noida,3.8,1,3,0,76.0,,4.0,1,4.0,REFURBISH_RESELL
A06419,Monitor,Kolkata,3.8,1,3,0,68.0,,2.0,1,5.0,REFURBISH_RESELL
A06420,Laptop,Gurugram,3.7,2,4,0,82.0,64.0,3.0,1,2.2,REDEPLOY
A06421,Desktop,Noida,4.5,3,4,1,31.0,,3.0,1,8.0,RECYCLE
A06422,Monitor,Bengaluru,8.2,2,4,0,54.0,,8.0,0,5.0,RECYCLE
A06423,Monitor,Gurugram,3.8,1,3,0,66.0,,4.0,1,5.0,REFURBISH_RESELL
A06424,Laptop,Hyderabad,4.1,1,3,0,69.0,64.0,3.0,1,2.2,REDEPLOY
A06425,Laptop,Bengaluru,3.0,1,4,0,74.0,75.0,3.0,1,2.2,REDEPLOY
A06426,Laptop,Hyderabad,3.8,1,4,1,28.0,69.0,4.0,1,2.2,RECYCLE
A06427,Laptop,Chennai,5.1,1,2,1,42.0,59.0,4.0,1,2.2,RECYCLE
A06428,Desktop,Hyderabad,5.1,1,4,1,46.0,,5.0,1,8.0,RECYCLE
A06429,Laptop,Noida,7.2,1,3,0,65.0,43.0,7.0,1,2.2,RECYCLE
A06430,Laptop,Hyderabad,1.4,1,3,0,92.0,88.0,2.0,1,2.2,REDEPLOY
A06431,Laptop,Gurugram,5.8,1,3,0,68.0,40.0,5.0,1,2.2,HARVEST_PARTS
A06432,Laptop,Kolkata,5.4,3,4,1,36.0,57.0,6.0,0,2.2,RECYCLE
A06433,Mobile,Noida,1.7,3,2,0,92.0,78.0,-0.0,1,0.2,REDEPLOY
A06434,Desktop,Mumbai,7.1,2,4,0,64.0,,5.0,1,8.0,REFURBISH_RESELL
A06435,Laptop,Noida,1.9,1,3,0,85.0,80.0,1.0,1,2.2,REDEPLOY
A06436,Desktop,Gurugram,5.1,1,3,1,21.0,,5.0,1,8.0,RECYCLE
A06437,Laptop,Bengaluru,1.2,2,3,0,90.0,86.0,0.0,1,2.2,REDEPLOY
A06438,Network,Noida,2.4,2,3,0,88.0,,4.0,1,4.0,REFURBISH_RESELL
A06439,Desktop,Bengaluru,5.2,2,1,0,54.0,,5.0,1,8.0,HARVEST_PARTS
A06440,Desktop,Bengaluru,5.3,2,3,0,72.0,,5.0,1,8.0,HARVEST_PARTS
A06441,Mobile,Gurugram,3.6,1,4,0,82.0,55.0,4.0,1,0.2,REFURBISH_RESELL
A06442,Server,Chennai,7.4,3,3,0,66.0,,5.0,1,25.0,HARVEST_PARTS
A06443,Server,Kolkata,5.2,2,3,0,76.0,,6.0,1,25.0,REFURBISH_RESELL
A06444,Laptop,Hyderabad,6.2,1,4,0,67.0,35.0,5.0,1,2.2,HARVEST_PARTS
A06445,Laptop,Gurugram,3.7,1,1,1,36.0,57.0,2.0,1,2.2,RECYCLE
A06446,Monitor,Bengaluru,2.2,2,4,1,56.0,,2.0,1,5.0,REFURBISH_RESELL
A06447,Desktop,Hyderabad,2.2,1,1,0,85.0,,2.0,1,8.0,REDEPLOY
A06448,Monitor,Hyderabad,3.3,1,3,1,64.0,,4.0,1,5.0,HARVEST_PARTS
A06449,Monitor,Noida,2.5,2,3,0,83.0,,2.0,1,5.0,REDEPLOY
A06450,Laptop,Gurugram,2.4,2,2,0,85.0,73.0,3.0,1,2.2,REFURBISH_RESELL
A06451,Laptop,Noida,1.6,3,4,1,62.0,80.0,2.0,1,2.2,REFURBISH_RESELL
A06452,Desktop,Pune,3.4,1,3,1,43.0,,3.0,1,8.0,RECYCLE
A06453,Laptop,Gurugram,1.5,3,4,0,93.0,89.0,1.0,1,2.2,REDEPLOY
A06454,Monitor,Kolkata,3.4,1,4,0,82.0,,3.0,1,5.0,REDEPLOY
A06455,Monitor,Pune,1.3,3,3,0,90.0,,1.0,1,5.0,REDEPLOY
A06456,Desktop,Bengaluru,3.2,1,4,0,78.0,,3.0,1,8.0,REFURBISH_RESELL
A06457,Monitor,Kolkata,5.1,1,3,0,61.0,,5.0,1,5.0,REFURBISH_RESELL
A06458,Desktop,Mumbai,2.4,3,3,0,84.0,,2.0,1,8.0,REDEPLOY
A06459,Monitor,Chennai,4.5,1,1,0,73.0,,4.0,1,5.0,REFURBISH_RESELL
A06460,Laptop,Hyderabad,4.4,2,1,0,77.0,44.0,5.0,1,2.2,HARVEST_PARTS
A06461,Monitor,Gurugram,2.8,1,4,0,78.0,,2.0,1,5.0,REDEPLOY
A06462,Monitor,Noida,1.5,1,2,0,91.0,,3.0,1,5.0,REDEPLOY
A06463,Laptop,Chennai,7.5,2,4,0,68.0,35.0,7.0,1,2.2,RECYCLE
A06464,Desktop,Gurugram,5.8,1,3,0,68.0,,6.0,1,8.0,HARVEST_PARTS
A06465,Network,Gurugram,2.8,2,2,0,87.0,,3.0,1,4.0,REDEPLOY
A06466,Laptop,Kolkata,7.9,1,4,0,46.0,17.0,8.0,1,2.2,RECYCLE
A06467,Monitor,Bengaluru,5.7,2,2,0,63.0,,5.0,1,5.0,REFURBISH_RESELL
A06468,Mobile,Bengaluru,5.2,2,4,1,53.0,64.0,4.0,1,0.2,RECYCLE
A06469,Network,Mumbai,1.9,1,2,0,90.0,,2.0,1,4.0,REDEPLOY
A06470,Laptop,Gurugram,5.2,1,3,1,47.0,35.0,4.0,1,2.2,RECYCLE
A06471,Monitor,Hyderabad,6.5,2,4,0,70.0,,5.0,1,5.0,REFURBISH_RESELL
A06472,Mobile,Gurugram,4.1,1,4,0,76.0,69.0,2.0,0,0.2,HARVEST_PARTS
A06473,Desktop,Bengaluru,4.6,2,3,0,67.0,,5.0,1,8.0,HARVEST_PARTS
A06474,Laptop,Hyderabad,5.1,3,2,1,63.0,55.0,4.0,1,2.2,RECYCLE
A06475,Laptop,Gurugram,6.9,1,2,0,72.0,25.0,6.0,1,2.2,HARVEST_PARTS
A06476,Monitor,Mumbai,4.8,1,3,1,55.0,,4.0,1,5.0,HARVEST_PARTS
A06477,Laptop,Pune,5.0,3,3,0,67.0,39.0,4.0,1,2.2,HARVEST_PARTS
A06478,Laptop,Mumbai,4.4,3,3,0,75.0,47.0,3.0,1,2.2,HARVEST_PARTS
A06479,Laptop,Pune,8.0,1,4,0,50.0,5.0,6.0,1,2.2,RECYCLE
A06480,Monitor,Bengaluru,4.1,2,4,1,38.0,,4.0,1,5.0,HARVEST_PARTS
A06481,Desktop,Hyderabad,5.0,1,4,0,63.0,,4.0,1,8.0,REFURBISH_RESELL
A06482,Network,Mumbai,7.1,2,2,0,61.0,,7.0,1,4.0,RECYCLE
A06483,Monitor,Gurugram,3.1,1,3,0,84.0,,3.0,1,5.0,REDEPLOY
A06484,Mobile,Bengaluru,8.7,1,4,0,32.0,5.0,6.0,1,0.2,RECYCLE
A06485,Network,Bengaluru,3.0,1,2,1,39.0,,3.0,0,4.0,RECYCLE
A06486,Laptop,Gurugram,2.4,1,3,0,84.0,78.0,2.0,1,2.2,REDEPLOY
A06487,Monitor,Pune,5.1,1,4,0,78.0,,5.0,1,5.0,REFURBISH_RESELL
A06488,Laptop,Mumbai,2.9,1,3,0,77.0,74.0,3.0,1,2.2,REDEPLOY
A06489,Mobile,Kolkata,7.8,3,1,0,52.0,7.0,6.0,1,0.2,RECYCLE
A06490,Laptop,Bengaluru,10.0,1,2,1,5.0,5.0,10.0,1,2.2,RECYCLE
A06491,Monitor,Pune,2.5,2,3,0,83.0,,2.0,1,5.0,REDEPLOY
A06492,Server,Hyderabad,2.4,1,2,0,84.0,,3.0,0,25.0,HARVEST_PARTS
A06493,Laptop,Noida,2.3,3,3,0,87.0,79.0,1.0,1,2.2,REDEPLOY
A06494,Server,Bengaluru,1.2,1,2,0,94.0,,0.0,1,25.0,REDEPLOY
A06495,Laptop,Kolkata,2.9,1,2,0,83.0,74.0,3.0,1,2.2,REDEPLOY
A06496,Laptop,Noida,6.4,2,3,0,69.0,26.0,6.0,1,2.2,RECYCLE
A06497,Desktop,Pune,5.2,1,3,0,62.0,,5.0,1,8.0,HARVEST_PARTS
A06498,Laptop,Bengaluru,3.6,1,4,0,84.0,63.0,3.0,1,2.2,REDEPLOY
A06499,Desktop,Gurugram,4.9,1,2,0,63.0,,5.0,1,8.0,HARVEST_PARTS
A06500,Mobile,Bengaluru,1.5,1,4,0,88.0,81.0,1.0,1,0.2,REDEPLOY
A06501,Laptop,Gurugram,2.0,1,3,0,86.0,85.0,1.0,1,2.2,REDEPLOY
A06502,Desktop,Kolkata,4.1,2,1,0,67.0,,5.0,1,8.0,HARVEST_PARTS
A06503,Network,Mumbai,4.5,1,3,0,74.0,,5.0,1,4.0,REDEPLOY
A06504,Monitor,Bengaluru,4.3,1,4,1,55.0,,5.0,1,5.0,HARVEST_PARTS
A06505,Laptop,Mumbai,2.8,1,4,1,65.0,73.0,2.0,1,2.2,HARVEST_PARTS
A06506,Mobile,Pune,2.8,1,1,0,80.0,80.0,2.0,1,0.2,REFURBISH_RESELL
A06507,Laptop,Mumbai,5.4,1,2,0,66.0,52.0,5.0,1,2.2,HARVEST_PARTS
A06508,Desktop,Mumbai,5.3,1,2,1,60.0,,6.0,1,8.0,RECYCLE
A06509,Desktop,Gurugram,1.3,1,3,0,91.0,,2.0,1,8.0,REDEPLOY
A06510,Monitor,Hyderabad,1.2,3,3,0,95.0,,1.0,1,5.0,REDEPLOY
A06511,Laptop,Noida,9.6,1,3,0,41.0,5.0,8.0,1,2.2,RECYCLE
A06512,Laptop,Hyderabad,4.6,1,2,1,41.0,57.0,3.0,1,2.2,RECYCLE
A06513,Monitor,Kolkata,4.4,2,3,0,72.0,,4.0,1,5.0,REFURBISH_RESELL
A06514,Laptop,Mumbai,2.5,1,3,0,85.0,76.0,4.0,1,2.2,REDEPLOY
A06515,Desktop,Chennai,3.4,1,3,0,78.0,,2.0,1,8.0,REFURBISH_RESELL
A06516,Monitor,Hyderabad,2.9,3,2,0,81.0,,3.0,1,5.0,REDEPLOY
A06517,Monitor,Mumbai,6.4,2,4,0,49.0,,5.0,1,5.0,HARVEST_PARTS
A06518,Laptop,Kolkata,6.3,1,3,0,45.0,33.0,6.0,1,2.2,RECYCLE
A06519,Laptop,Bengaluru,4.6,1,3,1,49.0,56.0,3.0,1,2.2,RECYCLE
A06520,Mobile,Mumbai,4.3,2,2,0,63.0,58.0,3.0,1,0.2,HARVEST_PARTS
A06521,Laptop,Chennai,5.0,1,3,0,71.0,52.0,4.0,1,2.2,REFURBISH_RESELL
A06522,Laptop,Pune,4.2,3,3,1,59.0,54.0,3.0,1,2.2,RECYCLE
A06523,Laptop,Bengaluru,5.4,1,3,0,62.0,49.0,4.0,1,2.2,HARVEST_PARTS
A06524,Laptop,Pune,7.4,1,2,0,56.0,19.0,7.0,1,2.2,RECYCLE
A06525,Mobile,Gurugram,3.8,1,1,0,79.0,67.0,5.0,1,0.2,HARVEST_PARTS
A06526,Laptop,Mumbai,2.6,2,4,0,81.0,68.0,2.0,1,2.2,REDEPLOY
A06527,Laptop,Kolkata,4.3,2,4,0,68.0,46.0,3.0,1,2.2,REFURBISH_RESELL
A06528,Desktop,Kolkata,3.0,2,2,0,81.0,,3.0,1,8.0,REFURBISH_RESELL
A06529,Laptop,Pune,1.7,1,3,0,91.0,82.0,2.0,1,2.2,REDEPLOY
A06530,Laptop,Gurugram,2.2,2,3,0,83.0,76.0,1.0,1,2.2,REDEPLOY
A06531,Mobile,Noida,6.9,3,3,1,30.0,36.0,6.0,1,0.2,RECYCLE
A06532,Monitor,Noida,4.2,1,2,1,50.0,,3.0,1,5.0,RECYCLE
A06533,Laptop,Bengaluru,3.3,1,2,0,72.0,67.0,3.0,1,2.2,REFURBISH_RESELL
A06534,Laptop,Mumbai,4.5,1,3,0,60.0,60.0,4.0,1,2.2,HARVEST_PARTS
A06535,Laptop,Bengaluru,3.1,2,3,0,87.0,73.0,3.0,1,2.2,REFURBISH_RESELL
A06536,Laptop,Mumbai,7.0,1,1,1,24.0,29.0,6.0,1,2.2,RECYCLE
A06537,Desktop,Noida,9.6,1,3,0,23.0,,9.0,1,8.0,RECYCLE
A06538,Desktop,Pune,3.2,2,4,1,63.0,,3.0,1,8.0,HARVEST_PARTS
A06539,Monitor,Gurugram,3.7,2,1,1,67.0,,2.0,1,5.0,HARVEST_PARTS
A06540,Network,Bengaluru,4.7,1,2,1,45.0,,5.0,1,4.0,RECYCLE
A06541,Laptop,Bengaluru,2.1,2,3,0,83.0,76.0,1.0,1,2.2,REDEPLOY
A06542,Mobile,Hyderabad,1.4,2,2,0,92.0,84.0,1.0,1,0.2,REDEPLOY
A06543,Desktop,Hyderabad,6.6,1,4,0,67.0,,7.0,1,8.0,RECYCLE
A06544,Laptop,Gurugram,3.3,1,3,0,84.0,64.0,3.0,1,2.2,REDEPLOY
A06545,Server,Pune,3.2,1,4,0,78.0,,2.0,1,25.0,REDEPLOY
A06546,Laptop,Chennai,4.9,2,2,0,72.0,54.0,5.0,1,2.2,RECYCLE
A06547,Desktop,Bengaluru,2.6,2,4,0,81.0,,3.0,0,8.0,HARVEST_PARTS
A06548,Monitor,Pune,3.1,2,4,0,75.0,,2.0,1,5.0,REDEPLOY
A06549,Laptop,Bengaluru,2.1,1,4,0,92.0,83.0,-0.0,1,2.2,REDEPLOY
A06550,Network,Hyderabad,1.5,1,3,0,92.0,,1.0,1,4.0,REDEPLOY
A06551,Laptop,Bengaluru,3.1,1,4,1,44.0,71.0,3.0,1,2.2,HARVEST_PARTS
A06552,Server,Bengaluru,2.5,1,3,0,82.0,,3.0,1,25.0,REDEPLOY
A06553,Laptop,Hyderabad,2.4,2,2,0,87.0,72.0,3.0,1,2.2,REFURBISH_RESELL
A06554,Laptop,Gurugram,4.0,3,4,0,75.0,56.0,5.0,1,2.2,REFURBISH_RESELL
A06555,Laptop,Pune,5.7,1,2,0,74.0,42.0,7.0,1,2.2,RECYCLE
A06556,Network,Noida,5.7,2,2,0,74.0,,4.0,1,4.0,HARVEST_PARTS
A06557,Laptop,Bengaluru,5.6,1,4,0,53.0,58.0,6.0,1,2.2,HARVEST_PARTS
A06558,Network,Gurugram,2.7,2,4,0,82.0,,1.0,1,4.0,REFURBISH_RESELL
A06559,Laptop,Pune,3.9,2,3,0,75.0,53.0,1.0,1,2.2,REFURBISH_RESELL
A06560,Desktop,Pune,3.0,2,3,0,81.0,,2.0,1,8.0,REFURBISH_RESELL
A06561,Laptop,Mumbai,2.8,3,3,0,75.0,71.0,3.0,1,2.2,REFURBISH_RESELL
A06562,Laptop,Pune,2.8,3,3,1,71.0,64.0,3.0,1,2.2,HARVEST_PARTS
A06563,Mobile,Gurugram,2.3,1,3,0,88.0,81.0,2.0,1,0.2,REFURBISH_RESELL
A06564,Laptop,Hyderabad,4.5,3,2,0,80.0,54.0,4.0,1,2.2,HARVEST_PARTS
A06565,Monitor,Hyderabad,6.5,2,2,0,48.0,,6.0,1,5.0,HARVEST_PARTS
A06566,Desktop,Gurugram,3.0,1,3,0,74.0,,3.0,1,8.0,REFURBISH_RESELL
A06567,Desktop,Mumbai,2.8,1,4,0,76.0,,2.0,0,8.0,HARVEST_PARTS
A06568,Monitor,Chennai,1.3,3,4,0,94.0,,1.0,1,5.0,REDEPLOY
A06569,Network,Bengaluru,5.2,3,3,0,62.0,,6.0,0,4.0,HARVEST_PARTS
A06570,Monitor,Pune,1.2,1,2,0,92.0,,1.0,1,5.0,REDEPLOY
A06571,Desktop,Noida,4.1,1,2,0,75.0,,3.0,1,8.0,REFURBISH_RESELL
A06572,Monitor,Chennai,2.6,1,3,1,52.0,,4.0,1,5.0,HARVEST_PARTS
A06573,Monitor,Pune,3.5,1,3,0,70.0,,3.0,1,5.0,REFURBISH_RESELL
A06574,Laptop,Noida,4.2,2,1,0,80.0,62.0,4.0,1,2.2,REFURBISH_RESELL
A06575,Monitor,Chennai,4.1,1,3,1,58.0,,5.0,0,5.0,HARVEST_PARTS
A06576,Laptop,Kolkata,6.1,2,4,0,70.0,24.0,5.0,1,2.2,RECYCLE
A06577,Monitor,Mumbai,1.2,1,1,0,90.0,,1.0,1,5.0,REDEPLOY
A06578,Mobile,Bengaluru,5.8,2,1,0,50.0,27.0,4.0,1,0.2,RECYCLE
A06579,Mobile,Pune,4.3,2,4,1,32.0,46.0,3.0,1,0.2,RECYCLE
A06580,Server,Chennai,6.4,3,3,0,74.0,,5.0,1,25.0,HARVEST_PARTS
A06581,Monitor,Kolkata,4.0,1,2,0,72.0,,3.0,1,5.0,REFURBISH_RESELL
A06582,Monitor,Hyderabad,1.8,1,4,0,89.0,,2.0,1,5.0,REDEPLOY
A06583,Laptop,Hyderabad,3.7,1,4,0,71.0,57.0,3.0,1,2.2,REFURBISH_RESELL
A06584,Desktop,Gurugram,5.2,3,4,0,60.0,,5.0,1,8.0,HARVEST_PARTS
A06585,Laptop,Chennai,5.6,3,3,0,72.0,46.0,5.0,1,2.2,HARVEST_PARTS
A06586,Laptop,Mumbai,3.8,1,4,0,79.0,73.0,3.0,1,2.2,REDEPLOY
A06587,Mobile,Hyderabad,3.6,1,4,0,82.0,56.0,4.0,1,0.2,REFURBISH_RESELL
A06588,Network,Bengaluru,4.3,2,4,0,71.0,,4.0,1,4.0,REDEPLOY
A06589,Desktop,Bengaluru,6.0,2,2,1,45.0,,6.0,1,8.0,RECYCLE
A06590,Laptop,Pune,3.1,2,2,0,78.0,64.0,2.0,1,2.2,REFURBISH_RESELL
A06591,Monitor,Hyderabad,4.8,1,2,0,69.0,,3.0,1,5.0,REFURBISH_RESELL
A06592,Laptop,Gurugram,8.3,3,4,1,5.0,34.0,7.0,1,2.2,RECYCLE
A06593,Server,Hyderabad,10.0,1,1,1,5.0,,10.0,1,25.0,RECYCLE
A06594,Mobile,Hyderabad,6.0,2,1,0,61.0,30.0,5.0,1,0.2,RECYCLE
A06595,Laptop,Chennai,3.5,1,4,1,51.0,64.0,3.0,1,2.2,HARVEST_PARTS
A06596,Laptop,Chennai,2.1,1,1,0,82.0,83.0,2.0,1,2.2,REFURBISH_RESELL
A06597,Laptop,Bengaluru,4.6,1,3,0,80.0,41.0,3.0,1,2.2,HARVEST_PARTS
A06598,Laptop,Gurugram,7.5,1,4,1,42.0,26.0,5.0,1,2.2,RECYCLE
A06599,Laptop,Bengaluru,3.8,3,3,0,81.0,52.0,4.0,1,2.2,HARVEST_PARTS
A06600,Laptop,Bengaluru,6.3,2,3,0,52.0,42.0,6.0,1,2.2,HARVEST_PARTS
A06601,Laptop,Hyderabad,6.1,3,2,1,21.0,37.0,6.0,1,2.2,RECYCLE
A06602,Laptop,Bengaluru,4.0,2,3,0,72.0,59.0,4.0,1,2.2,REFURBISH_RESELL
A06603,Laptop,Chennai,5.8,1,2,0,57.0,54.0,4.0,1,2.2,RECYCLE
A06604,Monitor,Hyderabad,2.2,2,2,0,86.0,,1.0,1,5.0,REDEPLOY
A06605,Laptop,Bengaluru,3.6,2,4,0,80.0,61.0,3.0,1,2.2,REDEPLOY
A06606,Network,Gurugram,4.9,3,3,1,40.0,,5.0,1,4.0,RECYCLE
A06607,Laptop,Gurugram,3.9,1,3,1,28.0,72.0,3.0,1,2.2,RECYCLE
A06608,Laptop,Gurugram,2.3,1,4,0,88.0,83.0,2.0,1,2.2,REDEPLOY
A06609,Laptop,Bengaluru,5.8,2,3,0,67.0,45.0,5.0,1,2.2,HARVEST_PARTS
A06610,Monitor,Hyderabad,4.9,2,2,1,38.0,,6.0,1,5.0,RECYCLE
A06611,Laptop,Kolkata,4.3,1,2,0,67.0,48.0,4.0,1,2.2,HARVEST_PARTS
A06612,Desktop,Gurugram,6.9,1,3,1,27.0,,7.0,1,8.0,RECYCLE
A06613,Laptop,Noida,5.9,1,4,0,61.0,32.0,6.0,1,2.2,HARVEST_PARTS
A06614,Mobile,Hyderabad,1.0,2,3,0,91.0,89.0,0.0,1,0.2,REDEPLOY
A06615,Laptop,Bengaluru,4.4,1,2,1,59.0,51.0,4.0,1,2.2,RECYCLE
A06616,Laptop,Bengaluru,4.3,2,1,1,32.0,60.0,4.0,1,2.2,RECYCLE
A06617,Network,Noida,3.4,1,2,0,70.0,,3.0,1,4.0,REFURBISH_RESELL
A06618,Laptop,Mumbai,1.2,1,4,0,95.0,89.0,1.0,1,2.2,REDEPLOY
A06619,Laptop,Gurugram,2.7,1,1,0,80.0,75.0,2.0,1,2.2,REDEPLOY
A06620,Server,Gurugram,1.1,1,2,1,53.0,,2.0,0,25.0,HARVEST_PARTS
A06621,Laptop,Mumbai,9.7,1,4,1,19.0,30.0,10.0,1,2.2,RECYCLE
A06622,Laptop,Gurugram,4.0,2,2,0,76.0,67.0,4.0,1,2.2,HARVEST_PARTS
A06623,Laptop,Noida,5.0,1,3,0,71.0,62.0,5.0,1,2.2,HARVEST_PARTS
A06624,Laptop,Noida,2.3,1,3,0,82.0,77.0,2.0,1,2.2,REDEPLOY
A06625,Mobile,Bengaluru,1.3,2,4,0,90.0,88.0,0.0,1,0.2,REDEPLOY
A06626,Monitor,Chennai,3.2,1,2,0,80.0,,3.0,1,5.0,REFURBISH_RESELL
A06627,Desktop,Kolkata,3.0,1,4,0,79.0,,2.0,1,8.0,REDEPLOY
A06628,Laptop,Gurugram,4.5,2,2,1,45.0,60.0,3.0,1,2.2,HARVEST_PARTS
A06629,Monitor,Gurugram,3.3,1,4,0,82.0,,3.0,1,5.0,REDEPLOY
A06630,Monitor,Bengaluru,10.0,1,4,1,49.0,,9.0,1,5.0,RECYCLE
A06631,Laptop,Noida,6.5,1,4,0,74.0,20.0,6.0,1,2.2,HARVEST_PARTS
A06632,Network,Hyderabad,7.8,1,3,1,14.0,,8.0,1,4.0,RECYCLE
A06633,Desktop,Pune,4.0,1,3,0,70.0,,4.0,1,8.0,REDEPLOY
A06634,Monitor,Chennai,4.4,3,3,0,62.0,,5.0,1,5.0,REFURBISH_RESELL
A06635,Laptop,Hyderabad,7.4,1,3,0,39.0,32.0,7.0,1,2.2,RECYCLE
A06636,Laptop,Mumbai,3.2,2,2,0,82.0,63.0,2.0,1,2.2,REDEPLOY
A06637,Monitor,Kolkata,4.9,2,3,0,67.0,,4.0,1,5.0,REFURBISH_RESELL
A06638,Monitor,Mumbai,3.3,1,3,0,79.0,,2.0,1,5.0,REDEPLOY
A06639,Laptop,Pune,5.0,1,3,0,75.0,42.0,5.0,1,2.2,HARVEST_PARTS
A06640,Laptop,Noida,2.0,1,1,0,90.0,79.0,3.0,1,2.2,REDEPLOY
A06641,Server,Chennai,3.0,1,4,0,75.0,,3.0,1,25.0,REDEPLOY
A06642,Laptop,Gurugram,4.5,3,4,0,79.0,56.0,4.0,1,2.2,REFURBISH_RESELL
A06643,Laptop,Hyderabad,4.7,1,3,0,80.0,45.0,5.0,1,2.2,REFURBISH_RESELL
A06644,Monitor,Pune,5.6,1,3,0,70.0,,5.0,1,5.0,HARVEST_PARTS
A06645,Laptop,Bengaluru,2.2,1,4,0,86.0,80.0,2.0,1,2.2,REDEPLOY
A06646,Laptop,Pune,4.4,2,2,0,81.0,58.0,5.0,1,2.2,HARVEST_PARTS
A06647,Laptop,Bengaluru,1.7,1,4,0,90.0,80.0,2.0,1,2.2,REDEPLOY
A06648,Mobile,Pune,3.4,1,3,0,72.0,75.0,3.0,1,0.2,REFURBISH_RESELL
A06649,Laptop,Mumbai,4.0,1,4,0,77.0,58.0,2.0,1,2.2,REDEPLOY
A06650,Monitor,Bengaluru,3.7,3,2,1,41.0,,3.0,1,5.0,RECYCLE
A06651,Mobile,Hyderabad,8.2,1,3,0,28.0,34.0,7.0,1,0.2,RECYCLE
A06652,Monitor,Mumbai,4.0,1,4,0,70.0,,3.0,1,5.0,REDEPLOY
A06653,Desktop,Bengaluru,5.2,2,4,1,28.0,,4.0,1,8.0,RECYCLE
A06654,Desktop,Chennai,4.5,2,3,1,44.0,,4.0,1,8.0,RECYCLE
A06655,Laptop,Bengaluru,3.9,1,3,0,83.0,61.0,4.0,1,2.2,REFURBISH_RESELL
A06656,Desktop,Gurugram,5.0,3,4,0,57.0,,4.0,1,8.0,HARVEST_PARTS
A06657,Mobile,Bengaluru,4.3,1,3,0,80.0,61.0,3.0,1,0.2,REFURBISH_RESELL
A06658,Monitor,Hyderabad,4.1,2,3,0,83.0,,2.0,1,5.0,REFURBISH_RESELL
A06659,Laptop,Hyderabad,3.6,2,3,0,77.0,67.0,3.0,1,2.2,REFURBISH_RESELL
A06660,Laptop,Bengaluru,3.2,1,4,1,43.0,74.0,3.0,1,2.2,HARVEST_PARTS
A06661,Network,Bengaluru,3.0,1,3,0,83.0,,3.0,1,4.0,REFURBISH_RESELL
A06662,Laptop,Hyderabad,4.1,1,1,1,50.0,47.0,3.0,0,2.2,RECYCLE
A06663,Server,Pune,4.0,1,3,0,84.0,,3.0,1,25.0,REDEPLOY
A06664,Laptop,Mumbai,7.3,1,2,1,30.0,18.0,6.0,1,2.2,RECYCLE
A06665,Monitor,Noida,1.8,3,4,0,84.0,,1.0,1,5.0,REDEPLOY
A06666,Server,Mumbai,8.5,1,4,0,37.0,,7.0,1,25.0,HARVEST_PARTS
A06667,Desktop,Chennai,2.2,1,1,0,86.0,,1.0,1,8.0,REDEPLOY
A06668,Laptop,Gurugram,3.9,1,3,0,80.0,70.0,5.0,1,2.2,REFURBISH_RESELL
A06669,Server,Chennai,4.7,1,3,0,59.0,,4.0,1,25.0,REFURBISH_RESELL
A06670,Laptop,Gurugram,2.4,1,3,0,90.0,71.0,1.0,1,2.2,REDEPLOY
A06671,Laptop,Gurugram,2.2,3,2,1,78.0,73.0,3.0,1,2.2,HARVEST_PARTS
A06672,Desktop,Noida,3.7,1,1,0,80.0,,3.0,1,8.0,REFURBISH_RESELL
A06673,Laptop,Gurugram,5.3,1,4,0,67.0,62.0,5.0,1,2.2,REFURBISH_RESELL
A06674,Monitor,Bengaluru,5.9,1,4,0,50.0,,5.0,1,5.0,REFURBISH_RESELL
A06675,Laptop,Bengaluru,2.0,1,2,1,60.0,80.0,3.0,1,2.2,REFURBISH_RESELL
A06676,Laptop,Noida,3.6,1,4,0,78.0,60.0,3.0,0,2.2,HARVEST_PARTS
A06677,Network,Noida,1.5,1,3,1,74.0,,2.0,1,4.0,REFURBISH_RESELL
A06678,Laptop,Mumbai,2.5,1,4,0,81.0,81.0,3.0,1,2.2,REFURBISH_RESELL
A06679,Desktop,Hyderabad,6.7,1,3,1,33.0,,6.0,1,8.0,RECYCLE
A06680,Monitor,Bengaluru,4.6,1,3,1,54.0,,4.0,1,5.0,HARVEST_PARTS
A06681,Network,Noida,2.6,2,4,0,86.0,,3.0,1,4.0,REDEPLOY
A06682,Desktop,Chennai,6.4,2,4,1,25.0,,6.0,1,8.0,RECYCLE
A06683,Server,Gurugram,2.8,1,3,0,76.0,,3.0,1,25.0,REDEPLOY
A06684,Laptop,Chennai,3.9,2,3,0,67.0,67.0,5.0,1,2.2,REFURBISH_RESELL
A06685,Laptop,Bengaluru,1.3,1,2,0,91.0,86.0,1.0,1,2.2,REDEPLOY
A06686,Mobile,Bengaluru,2.6,1,2,0,85.0,75.0,2.0,1,0.2,REDEPLOY
A06687,Network,Noida,4.4,2,4,1,53.0,,3.0,1,4.0,HARVEST_PARTS
A06688,Desktop,Chennai,4.3,2,3,0,64.0,,3.0,1,8.0,REFURBISH_RESELL
A06689,Desktop,Bengaluru,3.2,1,2,0,76.0,,2.0,1,8.0,REFURBISH_RESELL
A06690,Desktop,Mumbai,3.7,1,3,0,70.0,,4.0,1,8.0,REFURBISH_RESELL
A06691,Laptop,Bengaluru,5.5,1,2,0,76.0,37.0,5.0,1,2.2,HARVEST_PARTS
A06692,Network,Kolkata,3.5,1,1,0,77.0,,3.0,1,4.0,REFURBISH_RESELL
A06693,Server,Chennai,4.7,1,3,1,30.0,,4.0,1,25.0,RECYCLE
A06694,Desktop,Hyderabad,2.9,2,4,0,81.0,,2.0,1,8.0,REDEPLOY
A06695,Laptop,Hyderabad,3.8,1,4,0,79.0,63.0,3.0,1,2.2,REDEPLOY
A06696,Laptop,Noida,1.3,2,4,0,93.0,85.0,-0.0,1,2.2,REDEPLOY
A06697,Laptop,Chennai,3.0,3,2,0,87.0,73.0,4.0,1,2.2,REFURBISH_RESELL
A06698,Monitor,Chennai,4.0,1,4,0,66.0,,3.0,1,5.0,REDEPLOY
A06699,Desktop,Pune,3.7,1,1,0,72.0,,3.0,1,8.0,HARVEST_PARTS
A06700,Laptop,Mumbai,2.9,1,3,0,75.0,79.0,2.0,1,2.2,REFURBISH_RESELL
A06701,Monitor,Noida,2.3,2,1,0,89.0,,1.0,1,5.0,REDEPLOY
A06702,Mobile,Noida,4.1,3,3,0,79.0,47.0,5.0,1,0.2,HARVEST_PARTS
A06703,Laptop,Bengaluru,3.7,3,4,0,75.0,69.0,2.0,1,2.2,REFURBISH_RESELL
A06704,Desktop,Pune,4.5,1,4,0,80.0,,4.0,1,8.0,REFURBISH_RESELL
A06705,Desktop,Pune,2.7,2,2,0,81.0,,4.0,1,8.0,REDEPLOY
A06706,Laptop,Chennai,5.1,1,4,0,71.0,62.0,4.0,1,2.2,REFURBISH_RESELL
A06707,Desktop,Bengaluru,2.1,2,2,0,90.0,,0.0,1,8.0,REDEPLOY
A06708,Monitor,Hyderabad,1.7,3,4,0,90.0,,1.0,1,5.0,REDEPLOY
A06709,Laptop,Hyderabad,6.7,2,3,1,5.0,27.0,6.0,1,2.2,RECYCLE
A06710,Laptop,Bengaluru,2.2,1,3,0,84.0,81.0,2.0,1,2.2,REDEPLOY
A06711,Network,Chennai,4.1,1,3,0,71.0,,3.0,1,4.0,REFURBISH_RESELL
A06712,Laptop,Pune,3.3,2,2,0,74.0,58.0,3.0,1,2.2,HARVEST_PARTS
A06713,Monitor,Kolkata,6.8,1,4,1,31.0,,7.0,1,5.0,RECYCLE
A06714,Monitor,Mumbai,5.2,1,1,0,64.0,,4.0,1,5.0,REFURBISH_RESELL
A06715,Server,Pune,1.8,2,3,0,89.0,,2.0,1,25.0,REDEPLOY
A06716,Monitor,Chennai,7.7,2,3,0,65.0,,6.0,1,5.0,RECYCLE
A06717,Server,Noida,6.0,2,1,0,53.0,,7.0,1,25.0,RECYCLE
A06718,Monitor,Mumbai,3.2,1,2,0,83.0,,4.0,1,5.0,REFURBISH_RESELL
A06719,Laptop,Pune,2.1,2,4,0,90.0,83.0,3.0,1,2.2,REDEPLOY
A06720,Laptop,Gurugram,4.3,2,4,0,63.0,58.0,5.0,1,2.2,HARVEST_PARTS
A06721,Laptop,Pune,4.4,1,1,0,68.0,43.0,3.0,1,2.2,HARVEST_PARTS
A06722,Laptop,Pune,1.4,1,3,0,90.0,84.0,1.0,1,2.2,REDEPLOY
A06723,Laptop,Pune,4.1,2,3,0,69.0,51.0,4.0,1,2.2,REFURBISH_RESELL
A06724,Laptop,Gurugram,5.8,1,4,0,67.0,48.0,5.0,1,2.2,HARVEST_PARTS
A06725,Laptop,Bengaluru,4.0,1,3,0,66.0,65.0,4.0,1,2.2,REFURBISH_RESELL
A06726,Laptop,Bengaluru,3.7,1,4,0,76.0,74.0,3.0,1,2.2,REDEPLOY
A06727,Laptop,Hyderabad,3.5,2,4,0,76.0,64.0,4.0,1,2.2,REFURBISH_RESELL
A06728,Monitor,Bengaluru,2.6,1,3,0,85.0,,4.0,1,5.0,REDEPLOY
A06729,Desktop,Bengaluru,6.3,1,4,1,11.0,,5.0,1,8.0,RECYCLE
A06730,Server,Pune,3.2,1,3,0,79.0,,2.0,1,25.0,REDEPLOY
A06731,Desktop,Bengaluru,4.3,1,3,0,82.0,,4.0,1,8.0,REDEPLOY
A06732,Network,Gurugram,1.9,1,2,0,84.0,,2.0,1,4.0,REDEPLOY
A06733,Monitor,Kolkata,3.6,1,4,0,78.0,,3.0,1,5.0,REDEPLOY
A06734,Laptop,Bengaluru,4.9,1,4,0,66.0,60.0,5.0,1,2.2,REFURBISH_RESELL
A06735,Mobile,Chennai,3.2,1,2,0,83.0,76.0,3.0,1,0.2,REFURBISH_RESELL
A06736,Laptop,Gurugram,3.2,1,3,1,72.0,74.0,2.0,1,2.2,HARVEST_PARTS
A06737,Desktop,Mumbai,3.8,1,4,1,43.0,,4.0,1,8.0,HARVEST_PARTS
A06738,Monitor,Gurugram,4.8,1,2,0,74.0,,5.0,1,5.0,REFURBISH_RESELL
A06739,Laptop,Mumbai,4.1,1,3,1,49.0,55.0,4.0,1,2.2,HARVEST_PARTS
A06740,Desktop,Mumbai,9.0,1,4,1,5.0,,10.0,1,8.0,RECYCLE
A06741,Laptop,Bengaluru,6.7,1,2,0,69.0,17.0,6.0,1,2.2,RECYCLE
A06742,Laptop,Chennai,2.9,1,3,0,79.0,70.0,2.0,1,2.2,REDEPLOY
A06743,Laptop,Bengaluru,6.1,1,3,0,47.0,29.0,6.0,1,2.2,RECYCLE
A06744,Laptop,Pune,1.4,1,2,0,92.0,85.0,-0.0,1,2.2,REDEPLOY
A06745,Laptop,Bengaluru,3.3,3,4,0,72.0,65.0,5.0,1,2.2,REFURBISH_RESELL
A06746,Monitor,Pune,1.7,1,3,0,89.0,,3.0,1,5.0,REDEPLOY
A06747,Desktop,Mumbai,5.0,2,4,0,71.0,,6.0,1,8.0,REFURBISH_RESELL
A06748,Desktop,Chennai,3.2,1,1,0,74.0,,1.0,1,8.0,REFURBISH_RESELL
A06749,Monitor,Noida,2.1,1,3,1,52.0,,2.0,0,5.0,HARVEST_PARTS
A06750,Laptop,Chennai,5.5,1,1,1,27.0,49.0,5.0,1,2.2,RECYCLE
A06751,Laptop,Mumbai,2.2,1,3,1,55.0,78.0,2.0,1,2.2,HARVEST_PARTS
A06752,Monitor,Pune,5.3,2,2,1,56.0,,5.0,1,5.0,RECYCLE
A06753,Mobile,Pune,4.3,1,2,0,71.0,65.0,5.0,1,0.2,REFURBISH_RESELL
A06754,Laptop,Noida,3.5,2,4,0,75.0,64.0,4.0,1,2.2,REFURBISH_RESELL
A06755,Laptop,Bengaluru,5.8,2,3,1,49.0,57.0,6.0,1,2.2,RECYCLE
A06756,Monitor,Hyderabad,2.4,2,4,0,81.0,,2.0,1,5.0,REDEPLOY
A06757,Network,Mumbai,1.5,1,4,0,87.0,,1.0,1,4.0,REDEPLOY
A06758,Laptop,Chennai,2.1,1,3,0,82.0,85.0,2.0,1,2.2,REDEPLOY
A06759,Laptop,Pune,9.0,2,2,0,38.0,26.0,7.0,1,2.2,RECYCLE
A06760,Laptop,Gurugram,2.6,1,4,0,81.0,68.0,2.0,1,2.2,REDEPLOY
A06761,Desktop,Kolkata,3.1,2,3,0,74.0,,4.0,1,8.0,REDEPLOY
A06762,Mobile,Noida,7.4,1,2,0,66.0,22.0,7.0,1,0.2,RECYCLE
A06763,Monitor,Noida,3.1,2,3,0,77.0,,4.0,1,5.0,REFURBISH_RESELL
A06764,Laptop,Bengaluru,5.1,2,4,0,65.0,45.0,5.0,1,2.2,HARVEST_PARTS
A06765,Monitor,Hyderabad,7.8,1,3,0,41.0,,8.0,1,5.0,RECYCLE
A06766,Server,Gurugram,4.7,3,4,0,77.0,,5.0,1,25.0,REFURBISH_RESELL
A06767,Desktop,Chennai,3.8,2,4,0,79.0,,5.0,1,8.0,REFURBISH_RESELL
A06768,Server,Bengaluru,5.6,1,4,0,52.0,,5.0,1,25.0,REFURBISH_RESELL
A06769,Laptop,Bengaluru,1.1,1,4,0,95.0,91.0,0.0,1,2.2,REDEPLOY
A06770,Laptop,Pune,3.1,2,3,1,59.0,78.0,1.0,1,2.2,HARVEST_PARTS
A06771,Desktop,Mumbai,6.8,2,3,0,48.0,,6.0,1,8.0,RECYCLE
A06772,Desktop,Bengaluru,2.6,3,1,0,86.0,,3.0,1,8.0,REFURBISH_RESELL
A06773,Mobile,Chennai,0.8,2,2,0,94.0,90.0,2.0,1,0.2,REDEPLOY
A06774,Desktop,Pune,4.1,1,1,0,65.0,,4.0,1,8.0,REFURBISH_RESELL
A06775,Laptop,Noida,5.1,1,3,1,43.0,40.0,6.0,1,2.2,RECYCLE
A06776,Laptop,Bengaluru,3.3,1,4,0,75.0,63.0,3.0,1,2.2,REFURBISH_RESELL
A06777,Desktop,Gurugram,5.1,1,4,0,55.0,,4.0,1,8.0,REFURBISH_RESELL
A06778,Laptop,Chennai,4.3,3,4,0,77.0,45.0,5.0,0,2.2,HARVEST_PARTS
A06779,Monitor,Hyderabad,10.0,2,2,0,14.0,,9.0,1,5.0,RECYCLE
A06780,Laptop,Bengaluru,5.6,3,3,0,74.0,50.0,5.0,1,2.2,HARVEST_PARTS
A06781,Laptop,Noida,4.3,2,4,1,57.0,54.0,5.0,1,2.2,RECYCLE
A06782,Monitor,Pune,1.3,2,2,0,94.0,,2.0,1,5.0,REDEPLOY
A06783,Laptop,Bengaluru,2.7,2,4,0,82.0,78.0,3.0,1,2.2,REDEPLOY
A06784,Monitor,Noida,2.2,2,3,0,91.0,,1.0,1,5.0,REDEPLOY
A06785,Desktop,Pune,7.3,1,3,0,35.0,,6.0,1,8.0,RECYCLE
A06786,Desktop,Hyderabad,2.1,2,4,0,83.0,,2.0,1,8.0,REDEPLOY
A06787,Monitor,Hyderabad,3.3,1,3,0,73.0,,3.0,1,5.0,REFURBISH_RESELL
A06788,Monitor,Gurugram,4.6,3,1,0,60.0,,4.0,1,5.0,REFURBISH_RESELL
A06789,Server,Mumbai,2.9,2,3,0,78.0,,3.0,1,25.0,REDEPLOY
A06790,Laptop,Noida,3.2,1,3,1,62.0,59.0,3.0,1,2.2,HARVEST_PARTS
A06791,Laptop,Noida,4.3,1,3,0,61.0,50.0,3.0,1,2.2,REDEPLOY
A06792,Monitor,Noida,2.6,1,3,0,85.0,,1.0,1,5.0,REDEPLOY
A06793,Desktop,Pune,4.1,2,4,0,66.0,,4.0,1,8.0,REFURBISH_RESELL
A06794,Monitor,Gurugram,5.5,1,3,1,46.0,,5.0,1,5.0,RECYCLE
A06795,Desktop,Noida,2.8,1,4,1,60.0,,2.0,1,8.0,HARVEST_PARTS
A06796,Monitor,Pune,2.2,1,3,1,60.0,,2.0,1,5.0,REFURBISH_RESELL
A06797,Laptop,Bengaluru,8.1,1,4,1,49.0,39.0,7.0,1,2.2,RECYCLE
A06798,Desktop,Mumbai,8.1,3,2,1,5.0,,7.0,1,8.0,RECYCLE
A06799,Laptop,Kolkata,3.7,2,4,0,83.0,73.0,4.0,1,2.2,REDEPLOY
A06800,Laptop,Kolkata,4.0,1,3,1,42.0,54.0,3.0,1,2.2,RECYCLE
A06801,Monitor,Chennai,4.0,3,3,1,49.0,,4.0,1,5.0,RECYCLE
A06802,Desktop,Mumbai,3.1,1,2,0,74.0,,2.0,1,8.0,REFURBISH_RESELL
A06803,Laptop,Hyderabad,3.7,3,1,0,71.0,57.0,3.0,1,2.2,HARVEST_PARTS
A06804,Network,Hyderabad,1.3,3,4,1,59.0,,2.0,1,4.0,REFURBISH_RESELL
A06805,Monitor,Gurugram,1.8,2,4,0,88.0,,1.0,1,5.0,REDEPLOY
A06806,Desktop,Pune,3.2,1,3,0,80.0,,4.0,1,8.0,REDEPLOY
A06807,Mobile,Bengaluru,2.8,2,4,0,78.0,73.0,3.0,1,0.2,REDEPLOY
A06808,Laptop,Chennai,2.0,1,4,0,88.0,80.0,2.0,1,2.2,REDEPLOY
A06809,Monitor,Kolkata,3.7,1,4,0,71.0,,4.0,0,5.0,HARVEST_PARTS
A06810,Laptop,Hyderabad,5.2,1,4,0,74.0,59.0,4.0,1,2.2,HARVEST_PARTS
A06811,Laptop,Chennai,2.6,1,3,0,79.0,81.0,3.0,1,2.2,REFURBISH_RESELL
A06812,Laptop,Hyderabad,1.0,1,3,0,92.0,89.0,-0.0,1,2.2,REDEPLOY
A06813,Laptop,Bengaluru,4.3,3,3,1,56.0,61.0,5.0,1,2.2,RECYCLE
A06814,Desktop,Mumbai,3.2,1,4,0,81.0,,2.0,1,8.0,REFURBISH_RESELL
A06815,Laptop,Chennai,5.6,1,4,0,58.0,33.0,6.0,1,2.2,HARVEST_PARTS
A06816,Monitor,Bengaluru,1.8,1,2,0,88.0,,1.0,1,5.0,REDEPLOY
A06817,Laptop,Kolkata,2.1,1,3,0,89.0,74.0,2.0,1,2.2,REDEPLOY
A06818,Laptop,Gurugram,3.1,2,2,0,80.0,70.0,3.0,1,2.2,REDEPLOY
A06819,Mobile,Mumbai,2.4,2,1,0,86.0,75.0,2.0,1,0.2,REFURBISH_RESELL
A06820,Monitor,Kolkata,6.4,2,3,0,69.0,,6.0,1,5.0,HARVEST_PARTS
A06821,Mobile,Pune,1.8,2,1,0,93.0,83.0,1.0,1,0.2,REDEPLOY
A06822,Desktop,Pune,3.1,2,4,0,77.0,,1.0,1,8.0,REDEPLOY
A06823,Laptop,Bengaluru,8.9,1,3,0,31.0,25.0,7.0,1,2.2,RECYCLE
A06824,Desktop,Chennai,1.7,1,3,0,91.0,,2.0,1,8.0,REDEPLOY
A06825,Desktop,Mumbai,3.8,1,4,0,66.0,,3.0,1,8.0,REDEPLOY
A06826,Laptop,Hyderabad,3.3,1,3,0,83.0,71.0,2.0,1,2.2,REFURBISH_RESELL
A06827,Network,Hyderabad,4.6,3,2,0,68.0,,6.0,1,4.0,HARVEST_PARTS
A06828,Monitor,Gurugram,4.4,2,1,1,53.0,,3.0,0,5.0,RECYCLE
A06829,Monitor,Hyderabad,4.3,1,3,0,67.0,,5.0,1,5.0,REDEPLOY
A06830,Desktop,Hyderabad,5.8,1,2,0,65.0,,4.0,1,8.0,HARVEST_PARTS
A06831,Monitor,Hyderabad,5.7,2,3,0,53.0,,4.0,1,5.0,HARVEST_PARTS
A06832,Laptop,Chennai,2.8,3,3,0,78.0,78.0,3.0,1,2.2,REFURBISH_RESELL
A06833,Mobile,Pune,2.7,3,3,0,86.0,67.0,3.0,1,0.2,REDEPLOY
A06834,Laptop,Gurugram,5.1,2,3,0,61.0,61.0,4.0,1,2.2,REFURBISH_RESELL
A06835,Laptop,Gurugram,4.1,2,3,0,77.0,55.0,2.0,1,2.2,REFURBISH_RESELL
A06836,Laptop,Noida,4.5,1,2,0,76.0,59.0,4.0,1,2.2,HARVEST_PARTS
A06837,Monitor,Bengaluru,3.9,1,4,1,49.0,,3.0,1,5.0,HARVEST_PARTS
A06838,Mobile,Mumbai,3.0,1,2,0,82.0,71.0,4.0,1,0.2,REFURBISH_RESELL
A06839,Network,Mumbai,5.0,2,3,0,80.0,,4.0,1,4.0,REFURBISH_RESELL
A06840,Monitor,Bengaluru,2.5,3,4,1,64.0,,2.0,1,5.0,REFURBISH_RESELL
A06841,Mobile,Hyderabad,9.0,3,2,0,33.0,5.0,8.0,1,0.2,RECYCLE
A06842,Monitor,Pune,8.6,1,3,0,50.0,,8.0,1,5.0,HARVEST_PARTS
A06843,Laptop,Chennai,10.0,1,2,0,28.0,5.0,8.0,1,2.2,RECYCLE
A06844,Monitor,Gurugram,4.2,1,4,1,35.0,,3.0,1,5.0,HARVEST_PARTS
A06845,Laptop,Hyderabad,3.2,1,4,0,72.0,65.0,3.0,1,2.2,REFURBISH_RESELL
A06846,Laptop,Pune,7.1,2,2,0,56.0,10.0,7.0,1,2.2,RECYCLE
A06847,Laptop,Gurugram,3.9,2,3,1,38.0,66.0,4.0,1,2.2,RECYCLE
A06848,Laptop,Noida,5.6,3,4,0,58.0,29.0,5.0,1,2.2,RECYCLE
A06849,Mobile,Gurugram,5.6,1,3,1,27.0,38.0,5.0,1,0.2,RECYCLE
A06850,Mobile,Noida,2.6,2,3,0,83.0,77.0,3.0,0,0.2,HARVEST_PARTS
A06851,Laptop,Chennai,4.9,3,1,0,61.0,47.0,5.0,1,2.2,RECYCLE
A06852,Monitor,Mumbai,5.5,2,4,0,60.0,,5.0,1,5.0,HARVEST_PARTS
A06853,Laptop,Chennai,3.7,1,3,0,73.0,65.0,3.0,1,2.2,REFURBISH_RESELL
A06854,Laptop,Noida,1.8,1,3,0,90.0,82.0,3.0,1,2.2,REDEPLOY
A06855,Laptop,Pune,7.2,1,4,0,43.0,45.0,7.0,1,2.2,RECYCLE
A06856,Laptop,Bengaluru,8.9,1,2,0,39.0,24.0,9.0,1,2.2,RECYCLE
A06857,Laptop,Pune,4.0,1,4,0,67.0,72.0,3.0,1,2.2,REFURBISH_RESELL
A06858,Laptop,Kolkata,3.3,2,4,0,84.0,73.0,2.0,1,2.2,REDEPLOY
A06859,Laptop,Gurugram,1.7,1,3,0,90.0,78.0,0.0,1,2.2,REDEPLOY
A06860,Laptop,Chennai,4.1,1,3,0,69.0,64.0,4.0,1,2.2,REFURBISH_RESELL
A06861,Mobile,Mumbai,3.1,1,1,0,74.0,68.0,2.0,1,0.2,REFURBISH_RESELL
A06862,Laptop,Bengaluru,1.7,2,3,0,86.0,82.0,1.0,1,2.2,REDEPLOY
A06863,Laptop,Hyderabad,5.8,1,4,0,59.0,35.0,6.0,1,2.2,RECYCLE
A06864,Desktop,Hyderabad,5.0,1,4,1,28.0,,5.0,1,8.0,RECYCLE
A06865,Laptop,Mumbai,2.9,2,3,0,82.0,77.0,2.0,0,2.2,HARVEST_PARTS
A06866,Desktop,Mumbai,8.1,1,4,0,61.0,,5.0,1,8.0,HARVEST_PARTS
A06867,Laptop,Hyderabad,3.8,1,4,0,76.0,59.0,2.0,1,2.2,REFURBISH_RESELL
A06868,Monitor,Mumbai,4.1,2,1,1,31.0,,5.0,1,5.0,RECYCLE
A06869,Desktop,Mumbai,3.5,1,2,0,79.0,,3.0,1,8.0,REFURBISH_RESELL
A06870,Monitor,Noida,6.2,1,3,1,37.0,,5.0,1,5.0,RECYCLE
A06871,Desktop,Gurugram,5.0,2,4,0,56.0,,5.0,1,8.0,HARVEST_PARTS
A06872,Laptop,Bengaluru,1.3,1,2,0,94.0,90.0,1.0,1,2.2,REDEPLOY
A06873,Laptop,Kolkata,3.9,1,3,0,83.0,51.0,3.0,1,2.2,REFURBISH_RESELL
A06874,Laptop,Mumbai,5.6,1,3,0,60.0,36.0,5.0,1,2.2,HARVEST_PARTS
A06875,Desktop,Kolkata,1.7,1,3,0,90.0,,2.0,1,8.0,REDEPLOY
A06876,Laptop,Noida,5.5,1,2,0,60.0,30.0,4.0,1,2.2,HARVEST_PARTS
A06877,Laptop,Kolkata,5.0,1,4,1,58.0,44.0,4.0,1,2.2,RECYCLE
A06878,Monitor,Mumbai,2.3,1,2,0,85.0,,1.0,1,5.0,REDEPLOY
A06879,Laptop,Gurugram,3.4,2,2,1,33.0,59.0,3.0,1,2.2,RECYCLE
A06880,Laptop,Noida,2.0,2,3,0,87.0,84.0,2.0,0,2.2,HARVEST_PARTS
A06881,Monitor,Noida,2.9,3,1,0,79.0,,3.0,1,5.0,REFURBISH_RESELL
A06882,Laptop,Gurugram,3.4,1,4,0,69.0,76.0,2.0,1,2.2,REDEPLOY
A06883,Server,Noida,5.2,1,2,0,69.0,,5.0,1,25.0,REFURBISH_RESELL
A06884,Mobile,Mumbai,5.7,1,3,0,77.0,42.0,5.0,1,0.2,HARVEST_PARTS
A06885,Mobile,Pune,4.3,1,3,0,68.0,52.0,4.0,1,0.2,REFURBISH_RESELL
A06886,Laptop,Hyderabad,3.3,1,3,0,76.0,60.0,1.0,1,2.2,REDEPLOY
A06887,Laptop,Hyderabad,5.5,1,3,0,68.0,60.0,6.0,1,2.2,HARVEST_PARTS
A06888,Monitor,Bengaluru,4.1,2,3,1,33.0,,4.0,1,5.0,HARVEST_PARTS
A06889,Monitor,Gurugram,4.5,1,3,0,65.0,,4.0,1,5.0,REFURBISH_RESELL
A06890,Monitor,Chennai,5.9,1,3,1,56.0,,7.0,1,5.0,RECYCLE
A06891,Laptop,Bengaluru,5.3,2,1,1,52.0,46.0,4.0,1,2.2,RECYCLE
A06892,Laptop,Chennai,4.5,1,2,0,67.0,53.0,5.0,1,2.2,HARVEST_PARTS
A06893,Laptop,Chennai,5.0,3,3,0,69.0,62.0,5.0,1,2.2,HARVEST_PARTS
A06894,Laptop,Bengaluru,2.9,2,3,0,87.0,65.0,2.0,1,2.2,REFURBISH_RESELL
A06895,Laptop,Gurugram,2.7,1,2,1,50.0,79.0,4.0,1,2.2,RECYCLE
A06896,Mobile,Gurugram,8.9,1,2,1,46.0,6.0,8.0,1,0.2,RECYCLE
A06897,Laptop,Hyderabad,2.6,3,3,0,89.0,77.0,2.0,0,2.2,HARVEST_PARTS
A06898,Monitor,Pune,5.9,2,2,0,57.0,,6.0,1,5.0,HARVEST_PARTS
A06899,Mobile,Chennai,3.3,3,4,0,71.0,72.0,3.0,0,0.2,HARVEST_PARTS
A06900,Laptop,Mumbai,5.2,1,4,0,59.0,63.0,4.0,1,2.2,REFURBISH_RESELL
A06901,Desktop,Hyderabad,1.2,2,3,0,92.0,,1.0,1,8.0,REDEPLOY
A06902,Monitor,Chennai,1.9,1,3,0,86.0,,2.0,1,5.0,REDEPLOY
A06903,Laptop,Gurugram,6.0,1,2,0,58.0,37.0,5.0,1,2.2,HARVEST_PARTS
A06904,Desktop,Bengaluru,1.6,1,2,0,92.0,,1.0,1,8.0,REDEPLOY
A06905,Server,Noida,2.9,2,2,0,83.0,,2.0,1,25.0,REDEPLOY
A06906,Monitor,Gurugram,7.3,1,4,0,53.0,,6.0,1,5.0,HARVEST_PARTS
A06907,Server,Bengaluru,5.7,2,2,0,69.0,,6.0,1,25.0,HARVEST_PARTS
A06908,Mobile,Bengaluru,3.2,1,1,0,72.0,71.0,3.0,1,0.2,REFURBISH_RESELL
A06909,Laptop,Hyderabad,2.6,3,4,0,86.0,73.0,2.0,1,2.2,REDEPLOY
A06910,Monitor,Noida,7.8,1,4,0,42.0,,6.0,1,5.0,HARVEST_PARTS
A06911,Monitor,Bengaluru,2.7,3,2,0,85.0,,3.0,1,5.0,REFURBISH_RESELL
A06912,Monitor,Gurugram,4.5,2,4,0,71.0,,4.0,1,5.0,REFURBISH_RESELL
A06913,Monitor,Gurugram,7.0,1,2,0,47.0,,6.0,1,5.0,HARVEST_PARTS
A06914,Monitor,Chennai,4.8,2,3,0,63.0,,5.0,1,5.0,HARVEST_PARTS
A06915,Network,Bengaluru,7.0,2,3,1,42.0,,6.0,0,4.0,RECYCLE
A06916,Laptop,Chennai,3.2,1,1,0,78.0,70.0,3.0,1,2.2,REFURBISH_RESELL
A06917,Monitor,Hyderabad,2.2,1,3,0,84.0,,2.0,1,5.0,REDEPLOY
A06918,Laptop,Mumbai,5.3,3,3,0,78.0,32.0,5.0,1,2.2,RECYCLE
A06919,Desktop,Noida,6.6,3,4,0,49.0,,6.0,1,8.0,HARVEST_PARTS
A06920,Monitor,Bengaluru,5.0,2,4,1,54.0,,5.0,1,5.0,RECYCLE
A06921,Monitor,Gurugram,2.4,1,3,0,83.0,,3.0,1,5.0,REDEPLOY
A06922,Laptop,Kolkata,10.0,1,3,0,50.0,5.0,9.0,1,2.2,RECYCLE
A06923,Desktop,Mumbai,2.0,1,4,0,87.0,,3.0,1,8.0,REDEPLOY
A06924,Laptop,Noida,4.2,2,3,0,71.0,65.0,4.0,1,2.2,HARVEST_PARTS
A06925,Laptop,Hyderabad,7.0,1,3,1,47.0,43.0,6.0,1,2.2,RECYCLE
A06926,Laptop,Hyderabad,4.0,1,2,1,41.0,63.0,5.0,1,2.2,RECYCLE
A06927,Mobile,Mumbai,5.4,2,4,0,77.0,48.0,4.0,1,0.2,HARVEST_PARTS
A06928,Laptop,Gurugram,1.5,3,2,0,90.0,86.0,1.0,1,2.2,REDEPLOY
A06929,Mobile,Chennai,5.3,1,1,0,77.0,50.0,5.0,1,0.2,RECYCLE
A06930,Laptop,Chennai,2.3,1,4,1,72.0,79.0,3.0,1,2.2,REFURBISH_RESELL
A06931,Monitor,Hyderabad,4.3,1,3,0,64.0,,4.0,1,5.0,REDEPLOY
A06932,Desktop,Gurugram,1.9,1,2,0,88.0,,2.0,1,8.0,REFURBISH_RESELL
A06933,Monitor,Pune,5.5,1,4,0,51.0,,5.0,0,5.0,HARVEST_PARTS
A06934,Monitor,Mumbai,4.9,1,2,1,23.0,,4.0,1,5.0,RECYCLE
A06935,Monitor,Chennai,4.2,1,1,0,63.0,,3.0,1,5.0,REFURBISH_RESELL
A06936,Mobile,Pune,6.1,2,3,1,37.0,51.0,5.0,1,0.2,RECYCLE
A06937,Desktop,Hyderabad,5.2,1,4,0,57.0,,6.0,1,8.0,REFURBISH_RESELL
A06938,Laptop,Gurugram,1.9,2,4,1,52.0,83.0,2.0,1,2.2,HARVEST_PARTS
A06939,Laptop,Pune,6.0,1,3,1,25.0,37.0,6.0,1,2.2,RECYCLE
A06940,Monitor,Chennai,5.2,2,4,0,70.0,,3.0,1,5.0,REFURBISH_RESELL
A06941,Desktop,Kolkata,2.6,2,2,0,79.0,,2.0,1,8.0,REFURBISH_RESELL
A06942,Desktop,Gurugram,3.9,2,3,0,75.0,,3.0,1,8.0,REFURBISH_RESELL
A06943,Desktop,Pune,3.1,1,3,0,87.0,,3.0,1,8.0,REDEPLOY
A06944,Laptop,Mumbai,9.4,2,3,1,5.0,5.0,10.0,1,2.2,RECYCLE
A06945,Monitor,Hyderabad,2.2,3,4,1,65.0,,3.0,1,5.0,REFURBISH_RESELL
A06946,Monitor,Chennai,3.2,1,2,0,76.0,,3.0,1,5.0,REDEPLOY
A06947,Monitor,Pune,3.8,1,2,1,37.0,,2.0,1,5.0,HARVEST_PARTS
A06948,Monitor,Chennai,4.2,1,3,0,63.0,,4.0,1,5.0,REDEPLOY
A06949,Network,Mumbai,3.2,3,3,0,75.0,,3.0,1,4.0,REFURBISH_RESELL
A06950,Desktop,Mumbai,4.1,1,4,0,72.0,,4.0,1,8.0,REFURBISH_RESELL
A06951,Mobile,Kolkata,5.0,1,3,0,76.0,36.0,4.0,1,0.2,HARVEST_PARTS
A06952,Laptop,Gurugram,2.7,3,1,0,80.0,74.0,3.0,1,2.2,REFURBISH_RESELL
A06953,Monitor,Hyderabad,3.2,1,2,0,79.0,,3.0,1,5.0,REFURBISH_RESELL
A06954,Monitor,Hyderabad,8.4,1,4,0,44.0,,7.0,1,5.0,RECYCLE
A06955,Desktop,Noida,0.7,2,3,0,95.0,,2.0,1,8.0,REDEPLOY
A06956,Laptop,Bengaluru,6.1,1,1,0,52.0,32.0,6.0,1,2.2,RECYCLE
A06957,Desktop,Hyderabad,6.0,1,3,0,68.0,,6.0,1,8.0,HARVEST_PARTS
A06958,Laptop,Kolkata,1.8,1,3,1,52.0,80.0,2.0,1,2.2,HARVEST_PARTS
A06959,Mobile,Pune,9.1,2,3,1,35.0,5.0,9.0,1,0.2,RECYCLE
A06960,Laptop,Noida,3.7,2,4,0,71.0,55.0,5.0,1,2.2,REFURBISH_RESELL
A06961,Laptop,Mumbai,6.4,1,1,0,60.0,53.0,6.0,1,2.2,RECYCLE
A06962,Desktop,Mumbai,4.3,1,3,1,42.0,,3.0,1,8.0,RECYCLE
A06963,Laptop,Bengaluru,1.5,3,4,0,90.0,88.0,1.0,1,2.2,REDEPLOY
A06964,Laptop,Bengaluru,3.3,1,4,0,73.0,70.0,3.0,1,2.2,REFURBISH_RESELL
A06965,Desktop,Hyderabad,6.2,3,4,0,57.0,,4.0,1,8.0,REFURBISH_RESELL
A06966,Desktop,Chennai,6.2,3,3,0,45.0,,5.0,1,8.0,HARVEST_PARTS
A06967,Laptop,Kolkata,4.4,1,2,1,43.0,56.0,5.0,1,2.2,RECYCLE
A06968,Desktop,Noida,2.2,2,3,0,86.0,,3.0,1,8.0,REDEPLOY
A06969,Desktop,Bengaluru,6.5,2,3,0,72.0,,7.0,1,8.0,RECYCLE
A06970,Monitor,Mumbai,2.7,2,2,0,83.0,,2.0,1,5.0,REFURBISH_RESELL
A06971,Laptop,Gurugram,4.3,2,2,1,43.0,68.0,3.0,1,2.2,RECYCLE
A06972,Laptop,Pune,5.1,1,3,0,65.0,59.0,4.0,1,2.2,HARVEST_PARTS
A06973,Mobile,Bengaluru,5.4,3,3,0,69.0,54.0,6.0,1,0.2,RECYCLE
A06974,Desktop,Mumbai,5.0,1,4,0,72.0,,4.0,1,8.0,REFURBISH_RESELL
A06975,Laptop,Kolkata,2.5,2,2,1,52.0,73.0,3.0,1,2.2,HARVEST_PARTS
A06976,Server,Pune,3.2,3,4,0,82.0,,4.0,1,25.0,REFURBISH_RESELL
A06977,Laptop,Chennai,2.5,1,2,0,79.0,71.0,2.0,1,2.2,REDEPLOY
A06978,Monitor,Chennai,5.6,2,3,0,55.0,,4.0,1,5.0,HARVEST_PARTS
A06979,Monitor,Pune,5.2,2,4,0,71.0,,6.0,1,5.0,REFURBISH_RESELL
A06980,Mobile,Chennai,2.7,3,4,0,84.0,74.0,3.0,1,0.2,REFURBISH_RESELL
A06981,Mobile,Gurugram,5.9,1,1,0,55.0,25.0,5.0,1,0.2,RECYCLE
A06982,Laptop,Hyderabad,5.9,2,3,0,65.0,41.0,5.0,1,2.2,HARVEST_PARTS
A06983,Monitor,Mumbai,6.9,1,3,0,71.0,,7.0,1,5.0,HARVEST_PARTS
A06984,Laptop,Bengaluru,5.1,1,1,0,67.0,37.0,4.0,1,2.2,HARVEST_PARTS
A06985,Monitor,Chennai,5.3,1,3,0,65.0,,4.0,1,5.0,REFURBISH_RESELL
A06986,Desktop,Hyderabad,3.3,1,2,0,81.0,,2.0,1,8.0,REFURBISH_RESELL
A06987,Laptop,Mumbai,3.7,1,2,0,84.0,57.0,4.0,1,2.2,REFURBISH_RESELL
A06988,Laptop,Pune,6.6,1,2,0,59.0,30.0,6.0,1,2.2,RECYCLE
A06989,Laptop,Gurugram,2.9,1,4,0,74.0,63.0,4.0,1,2.2,REFURBISH_RESELL
A06990,Laptop,Hyderabad,2.6,1,1,0,78.0,72.0,0.0,1,2.2,REDEPLOY
A06991,Laptop,Noida,5.3,3,3,0,57.0,34.0,5.0,1,2.2,HARVEST_PARTS
A06992,Mobile,Chennai,1.3,1,3,0,92.0,87.0,1.0,1,0.2,REDEPLOY
A06993,Desktop,Chennai,2.9,1,2,0,86.0,,1.0,1,8.0,REDEPLOY
A06994,Monitor,Pune,7.0,2,4,0,38.0,,6.0,1,5.0,HARVEST_PARTS
A06995,Server,Bengaluru,7.7,3,4,1,25.0,,7.0,1,25.0,RECYCLE
A06996,Monitor,Bengaluru,6.2,2,3,0,69.0,,6.0,1,5.0,HARVEST_PARTS
A06997,Laptop,Hyderabad,4.2,1,3,0,74.0,70.0,5.0,1,2.2,REFURBISH_RESELL
A06998,Network,Bengaluru,2.6,1,3,0,82.0,,2.0,1,4.0,REDEPLOY
A06999,Monitor,Chennai,1.9,1,3,0,87.0,,2.0,1,5.0,REDEPLOY
A07000,Monitor,Bengaluru,3.4,2,1,0,75.0,,3.0,1,5.0,REFURBISH_RESELL
A07001,Mobile,Pune,1.9,1,4,0,83.0,78.0,1.0,1,0.2,REDEPLOY
A07002,Desktop,Gurugram,8.2,1,3,0,61.0,,8.0,1,8.0,RECYCLE
A07003,Desktop,Bengaluru,8.9,1,4,0,25.0,,9.0,1,8.0,RECYCLE
A07004,Network,Noida,3.3,1,1,0,82.0,,3.0,1,4.0,REFURBISH_RESELL
A07005,Desktop,Pune,3.5,1,4,0,76.0,,4.0,1,8.0,REDEPLOY
A07006,Server,Chennai,5.8,1,3,1,29.0,,5.0,1,25.0,HARVEST_PARTS
A07007,Laptop,Chennai,1.7,1,1,0,87.0,84.0,2.0,1,2.2,REDEPLOY
A07008,Laptop,Pune,3.6,1,3,0,79.0,67.0,3.0,1,2.2,REFURBISH_RESELL
A07009,Desktop,Pune,4.0,1,4,0,82.0,,3.0,1,8.0,REDEPLOY
A07010,Laptop,Bengaluru,1.9,1,1,0,84.0,87.0,2.0,1,2.2,REDEPLOY
A07011,Mobile,Kolkata,2.5,2,4,0,88.0,80.0,2.0,1,0.2,REDEPLOY
A07012,Laptop,Hyderabad,3.0,1,3,0,84.0,66.0,4.0,1,2.2,REFURBISH_RESELL
A07013,Monitor,Pune,6.4,1,4,0,72.0,,7.0,1,5.0,REFURBISH_RESELL
A07014,Laptop,Bengaluru,7.6,2,3,0,50.0,27.0,7.0,1,2.2,RECYCLE
A07015,Mobile,Bengaluru,5.0,1,4,0,65.0,46.0,5.0,1,0.2,HARVEST_PARTS
A07016,Laptop,Bengaluru,3.9,1,2,0,74.0,71.0,3.0,1,2.2,REDEPLOY
A07017,Laptop,Pune,7.0,1,3,0,69.0,22.0,6.0,1,2.2,RECYCLE
A07018,Laptop,Bengaluru,6.0,3,3,0,51.0,30.0,6.0,1,2.2,RECYCLE
A07019,Desktop,Pune,10.0,1,2,0,57.0,,8.0,1,8.0,RECYCLE
A07020,Mobile,Chennai,1.6,1,2,0,86.0,82.0,1.0,1,0.2,REDEPLOY
A07021,Mobile,Hyderabad,4.1,1,3,0,76.0,60.0,3.0,1,0.2,REDEPLOY
A07022,Laptop,Bengaluru,3.0,2,3,0,79.0,71.0,2.0,1,2.2,REFURBISH_RESELL
A07023,Desktop,Mumbai,1.7,1,3,0,87.0,,1.0,1,8.0,REDEPLOY
A07024,Laptop,Gurugram,4.1,2,3,0,73.0,47.0,3.0,1,2.2,HARVEST_PARTS
A07025,Desktop,Mumbai,9.7,1,2,1,5.0,,8.0,1,8.0,RECYCLE
A07026,Desktop,Bengaluru,2.3,1,4,0,82.0,,2.0,1,8.0,REDEPLOY
A07027,Laptop,Gurugram,10.0,2,3,0,31.0,6.0,9.0,1,2.2,RECYCLE
A07028,Monitor,Pune,6.0,1,2,0,76.0,,6.0,1,5.0,REFURBISH_RESELL
A07029,Network,Bengaluru,7.1,1,1,0,49.0,,7.0,1,4.0,RECYCLE
A07030,Laptop,Gurugram,7.1,2,4,0,44.0,18.0,7.0,1,2.2,RECYCLE
A07031,Laptop,Noida,5.0,3,4,0,60.0,38.0,4.0,1,2.2,HARVEST_PARTS
A07032,Laptop,Chennai,3.3,1,2,0,78.0,62.0,4.0,1,2.2,REFURBISH_RESELL
A07033,Laptop,Kolkata,1.9,2,1,0,89.0,79.0,2.0,1,2.2,REDEPLOY
A07034,Laptop,Pune,2.3,1,2,0,87.0,84.0,2.0,1,2.2,REDEPLOY
A07035,Monitor,Noida,5.3,2,3,1,52.0,,5.0,0,5.0,RECYCLE
A07036,Laptop,Hyderabad,3.4,2,4,0,75.0,64.0,3.0,1,2.2,REFURBISH_RESELL
A07037,Monitor,Chennai,2.4,2,1,0,82.0,,4.0,1,5.0,REFURBISH_RESELL
A07038,Network,Hyderabad,4.6,1,2,0,68.0,,4.0,1,4.0,HARVEST_PARTS
A07039,Mobile,Bengaluru,4.8,1,2,0,62.0,48.0,5.0,1,0.2,HARVEST_PARTS
A07040,Monitor,Pune,5.8,1,2,0,63.0,,5.0,1,5.0,REFURBISH_RESELL
A07041,Laptop,Pune,2.7,2,2,0,82.0,66.0,3.0,1,2.2,REFURBISH_RESELL
A07042,Laptop,Bengaluru,3.9,2,4,0,67.0,62.0,3.0,1,2.2,HARVEST_PARTS
A07043,Laptop,Gurugram,2.7,1,4,0,82.0,69.0,1.0,1,2.2,REDEPLOY
A07044,Mobile,Chennai,2.1,1,4,0,88.0,76.0,2.0,1,0.2,REDEPLOY
A07045,Mobile,Bengaluru,6.6,2,1,0,60.0,45.0,7.0,1,0.2,RECYCLE
A07046,Laptop,Bengaluru,6.4,1,3,1,32.0,39.0,4.0,0,2.2,RECYCLE
A07047,Laptop,Bengaluru,1.6,3,3,0,92.0,88.0,1.0,1,2.2,REDEPLOY
A07048,Desktop,Bengaluru,4.2,1,3,0,70.0,,4.0,1,8.0,REFURBISH_RESELL
A07049,Laptop,Bengaluru,7.0,2,3,0,71.0,45.0,6.0,1,2.2,RECYCLE
A07050,Mobile,Hyderabad,5.9,1,3,0,67.0,55.0,6.0,1,0.2,HARVEST_PARTS
A07051,Laptop,Hyderabad,2.5,1,1,1,61.0,72.0,2.0,1,2.2,HARVEST_PARTS
A07052,Laptop,Pune,7.4,3,3,1,49.0,26.0,7.0,1,2.2,RECYCLE
A07053,Laptop,Mumbai,7.0,2,2,0,37.0,35.0,8.0,1,2.2,RECYCLE
A07054,Laptop,Noida,4.8,1,4,0,66.0,62.0,3.0,1,2.2,REFURBISH_RESELL
A07055,Laptop,Bengaluru,3.6,3,3,1,46.0,66.0,4.0,1,2.2,RECYCLE
A07056,Network,Gurugram,2.5,1,4,0,83.0,,2.0,1,4.0,REDEPLOY
A07057,Laptop,Chennai,4.1,2,4,0,68.0,49.0,3.0,1,2.2,HARVEST_PARTS
A07058,Desktop,Mumbai,7.9,1,3,0,41.0,,8.0,1,8.0,RECYCLE
A07059,Laptop,Noida,2.6,3,4,0,79.0,71.0,2.0,1,2.2,REDEPLOY
A07060,Laptop,Kolkata,8.2,3,3,0,57.0,5.0,7.0,1,2.2,RECYCLE
A07061,Laptop,Noida,5.7,1,4,1,38.0,47.0,5.0,1,2.2,RECYCLE
A07062,Laptop,Mumbai,4.1,1,1,0,73.0,64.0,3.0,1,2.2,HARVEST_PARTS
A07063,Laptop,Hyderabad,7.1,2,4,0,59.0,35.0,7.0,1,2.2,HARVEST_PARTS
A07064,Laptop,Noida,4.0,1,2,0,79.0,62.0,4.0,1,2.2,REFURBISH_RESELL
A07065,Server,Bengaluru,3.7,1,2,0,85.0,,3.0,1,25.0,REDEPLOY
A07066,Monitor,Hyderabad,6.4,2,1,1,45.0,,5.0,1,5.0,RECYCLE
A07067,Mobile,Noida,0.7,1,3,0,96.0,94.0,1.0,1,0.2,REDEPLOY
A07068,Laptop,Bengaluru,4.2,3,3,0,66.0,56.0,4.0,1,2.2,HARVEST_PARTS
A07069,Monitor,Bengaluru,4.0,2,3,0,70.0,,3.0,1,5.0,REFURBISH_RESELL
A07070,Monitor,Hyderabad,3.0,1,2,1,52.0,,2.0,0,5.0,HARVEST_PARTS
A07071,Laptop,Kolkata,3.7,1,2,0,72.0,58.0,4.0,1,2.2,HARVEST_PARTS
A07072,Laptop,Chennai,8.7,2,3,1,45.0,25.0,7.0,0,2.2,RECYCLE
A07073,Desktop,Chennai,1.0,1,2,1,79.0,,1.0,1,8.0,REFURBISH_RESELL
A07074,Monitor,Gurugram,2.5,3,1,0,86.0,,3.0,1,5.0,REFURBISH_RESELL
A07075,Desktop,Noida,2.8,1,4,0,88.0,,1.0,1,8.0,REDEPLOY
A07076,Laptop,Pune,3.9,1,3,0,67.0,65.0,4.0,1,2.2,REFURBISH_RESELL
A07077,Mobile,Hyderabad,3.6,1,4,0,78.0,60.0,3.0,1,0.2,REFURBISH_RESELL
A07078,Laptop,Bengaluru,4.5,1,3,1,58.0,64.0,6.0,1,2.2,RECYCLE
A07079,Mobile,Hyderabad,1.3,1,2,0,90.0,86.0,3.0,1,0.2,REDEPLOY
A07080,Server,Bengaluru,4.4,1,3,0,71.0,,5.0,1,25.0,REFURBISH_RESELL
A07081,Server,Gurugram,8.7,1,4,0,27.0,,7.0,1,25.0,RECYCLE
A07082,Monitor,Bengaluru,4.2,1,2,0,69.0,,3.0,1,5.0,REFURBISH_RESELL
A07083,Laptop,Noida,3.6,1,4,1,56.0,55.0,3.0,1,2.2,HARVEST_PARTS
A07084,Monitor,Pune,3.9,1,3,0,70.0,,4.0,1,5.0,REFURBISH_RESELL
A07085,Monitor,Hyderabad,3.4,1,4,0,73.0,,4.0,1,5.0,REDEPLOY
A07086,Monitor,Hyderabad,5.7,1,1,1,44.0,,5.0,1,5.0,RECYCLE
A07087,Laptop,Noida,4.8,3,3,0,78.0,48.0,2.0,1,2.2,HARVEST_PARTS
A07088,Laptop,Hyderabad,4.6,1,2,0,70.0,59.0,4.0,1,2.2,HARVEST_PARTS
A07089,Laptop,Bengaluru,7.1,1,3,0,52.0,32.0,5.0,1,2.2,HARVEST_PARTS
A07090,Desktop,Bengaluru,5.8,3,3,0,70.0,,5.0,1,8.0,HARVEST_PARTS
A07091,Desktop,Chennai,1.0,2,4,0,95.0,,1.0,1,8.0,REDEPLOY
A07092,Server,Gurugram,3.3,1,3,0,81.0,,2.0,1,25.0,REDEPLOY
A07093,Monitor,Bengaluru,2.0,3,2,0,88.0,,3.0,1,5.0,REDEPLOY
A07094,Monitor,Gurugram,2.7,3,3,0,81.0,,2.0,1,5.0,REDEPLOY
A07095,Laptop,Mumbai,3.0,2,4,0,84.0,66.0,3.0,1,2.2,REFURBISH_RESELL
A07096,Desktop,Chennai,2.7,2,3,0,88.0,,3.0,1,8.0,REDEPLOY
A07097,Laptop,Hyderabad,5.9,2,3,0,67.0,37.0,5.0,1,2.2,HARVEST_PARTS
A07098,Laptop,Chennai,5.4,3,2,0,72.0,39.0,5.0,1,2.2,HARVEST_PARTS
A07099,Laptop,Bengaluru,3.3,1,2,0,77.0,58.0,2.0,1,2.2,REDEPLOY
A07100,Laptop,Hyderabad,5.3,2,3,0,69.0,63.0,5.0,1,2.2,REFURBISH_RESELL
A07101,Laptop,Mumbai,5.0,1,2,1,28.0,60.0,4.0,1,2.2,RECYCLE
A07102,Desktop,Gurugram,4.3,2,3,0,75.0,,4.0,1,8.0,HARVEST_PARTS
A07103,Laptop,Bengaluru,3.8,3,3,0,74.0,72.0,3.0,1,2.2,HARVEST_PARTS
A07104,Laptop,Chennai,1.6,1,3,0,94.0,81.0,1.0,1,2.2,REDEPLOY
A07105,Laptop,Mumbai,6.2,1,2,1,33.0,47.0,6.0,1,2.2,RECYCLE
A07106,Monitor,Bengaluru,4.0,2,4,0,83.0,,4.0,1,5.0,REDEPLOY
A07107,Desktop,Gurugram,4.6,2,4,0,64.0,,4.0,1,8.0,REFURBISH_RESELL
A07108,Laptop,Hyderabad,4.4,2,2,1,41.0,64.0,6.0,1,2.2,RECYCLE
A07109,Laptop,Mumbai,3.1,3,3,1,55.0,61.0,2.0,1,2.2,HARVEST_PARTS
A07110,Mobile,Mumbai,3.0,1,4,0,88.0,77.0,2.0,1,0.2,REDEPLOY
A07111,Desktop,Hyderabad,3.7,2,2,0,80.0,,5.0,1,8.0,REFURBISH_RESELL
A07112,Monitor,Noida,5.8,2,4,1,49.0,,6.0,1,5.0,HARVEST_PARTS
A07113,Desktop,Bengaluru,3.9,1,2,0,83.0,,4.0,1,8.0,REFURBISH_RESELL
A07114,Server,Bengaluru,1.4,1,3,0,90.0,,2.0,1,25.0,REDEPLOY
A07115,Network,Noida,4.8,2,2,0,65.0,,5.0,1,4.0,RECYCLE
A07116,Laptop,Gurugram,3.2,2,2,0,77.0,69.0,2.0,1,2.2,REFURBISH_RESELL
A07117,Monitor,Pune,2.7,2,4,0,87.0,,2.0,1,5.0,REDEPLOY
A07118,Laptop,Chennai,5.6,1,2,0,73.0,60.0,6.0,1,2.2,HARVEST_PARTS
A07119,Monitor,Mumbai,5.6,2,3,0,69.0,,4.0,1,5.0,REFURBISH_RESELL
A07120,Laptop,Bengaluru,4.3,1,2,0,74.0,54.0,3.0,1,2.2,HARVEST_PARTS
A07121,Laptop,Mumbai,3.5,1,4,1,68.0,70.0,5.0,1,2.2,HARVEST_PARTS
A07122,Mobile,Pune,3.2,2,2,0,73.0,62.0,2.0,1,0.2,REDEPLOY
A07123,Network,Pune,2.0,2,1,0,92.0,,2.0,1,4.0,REFURBISH_RESELL
A07124,Laptop,Mumbai,1.0,2,2,0,94.0,91.0,1.0,1,2.2,REDEPLOY
A07125,Mobile,Bengaluru,3.3,1,1,0,71.0,60.0,3.0,1,0.2,HARVEST_PARTS
A07126,Laptop,Hyderabad,3.4,2,3,0,70.0,71.0,2.0,1,2.2,REDEPLOY
A07127,Desktop,Bengaluru,7.8,3,2,0,56.0,,7.0,1,8.0,RECYCLE
A07128,Network,Bengaluru,2.6,1,3,0,81.0,,1.0,1,4.0,REDEPLOY
A07129,Laptop,Chennai,7.0,1,3,0,44.0,29.0,6.0,1,2.2,RECYCLE
A07130,Desktop,Hyderabad,3.1,3,3,0,84.0,,3.0,1,8.0,REFURBISH_RESELL
A07131,Monitor,Bengaluru,4.3,1,3,1,35.0,,4.0,1,5.0,HARVEST_PARTS
A07132,Laptop,Pune,4.7,2,1,0,58.0,51.0,5.0,1,2.2,RECYCLE
A07133,Laptop,Mumbai,5.1,2,2,1,23.0,54.0,4.0,1,2.2,RECYCLE
A07134,Laptop,Hyderabad,2.9,1,2,0,76.0,76.0,3.0,1,2.2,REDEPLOY
A07135,Monitor,Pune,3.5,3,3,0,75.0,,4.0,1,5.0,REFURBISH_RESELL
A07136,Laptop,Noida,4.1,1,2,0,71.0,70.0,3.0,1,2.2,REFURBISH_RESELL
A07137,Laptop,Noida,2.9,1,3,0,85.0,65.0,1.0,1,2.2,REDEPLOY
A07138,Monitor,Gurugram,6.7,1,3,0,46.0,,6.0,1,5.0,HARVEST_PARTS
A07139,Laptop,Mumbai,10.0,3,3,1,5.0,5.0,10.0,1,2.2,RECYCLE
A07140,Laptop,Hyderabad,4.7,1,3,0,71.0,65.0,5.0,1,2.2,REFURBISH_RESELL
A07141,Monitor,Noida,4.7,2,4,0,61.0,,4.0,1,5.0,REFURBISH_RESELL
A07142,Monitor,Noida,6.5,1,2,0,66.0,,6.0,1,5.0,HARVEST_PARTS
A07143,Laptop,Chennai,5.9,1,3,0,51.0,50.0,6.0,1,2.2,RECYCLE
A07144,Network,Pune,4.0,1,1,1,39.0,,4.0,1,4.0,RECYCLE
A07145,Monitor,Bengaluru,8.4,1,2,1,40.0,,8.0,1,5.0,RECYCLE
A07146,Laptop,Hyderabad,3.0,1,3,0,83.0,74.0,4.0,1,2.2,REDEPLOY
A07147,Monitor,Bengaluru,5.6,1,4,0,58.0,,6.0,1,5.0,HARVEST_PARTS
A07148,Monitor,Bengaluru,3.5,1,3,1,53.0,,3.0,1,5.0,HARVEST_PARTS
A07149,Monitor,Bengaluru,4.9,1,2,0,71.0,,5.0,1,5.0,REFURBISH_RESELL
A07150,Desktop,Hyderabad,3.3,2,3,0,83.0,,3.0,1,8.0,REFURBISH_RESELL
A07151,Monitor,Bengaluru,8.3,1,3,0,60.0,,8.0,1,5.0,HARVEST_PARTS
A07152,Mobile,Bengaluru,6.7,1,2,1,24.0,22.0,5.0,1,0.2,RECYCLE
A07153,Desktop,Chennai,4.8,1,4,1,57.0,,4.0,1,8.0,RECYCLE
A07154,Server,Chennai,5.9,3,3,0,64.0,,6.0,1,25.0,HARVEST_PARTS
A07155,Monitor,Chennai,2.6,2,2,0,87.0,,3.0,1,5.0,REDEPLOY
A07156,Network,Mumbai,1.9,3,3,0,89.0,,2.0,1,4.0,REDEPLOY
A07157,Mobile,Hyderabad,2.9,1,2,0,74.0,64.0,1.0,1,0.2,REDEPLOY
A07158,Laptop,Bengaluru,8.2,2,3,0,47.0,34.0,8.0,1,2.2,RECYCLE
A07159,Laptop,Bengaluru,3.3,1,3,0,75.0,65.0,3.0,1,2.2,REFURBISH_RESELL
A07160,Desktop,Mumbai,6.1,2,1,1,35.0,,4.0,1,8.0,RECYCLE
A07161,Laptop,Bengaluru,3.6,1,4,0,69.0,70.0,3.0,1,2.2,REDEPLOY
A07162,Desktop,Mumbai,3.7,2,3,0,69.0,,2.0,1,8.0,REDEPLOY
A07163,Monitor,Chennai,3.3,3,4,0,72.0,,3.0,1,5.0,REFURBISH_RESELL
A07164,Mobile,Mumbai,3.2,2,1,0,77.0,63.0,3.0,1,0.2,REFURBISH_RESELL
A07165,Laptop,Bengaluru,5.9,1,4,1,24.0,37.0,5.0,1,2.2,RECYCLE
A07166,Monitor,Bengaluru,3.2,2,4,0,75.0,,5.0,1,5.0,REFURBISH_RESELL
A07167,Laptop,Noida,3.2,2,4,0,71.0,61.0,3.0,1,2.2,REDEPLOY
A07168,Desktop,Gurugram,4.1,1,3,0,66.0,,5.0,1,8.0,REFURBISH_RESELL
A07169,Laptop,Gurugram,3.5,1,4,0,77.0,71.0,3.0,1,2.2,REFURBISH_RESELL
A07170,Desktop,Hyderabad,2.7,2,3,0,89.0,,2.0,1,8.0,REDEPLOY
A07171,Desktop,Chennai,5.6,1,3,0,50.0,,5.0,1,8.0,HARVEST_PARTS
A07172,Monitor,Pune,4.5,1,3,1,44.0,,5.0,1,5.0,HARVEST_PARTS
A07173,Monitor,Mumbai,3.1,3,3,1,53.0,,4.0,1,5.0,RECYCLE
A07174,Laptop,Mumbai,2.7,3,3,0,84.0,65.0,3.0,1,2.2,REFURBISH_RESELL
A07175,Laptop,Pune,6.6,1,3,1,39.0,40.0,5.0,1,2.2,RECYCLE
A07176,Laptop,Hyderabad,2.2,3,2,0,82.0,76.0,3.0,1,2.2,HARVEST_PARTS
A07177,Mobile,Hyderabad,1.0,3,3,1,63.0,88.0,1.0,1,0.2,HARVEST_PARTS
A07178,Mobile,Bengaluru,5.2,2,2,0,70.0,55.0,3.0,1,0.2,HARVEST_PARTS
A07179,Laptop,Mumbai,1.4,2,3,0,88.0,84.0,3.0,1,2.2,REDEPLOY
A07180,Laptop,Kolkata,4.2,3,1,0,73.0,52.0,4.0,1,2.2,HARVEST_PARTS
A07181,Laptop,Pune,4.3,2,2,1,37.0,50.0,4.0,1,2.2,RECYCLE
A07182,Monitor,Gurugram,2.0,1,3,0,87.0,,0.0,1,5.0,REDEPLOY
A07183,Laptop,Hyderabad,2.0,1,3,0,87.0,81.0,2.0,1,2.2,REDEPLOY
A07184,Laptop,Kolkata,4.4,1,4,1,63.0,66.0,3.0,1,2.2,RECYCLE
A07185,Laptop,Pune,2.0,1,1,1,66.0,80.0,3.0,1,2.2,HARVEST_PARTS
A07186,Laptop,Hyderabad,7.2,1,4,0,45.0,42.0,5.0,1,2.2,RECYCLE
A07187,Laptop,Hyderabad,3.2,1,3,0,72.0,75.0,4.0,1,2.2,REFURBISH_RESELL
A07188,Laptop,Hyderabad,7.8,1,3,0,35.0,23.0,8.0,1,2.2,RECYCLE
A07189,Monitor,Bengaluru,7.0,1,3,1,31.0,,7.0,1,5.0,RECYCLE
A07190,Desktop,Kolkata,3.8,3,3,0,68.0,,4.0,1,8.0,HARVEST_PARTS
A07191,Laptop,Pune,4.4,1,3,0,80.0,64.0,4.0,1,2.2,REDEPLOY
A07192,Desktop,Gurugram,6.4,2,4,1,20.0,,4.0,1,8.0,RECYCLE
A07193,Desktop,Gurugram,2.3,2,4,0,85.0,,2.0,1,8.0,REDEPLOY
A07194,Monitor,Hyderabad,3.3,3,3,0,82.0,,3.0,1,5.0,REDEPLOY
A07195,Mobile,Bengaluru,7.7,1,2,0,44.0,41.0,8.0,1,0.2,RECYCLE
A07196,Laptop,Bengaluru,6.0,1,3,0,49.0,47.0,6.0,1,2.2,HARVEST_PARTS
A07197,Network,Noida,3.6,2,1,1,54.0,,2.0,1,4.0,RECYCLE
A07198,Monitor,Chennai,4.5,2,4,0,77.0,,5.0,1,5.0,REFURBISH_RESELL
A07199,Monitor,Chennai,2.9,2,3,0,78.0,,3.0,1,5.0,REDEPLOY
A07200,Laptop,Bengaluru,3.4,1,3,1,66.0,58.0,1.0,0,2.2,HARVEST_PARTS
A07201,Laptop,Bengaluru,5.2,1,4,0,78.0,46.0,3.0,1,2.2,HARVEST_PARTS
A07202,Laptop,Gurugram,3.5,1,2,0,83.0,73.0,4.0,1,2.2,HARVEST_PARTS
A07203,Mobile,Mumbai,5.6,2,4,0,56.0,53.0,5.0,1,0.2,HARVEST_PARTS
A07204,Monitor,Chennai,2.0,1,3,0,91.0,,3.0,1,5.0,REDEPLOY
A07205,Laptop,Pune,5.2,1,4,0,60.0,55.0,6.0,1,2.2,REFURBISH_RESELL
A07206,Desktop,Gurugram,2.5,2,3,0,78.0,,3.0,1,8.0,REFURBISH_RESELL
A07207,Laptop,Chennai,3.8,1,2,0,71.0,67.0,3.0,1,2.2,HARVEST_PARTS
A07208,Laptop,Chennai,2.8,1,2,1,68.0,67.0,2.0,1,2.2,HARVEST_PARTS
A07209,Monitor,Gurugram,5.2,1,2,0,56.0,,5.0,1,5.0,HARVEST_PARTS
A07210,Desktop,Gurugram,2.1,2,4,0,83.0,,2.0,1,8.0,REDEPLOY
A07211,Monitor,Bengaluru,5.6,2,4,0,61.0,,6.0,1,5.0,REFURBISH_RESELL
A07212,Monitor,Kolkata,4.0,1,2,1,29.0,,2.0,1,5.0,HARVEST_PARTS
A07213,Monitor,Hyderabad,3.6,1,4,0,82.0,,3.0,1,5.0,REDEPLOY
A07214,Server,Gurugram,3.0,3,3,0,88.0,,3.0,1,25.0,REFURBISH_RESELL
A07215,Laptop,Mumbai,3.3,1,2,0,82.0,72.0,4.0,1,2.2,REFURBISH_RESELL
A07216,Monitor,Mumbai,6.9,1,3,0,62.0,,7.0,1,5.0,HARVEST_PARTS
A07217,Monitor,Chennai,3.0,3,3,0,85.0,,1.0,1,5.0,REDEPLOY
A07218,Laptop,Hyderabad,7.0,1,1,0,53.0,35.0,5.0,1,2.2,RECYCLE
A07219,Laptop,Kolkata,8.0,3,1,0,64.0,5.0,8.0,1,2.2,RECYCLE
A07220,Laptop,Noida,3.6,2,4,0,74.0,53.0,5.0,1,2.2,REFURBISH_RESELL
A07221,Laptop,Kolkata,1.9,2,2,1,70.0,76.0,2.0,0,2.2,HARVEST_PARTS
A07222,Desktop,Mumbai,6.2,2,3,0,63.0,,6.0,1,8.0,HARVEST_PARTS
A07223,Laptop,Kolkata,6.1,1,2,0,61.0,56.0,5.0,1,2.2,HARVEST_PARTS
A07224,Monitor,Mumbai,7.0,3,3,0,66.0,,6.0,1,5.0,HARVEST_PARTS
A07225,Laptop,Bengaluru,3.9,1,1,0,66.0,69.0,3.0,1,2.2,REFURBISH_RESELL
A07226,Laptop,Gurugram,4.7,1,2,1,48.0,60.0,4.0,1,2.2,RECYCLE
A07227,Laptop,Gurugram,3.3,1,3,0,84.0,69.0,2.0,1,2.2,REDEPLOY
A07228,Laptop,Mumbai,3.2,1,3,0,81.0,62.0,3.0,1,2.2,REFURBISH_RESELL
A07229,Mobile,Hyderabad,4.6,1,4,1,26.0,58.0,5.0,1,0.2,RECYCLE
A07230,Laptop,Chennai,6.4,1,4,0,57.0,21.0,6.0,1,2.2,HARVEST_PARTS
A07231,Laptop,Chennai,5.8,1,3,0,66.0,36.0,5.0,1,2.2,HARVEST_PARTS
A07232,Laptop,Bengaluru,4.1,3,3,1,60.0,69.0,3.0,1,2.2,RECYCLE
A07233,Laptop,Noida,6.7,2,3,1,31.0,14.0,7.0,1,2.2,RECYCLE
A07234,Monitor,Pune,2.1,1,3,0,87.0,,1.0,1,5.0,REDEPLOY
A07235,Monitor,Hyderabad,10.0,1,4,1,29.0,,9.0,1,5.0,RECYCLE
A07236,Laptop,Bengaluru,2.3,2,4,0,88.0,73.0,1.0,1,2.2,REDEPLOY
A07237,Monitor,Mumbai,4.0,2,4,0,67.0,,2.0,1,5.0,REDEPLOY
A07238,Desktop,Kolkata,4.5,1,3,0,76.0,,4.0,0,8.0,HARVEST_PARTS
A07239,Server,Hyderabad,4.6,3,3,0,69.0,,4.0,1,25.0,HARVEST_PARTS
A07240,Desktop,Hyderabad,6.4,1,4,0,52.0,,5.0,1,8.0,HARVEST_PARTS
A07241,Laptop,Hyderabad,2.7,1,4,1,48.0,67.0,2.0,1,2.2,REFURBISH_RESELL
A07242,Monitor,Noida,4.7,1,4,0,81.0,,3.0,1,5.0,REFURBISH_RESELL
A07243,Server,Noida,5.5,3,3,0,51.0,,5.0,0,25.0,HARVEST_PARTS
A07244,Desktop,Pune,6.8,2,1,0,45.0,,6.0,1,8.0,RECYCLE
A07245,Mobile,Mumbai,3.6,2,1,0,69.0,60.0,4.0,1,0.2,REFURBISH_RESELL
A07246,Network,Hyderabad,4.3,1,3,0,71.0,,5.0,0,4.0,HARVEST_PARTS
A07247,Laptop,Noida,4.1,1,3,0,79.0,56.0,4.0,1,2.2,REFURBISH_RESELL
A07248,Monitor,Chennai,5.4,1,3,0,64.0,,4.0,1,5.0,REFURBISH_RESELL
A07249,Monitor,Gurugram,5.4,1,3,0,58.0,,4.0,1,5.0,REFURBISH_RESELL
A07250,Desktop,Pune,3.5,3,2,0,76.0,,4.0,1,8.0,REFURBISH_RESELL
A07251,Desktop,Kolkata,4.0,2,4,0,75.0,,5.0,1,8.0,HARVEST_PARTS
A07252,Network,Pune,4.2,1,3,0,71.0,,4.0,1,4.0,REFURBISH_RESELL
A07253,Monitor,Chennai,2.5,3,1,0,87.0,,1.0,1,5.0,REDEPLOY
A07254,Desktop,Bengaluru,4.9,1,3,0,71.0,,5.0,1,8.0,HARVEST_PARTS
A07255,Laptop,Gurugram,4.8,1,3,0,70.0,56.0,5.0,1,2.2,REFURBISH_RESELL
A07256,Laptop,Bengaluru,2.5,1,2,0,80.0,68.0,3.0,1,2.2,REDEPLOY
A07257,Mobile,Noida,5.0,3,3,1,36.0,44.0,4.0,1,0.2,RECYCLE
A07258,Monitor,Hyderabad,10.0,1,1,1,5.0,,8.0,1,5.0,RECYCLE
A07259,Laptop,Bengaluru,2.8,1,4,0,75.0,64.0,2.0,1,2.2,REDEPLOY
A07260,Network,Noida,2.5,1,2,0,87.0,,3.0,1,4.0,REDEPLOY
A07261,Server,Noida,5.5,3,4,0,56.0,,4.0,1,25.0,REFURBISH_RESELL
A07262,Desktop,Gurugram,3.5,1,3,1,55.0,,3.0,1,8.0,HARVEST_PARTS
A07263,Laptop,Noida,6.4,2,4,1,44.0,49.0,5.0,1,2.2,RECYCLE
A07264,Desktop,Gurugram,3.9,3,3,0,81.0,,4.0,1,8.0,REFURBISH_RESELL
A07265,Laptop,Pune,3.1,2,3,0,80.0,70.0,2.0,1,2.2,REFURBISH_RESELL
A07266,Laptop,Kolkata,3.9,1,3,0,75.0,57.0,3.0,1,2.2,REFURBISH_RESELL
A07267,Monitor,Gurugram,5.4,1,1,0,68.0,,5.0,1,5.0,HARVEST_PARTS
A07268,Mobile,Hyderabad,5.4,1,2,0,77.0,54.0,6.0,1,0.2,HARVEST_PARTS
A07269,Laptop,Bengaluru,2.0,2,2,1,61.0,83.0,2.0,1,2.2,HARVEST_PARTS
A07270,Network,Pune,5.4,2,2,0,71.0,,5.0,1,4.0,HARVEST_PARTS
A07271,Mobile,Gurugram,4.2,1,4,1,54.0,64.0,4.0,1,0.2,HARVEST_PARTS
A07272,Laptop,Chennai,4.4,1,3,0,73.0,60.0,3.0,1,2.2,REFURBISH_RESELL
A07273,Laptop,Bengaluru,4.9,1,4,0,75.0,45.0,4.0,1,2.2,HARVEST_PARTS
A07274,Monitor,Bengaluru,2.4,1,3,0,83.0,,3.0,1,5.0,REDEPLOY
A07275,Monitor,Kolkata,2.0,1,4,0,87.0,,2.0,1,5.0,REDEPLOY
A07276,Laptop,Bengaluru,2.1,3,3,0,89.0,73.0,1.0,1,2.2,REDEPLOY
A07277,Monitor,Bengaluru,6.2,1,3,1,50.0,,6.0,1,5.0,RECYCLE
A07278,Monitor,Mumbai,6.2,1,4,0,71.0,,6.0,1,5.0,REFURBISH_RESELL
A07279,Monitor,Hyderabad,1.2,1,4,0,95.0,,-0.0,1,5.0,REDEPLOY
A07280,Monitor,Noida,4.0,3,2,1,46.0,,3.0,1,5.0,HARVEST_PARTS
A07281,Laptop,Gurugram,3.2,1,4,0,86.0,66.0,2.0,1,2.2,REFURBISH_RESELL
A07282,Laptop,Chennai,2.6,2,3,0,85.0,80.0,2.0,1,2.2,REFURBISH_RESELL
A07283,Laptop,Bengaluru,6.7,1,2,0,55.0,53.0,6.0,1,2.2,RECYCLE
A07284,Mobile,Hyderabad,7.4,2,3,1,28.0,31.0,7.0,1,0.2,RECYCLE
A07285,Mobile,Gurugram,4.5,1,4,0,62.0,55.0,3.0,1,0.2,REDEPLOY
A07286,Monitor,Hyderabad,3.1,3,2,0,74.0,,2.0,1,5.0,REFURBISH_RESELL
A07287,Laptop,Chennai,3.4,2,2,1,59.0,75.0,4.0,0,2.2,RECYCLE
A07288,Desktop,Bengaluru,2.4,1,3,0,80.0,,2.0,1,8.0,REFURBISH_RESELL
A07289,Laptop,Chennai,3.4,2,3,0,77.0,69.0,4.0,1,2.2,REFURBISH_RESELL
A07290,Laptop,Chennai,2.7,1,2,0,79.0,77.0,3.0,1,2.2,REFURBISH_RESELL
A07291,Laptop,Mumbai,7.1,1,3,0,44.0,34.0,9.0,1,2.2,RECYCLE
A07292,Server,Mumbai,1.6,1,3,0,90.0,,1.0,1,25.0,REDEPLOY
A07293,Laptop,Bengaluru,5.9,2,3,0,64.0,47.0,5.0,1,2.2,HARVEST_PARTS
A07294,Monitor,Hyderabad,2.7,2,4,0,79.0,,3.0,1,5.0,REDEPLOY
A07295,Mobile,Mumbai,5.4,2,3,0,56.0,39.0,5.0,1,0.2,HARVEST_PARTS
A07296,Monitor,Bengaluru,3.8,1,2,0,76.0,,4.0,1,5.0,REDEPLOY
A07297,Laptop,Gurugram,5.9,1,3,0,69.0,46.0,5.0,1,2.2,REFURBISH_RESELL
A07298,Mobile,Bengaluru,2.1,3,4,1,71.0,78.0,3.0,1,0.2,HARVEST_PARTS
A07299,Monitor,Bengaluru,3.1,1,3,0,76.0,,4.0,1,5.0,REDEPLOY
A07300,Desktop,Pune,3.5,1,2,0,73.0,,3.0,1,8.0,REFURBISH_RESELL
A07301,Monitor,Kolkata,4.2,2,4,0,75.0,,4.0,1,5.0,REFURBISH_RESELL
A07302,Network,Bengaluru,4.2,3,3,0,79.0,,4.0,1,4.0,HARVEST_PARTS
A07303,Desktop,Mumbai,2.4,1,4,0,84.0,,3.0,1,8.0,REFURBISH_RESELL
A07304,Desktop,Gurugram,2.0,1,2,1,61.0,,1.0,1,8.0,REFURBISH_RESELL
A07305,Desktop,Bengaluru,3.6,2,4,0,80.0,,4.0,1,8.0,REFURBISH_RESELL
A07306,Laptop,Hyderabad,3.9,1,3,1,49.0,55.0,3.0,1,2.2,HARVEST_PARTS
A07307,Monitor,Chennai,3.5,3,3,1,54.0,,3.0,1,5.0,HARVEST_PARTS
A07308,Laptop,Mumbai,1.6,1,3,0,87.0,83.0,2.0,1,2.2,REDEPLOY
A07309,Laptop,Chennai,4.0,1,1,0,76.0,48.0,3.0,1,2.2,HARVEST_PARTS
A07310,Laptop,Pune,5.0,1,1,0,76.0,58.0,5.0,1,2.2,HARVEST_PARTS
A07311,Laptop,Mumbai,4.5,1,3,1,32.0,51.0,5.0,1,2.2,RECYCLE
A07312,Laptop,Noida,3.8,1,3,1,51.0,55.0,4.0,1,2.2,HARVEST_PARTS
A07313,Monitor,Noida,4.3,1,3,0,76.0,,3.0,1,5.0,REDEPLOY
A07314,Laptop,Bengaluru,2.8,3,4,0,86.0,65.0,3.0,1,2.2,REDEPLOY
A07315,Laptop,Gurugram,6.7,1,3,1,41.0,41.0,6.0,1,2.2,RECYCLE
A07316,Network,Bengaluru,3.2,1,4,1,61.0,,3.0,1,4.0,HARVEST_PARTS
A07317,Mobile,Gurugram,5.1,1,4,0,60.0,45.0,4.0,1,0.2,HARVEST_PARTS
A07318,Desktop,Pune,7.7,1,3,0,53.0,,7.0,1,8.0,RECYCLE
A07319,Laptop,Gurugram,3.7,2,3,0,80.0,54.0,3.0,1,2.2,HARVEST_PARTS
A07320,Laptop,Gurugram,6.0,1,4,0,57.0,43.0,7.0,1,2.2,RECYCLE
A07321,Laptop,Gurugram,3.2,1,1,0,77.0,69.0,2.0,1,2.2,REDEPLOY
A07322,Laptop,Gurugram,6.0,2,4,0,59.0,39.0,6.0,1,2.2,HARVEST_PARTS
A07323,Mobile,Kolkata,7.1,1,4,0,45.0,12.0,6.0,0,0.2,RECYCLE
A07324,Monitor,Pune,2.7,2,3,0,84.0,,2.0,1,5.0,REDEPLOY
A07325,Laptop,Chennai,5.8,2,2,0,58.0,26.0,6.0,1,2.2,HARVEST_PARTS
A07326,Mobile,Noida,7.9,1,2,0,48.0,5.0,7.0,1,0.2,RECYCLE
A07327,Laptop,Gurugram,4.6,1,3,0,74.0,54.0,5.0,1,2.2,HARVEST_PARTS
A07328,Laptop,Gurugram,6.5,1,2,0,70.0,43.0,5.0,1,2.2,HARVEST_PARTS
A07329,Laptop,Kolkata,7.2,3,3,1,26.0,9.0,6.0,1,2.2,RECYCLE
A07330,Laptop,Kolkata,6.1,2,3,0,61.0,52.0,6.0,1,2.2,HARVEST_PARTS
A07331,Network,Chennai,2.8,3,3,1,52.0,,3.0,1,4.0,HARVEST_PARTS
A07332,Laptop,Gurugram,4.9,2,4,1,30.0,50.0,3.0,1,2.2,RECYCLE
A07333,Monitor,Noida,5.2,3,2,1,31.0,,4.0,1,5.0,RECYCLE
A07334,Laptop,Bengaluru,1.5,1,3,0,93.0,83.0,2.0,1,2.2,REDEPLOY
A07335,Mobile,Mumbai,3.8,2,3,0,67.0,64.0,4.0,1,0.2,HARVEST_PARTS
A07336,Monitor,Pune,4.3,1,3,1,25.0,,3.0,1,5.0,RECYCLE
A07337,Desktop,Bengaluru,5.0,3,3,0,74.0,,3.0,1,8.0,HARVEST_PARTS
A07338,Laptop,Pune,2.5,3,2,0,82.0,70.0,3.0,1,2.2,HARVEST_PARTS
A07339,Mobile,Mumbai,3.7,2,4,0,72.0,55.0,4.0,1,0.2,REDEPLOY
A07340,Desktop,Bengaluru,4.5,2,4,0,71.0,,5.0,1,8.0,REFURBISH_RESELL
A07341,Laptop,Bengaluru,3.3,3,3,0,77.0,65.0,3.0,1,2.2,REFURBISH_RESELL
A07342,Network,Mumbai,1.5,1,4,0,88.0,,2.0,1,4.0,REDEPLOY
A07343,Laptop,Bengaluru,6.9,1,4,1,18.0,43.0,8.0,0,2.2,RECYCLE
A07344,Laptop,Hyderabad,9.1,2,4,0,43.0,26.0,8.0,1,2.2,RECYCLE
A07345,Desktop,Hyderabad,4.8,2,2,0,63.0,,5.0,1,8.0,REFURBISH_RESELL
A07346,Laptop,Bengaluru,4.8,1,1,0,58.0,62.0,6.0,1,2.2,HARVEST_PARTS
A07347,Desktop,Bengaluru,4.0,1,3,1,53.0,,4.0,1,8.0,HARVEST_PARTS
A07348,Laptop,Bengaluru,2.1,1,2,0,85.0,82.0,2.0,1,2.2,REDEPLOY
A07349,Laptop,Hyderabad,1.7,3,2,0,89.0,80.0,1.0,1,2.2,REDEPLOY
A07350,Laptop,Kolkata,0.9,2,2,0,94.0,90.0,-0.0,1,2.2,REDEPLOY
A07351,Laptop,Pune,6.6,2,3,0,72.0,21.0,3.0,1,2.2,HARVEST_PARTS
A07352,Mobile,Kolkata,8.7,1,4,0,26.0,38.0,9.0,1,0.2,RECYCLE
A07353,Desktop,Bengaluru,5.0,1,3,0,79.0,,4.0,0,8.0,HARVEST_PARTS
A07354,Desktop,Bengaluru,3.3,1,1,0,86.0,,3.0,1,8.0,REFURBISH_RESELL
A07355,Laptop,Pune,3.7,1,2,0,84.0,66.0,3.0,1,2.2,REFURBISH_RESELL
A07356,Monitor,Bengaluru,5.3,1,4,0,59.0,,5.0,0,5.0,HARVEST_PARTS
A07357,Laptop,Noida,6.5,1,1,0,65.0,24.0,7.0,1,2.2,RECYCLE
A07358,Laptop,Kolkata,4.0,1,4,0,76.0,66.0,3.0,1,2.2,REDEPLOY
A07359,Monitor,Pune,3.5,1,3,0,82.0,,5.0,1,5.0,REDEPLOY
A07360,Desktop,Pune,2.5,2,2,0,78.0,,2.0,0,8.0,HARVEST_PARTS
A07361,Monitor,Bengaluru,3.1,2,3,0,72.0,,3.0,1,5.0,REFURBISH_RESELL
A07362,Network,Hyderabad,5.1,1,2,1,45.0,,5.0,1,4.0,RECYCLE
A07363,Server,Hyderabad,4.6,3,4,0,63.0,,5.0,1,25.0,REFURBISH_RESELL
A07364,Laptop,Hyderabad,4.4,1,1,0,77.0,63.0,5.0,1,2.2,REFURBISH_RESELL
A07365,Laptop,Hyderabad,2.5,3,4,0,82.0,68.0,4.0,1,2.2,REFURBISH_RESELL
A07366,Laptop,Noida,3.6,1,3,1,53.0,73.0,4.0,1,2.2,HARVEST_PARTS
A07367,Monitor,Pune,5.8,1,4,1,38.0,,5.0,1,5.0,HARVEST_PARTS
A07368,Mobile,Noida,7.6,1,4,0,53.0,26.0,8.0,1,0.2,HARVEST_PARTS
A07369,Mobile,Gurugram,5.7,3,4,1,44.0,38.0,4.0,1,0.2,RECYCLE
A07370,Laptop,Gurugram,6.5,3,4,1,13.0,41.0,6.0,1,2.2,RECYCLE
A07371,Server,Mumbai,1.5,1,4,1,66.0,,3.0,1,25.0,REFURBISH_RESELL
A07372,Desktop,Bengaluru,7.0,2,4,1,39.0,,6.0,1,8.0,RECYCLE
A07373,Server,Bengaluru,4.9,1,1,1,45.0,,5.0,1,25.0,RECYCLE
A07374,Desktop,Pune,4.5,2,4,0,68.0,,4.0,1,8.0,REFURBISH_RESELL
A07375,Laptop,Kolkata,4.7,1,3,0,77.0,65.0,4.0,1,2.2,REFURBISH_RESELL
A07376,Laptop,Bengaluru,8.3,2,3,1,21.0,34.0,7.0,1,2.2,RECYCLE
A07377,Mobile,Mumbai,3.3,1,2,0,75.0,73.0,4.0,1,0.2,REFURBISH_RESELL
A07378,Laptop,Pune,4.7,2,3,0,76.0,64.0,5.0,1,2.2,REFURBISH_RESELL
A07379,Laptop,Chennai,3.8,1,4,0,73.0,67.0,3.0,1,2.2,REFURBISH_RESELL
A07380,Laptop,Kolkata,2.6,2,4,0,77.0,81.0,2.0,1,2.2,REDEPLOY
A07381,Laptop,Chennai,1.9,1,4,0,90.0,84.0,2.0,1,2.2,REDEPLOY
A07382,Mobile,Bengaluru,2.6,1,3,0,78.0,78.0,2.0,1,0.2,REDEPLOY
A07383,Laptop,Bengaluru,2.9,1,3,0,81.0,80.0,2.0,1,2.2,REDEPLOY
A07384,Laptop,Gurugram,3.9,1,2,0,73.0,71.0,4.0,1,2.2,REFURBISH_RESELL
A07385,Monitor,Pune,6.5,1,2,1,43.0,,7.0,1,5.0,RECYCLE
A07386,Desktop,Chennai,2.6,1,2,0,78.0,,2.0,1,8.0,REDEPLOY
A07387,Laptop,Bengaluru,2.9,1,4,0,78.0,76.0,2.0,1,2.2,REDEPLOY
A07388,Laptop,Bengaluru,8.2,1,2,0,38.0,8.0,8.0,1,2.2,RECYCLE
A07389,Laptop,Kolkata,3.3,1,4,0,73.0,69.0,2.0,1,2.2,REDEPLOY
A07390,Laptop,Hyderabad,3.0,1,2,0,86.0,73.0,2.0,1,2.2,REFURBISH_RESELL
A07391,Laptop,Hyderabad,3.1,1,3,1,73.0,65.0,3.0,1,2.2,HARVEST_PARTS
A07392,Laptop,Hyderabad,4.3,1,3,1,43.0,49.0,2.0,1,2.2,RECYCLE
A07393,Monitor,Hyderabad,3.9,2,3,1,43.0,,4.0,1,5.0,HARVEST_PARTS
A07394,Network,Noida,2.9,2,3,0,75.0,,3.0,1,4.0,REDEPLOY
A07395,Network,Bengaluru,3.4,1,3,0,79.0,,5.0,1,4.0,REFURBISH_RESELL
A07396,Laptop,Hyderabad,5.9,1,1,0,57.0,48.0,4.0,1,2.2,RECYCLE
A07397,Laptop,Bengaluru,4.5,2,3,1,50.0,47.0,4.0,1,2.2,RECYCLE
A07398,Mobile,Chennai,7.3,1,2,1,44.0,16.0,6.0,1,0.2,RECYCLE
A07399,Monitor,Bengaluru,3.6,1,3,1,42.0,,4.0,0,5.0,HARVEST_PARTS
A07400,Desktop,Hyderabad,5.9,1,4,0,48.0,,5.0,1,8.0,REFURBISH_RESELL
A07401,Laptop,Kolkata,6.0,3,3,0,70.0,25.0,7.0,1,2.2,RECYCLE
A07402,Laptop,Bengaluru,2.8,1,4,1,48.0,65.0,2.0,1,2.2,HARVEST_PARTS
A07403,Desktop,Mumbai,4.8,1,3,0,67.0,,4.0,1,8.0,REFURBISH_RESELL
A07404,Desktop,Bengaluru,4.1,1,4,0,76.0,,4.0,1,8.0,REDEPLOY
A07405,Laptop,Bengaluru,1.6,1,2,0,90.0,82.0,2.0,1,2.2,REDEPLOY
A07406,Mobile,Bengaluru,1.9,1,3,0,85.0,76.0,2.0,1,0.2,REDEPLOY
A07407,Desktop,Noida,4.4,3,4,1,52.0,,3.0,1,8.0,HARVEST_PARTS
A07408,Desktop,Hyderabad,1.6,1,3,0,87.0,,1.0,1,8.0,REDEPLOY
A07409,Laptop,Gurugram,1.4,2,1,0,92.0,85.0,0.0,1,2.2,REDEPLOY
A07410,Monitor,Pune,4.1,3,4,0,78.0,,4.0,1,5.0,REDEPLOY
A07411,Monitor,Bengaluru,1.1,1,3,1,83.0,,1.0,1,5.0,REFURBISH_RESELL
A07412,Laptop,Hyderabad,2.4,1,2,0,84.0,78.0,2.0,1,2.2,REFURBISH_RESELL
A07413,Desktop,Gurugram,4.1,1,4,0,80.0,,3.0,1,8.0,REDEPLOY
A07414,Monitor,Hyderabad,3.8,2,1,1,54.0,,3.0,1,5.0,RECYCLE
A07415,Server,Hyderabad,3.8,1,1,1,43.0,,6.0,1,25.0,RECYCLE
A07416,Laptop,Gurugram,5.2,1,3,1,19.0,57.0,5.0,1,2.2,RECYCLE
A07417,Network,Hyderabad,6.3,1,3,0,67.0,,5.0,1,4.0,HARVEST_PARTS
A07418,Desktop,Pune,6.6,1,1,0,52.0,,5.0,1,8.0,RECYCLE
A07419,Laptop,Noida,8.5,1,4,1,5.0,38.0,8.0,1,2.2,RECYCLE
A07420,Laptop,Pune,1.2,1,3,0,93.0,91.0,-0.0,1,2.2,REDEPLOY
A07421,Laptop,Bengaluru,2.7,2,4,0,83.0,75.0,2.0,1,2.2,REDEPLOY
A07422,Laptop,Noida,2.3,3,2,0,90.0,73.0,3.0,1,2.2,REFURBISH_RESELL
A07423,Desktop,Hyderabad,8.6,3,3,1,10.0,,9.0,1,8.0,RECYCLE
A07424,Monitor,Hyderabad,4.1,1,2,1,33.0,,4.0,1,5.0,RECYCLE
A07425,Laptop,Gurugram,3.9,1,4,1,50.0,60.0,3.0,1,2.2,HARVEST_PARTS
A07426,Mobile,Mumbai,3.2,1,3,0,84.0,70.0,4.0,1,0.2,REFURBISH_RESELL
A07427,Laptop,Gurugram,3.1,1,2,0,76.0,75.0,2.0,1,2.2,REFURBISH_RESELL
A07428,Desktop,Pune,3.1,3,4,0,84.0,,2.0,1,8.0,REDEPLOY
A07429,Mobile,Chennai,3.3,2,2,0,84.0,64.0,4.0,1,0.2,REFURBISH_RESELL
A07430,Server,Hyderabad,3.1,1,4,0,73.0,,3.0,1,25.0,REDEPLOY
A07431,Monitor,Hyderabad,7.7,2,4,0,64.0,,7.0,1,5.0,HARVEST_PARTS
A07432,Monitor,Pune,10.0,1,4,0,26.0,,9.0,1,5.0,RECYCLE
A07433,Laptop,Mumbai,9.7,2,2,1,27.0,5.0,10.0,1,2.2,RECYCLE
A07434,Laptop,Pune,1.5,1,2,0,87.0,83.0,1.0,1,2.2,REDEPLOY
A07435,Laptop,Bengaluru,2.9,3,2,0,81.0,72.0,3.0,1,2.2,REFURBISH_RESELL
A07436,Laptop,Bengaluru,1.0,3,3,0,93.0,91.0,0.0,1,2.2,REDEPLOY
A07437,Laptop,Bengaluru,1.3,1,1,0,90.0,86.0,1.0,1,2.2,REFURBISH_RESELL
A07438,Laptop,Gurugram,9.9,2,3,0,43.0,5.0,10.0,1,2.2,RECYCLE
A07439,Mobile,Pune,4.8,1,1,1,27.0,49.0,5.0,1,0.2,RECYCLE
A07440,Network,Bengaluru,5.8,2,2,0,75.0,,6.0,1,4.0,HARVEST_PARTS
A07441,Server,Mumbai,3.7,1,3,0,83.0,,4.0,1,25.0,REFURBISH_RESELL
A07442,Monitor,Gurugram,3.9,3,4,1,48.0,,3.0,1,5.0,HARVEST_PARTS
A07443,Laptop,Chennai,6.9,3,1,0,57.0,26.0,7.0,1,2.2,RECYCLE
A07444,Laptop,Bengaluru,4.1,1,3,0,77.0,62.0,5.0,1,2.2,REFURBISH_RESELL
A07445,Monitor,Pune,4.2,1,2,0,67.0,,3.0,1,5.0,REFURBISH_RESELL
A07446,Monitor,Kolkata,5.6,2,3,0,56.0,,6.0,1,5.0,RECYCLE
A07447,Laptop,Noida,5.2,1,3,0,57.0,51.0,5.0,1,2.2,HARVEST_PARTS
A07448,Desktop,Bengaluru,4.0,1,3,1,54.0,,4.0,1,8.0,RECYCLE
A07449,Desktop,Pune,3.2,1,3,1,62.0,,1.0,1,8.0,HARVEST_PARTS
A07450,Laptop,Chennai,3.1,1,3,0,77.0,60.0,2.0,1,2.2,REFURBISH_RESELL
A07451,Laptop,Bengaluru,6.6,1,2,1,12.0,31.0,6.0,1,2.2,RECYCLE
A07452,Laptop,Bengaluru,4.2,1,3,0,71.0,51.0,5.0,1,2.2,HARVEST_PARTS
A07453,Monitor,Hyderabad,2.7,1,3,0,77.0,,2.0,0,5.0,HARVEST_PARTS
A07454,Mobile,Mumbai,6.1,1,3,0,52.0,40.0,5.0,1,0.2,HARVEST_PARTS
A07455,Desktop,Mumbai,4.0,2,3,1,40.0,,3.0,1,8.0,RECYCLE
A07456,Monitor,Pune,1.5,1,4,0,89.0,,3.0,1,5.0,REDEPLOY
A07457,Server,Kolkata,2.8,1,2,0,83.0,,3.0,1,25.0,REFURBISH_RESELL
A07458,Laptop,Bengaluru,4.0,3,2,0,76.0,60.0,3.0,1,2.2,HARVEST_PARTS
A07459,Monitor,Noida,1.7,3,4,0,90.0,,2.0,1,5.0,REDEPLOY
A07460,Desktop,Chennai,4.6,1,3,0,66.0,,2.0,1,8.0,REFURBISH_RESELL
A07461,Desktop,Gurugram,5.0,2,4,0,72.0,,4.0,1,8.0,HARVEST_PARTS
A07462,Laptop,Mumbai,6.4,1,1,0,74.0,39.0,5.0,1,2.2,RECYCLE
A07463,Mobile,Noida,4.4,2,4,1,51.0,61.0,4.0,1,0.2,RECYCLE
A07464,Mobile,Hyderabad,2.9,1,2,0,77.0,74.0,4.0,0,0.2,HARVEST_PARTS
A07465,Laptop,Gurugram,1.5,1,2,0,87.0,88.0,1.0,1,2.2,REDEPLOY
A07466,Laptop,Gurugram,1.5,3,1,0,93.0,83.0,0.0,1,2.2,REDEPLOY
A07467,Laptop,Bengaluru,3.7,2,2,0,79.0,69.0,3.0,1,2.2,REFURBISH_RESELL
A07468,Monitor,Bengaluru,3.7,1,3,0,75.0,,3.0,1,5.0,REDEPLOY
A07469,Desktop,Bengaluru,1.7,3,3,1,54.0,,1.0,1,8.0,HARVEST_PARTS
A07470,Laptop,Chennai,4.6,1,3,1,54.0,53.0,4.0,1,2.2,RECYCLE
A07471,Server,Bengaluru,3.2,1,4,1,36.0,,3.0,1,25.0,HARVEST_PARTS
A07472,Laptop,Mumbai,2.4,1,1,1,50.0,81.0,1.0,1,2.2,HARVEST_PARTS
A07473,Desktop,Mumbai,2.1,2,3,0,87.0,,3.0,1,8.0,REDEPLOY
A07474,Laptop,Mumbai,7.7,2,3,0,34.0,32.0,6.0,1,2.2,RECYCLE
A07475,Desktop,Gurugram,1.4,1,4,0,92.0,,2.0,1,8.0,REDEPLOY
A07476,Desktop,Gurugram,8.7,1,3,1,39.0,,7.0,1,8.0,RECYCLE
A07477,Laptop,Pune,2.5,1,4,1,56.0,79.0,1.0,1,2.2,HARVEST_PARTS
A07478,Laptop,Gurugram,9.1,1,4,1,31.0,33.0,9.0,1,2.2,RECYCLE
A07479,Mobile,Noida,1.6,1,3,1,76.0,83.0,2.0,1,0.2,HARVEST_PARTS
A07480,Desktop,Pune,4.8,1,4,1,47.0,,5.0,1,8.0,RECYCLE
A07481,Mobile,Hyderabad,7.0,2,3,1,21.0,47.0,7.0,1,0.2,RECYCLE
A07482,Desktop,Pune,7.1,2,3,1,12.0,,5.0,1,8.0,RECYCLE
A07483,Monitor,Bengaluru,4.8,1,3,0,58.0,,5.0,1,5.0,HARVEST_PARTS
A07484,Laptop,Noida,4.5,1,2,1,50.0,66.0,4.0,0,2.2,RECYCLE
A07485,Monitor,Pune,1.8,2,3,0,86.0,,1.0,0,5.0,HARVEST_PARTS
A07486,Laptop,Noida,6.1,1,3,0,74.0,42.0,5.0,1,2.2,HARVEST_PARTS
A07487,Laptop,Bengaluru,6.7,2,1,1,22.0,20.0,5.0,1,2.2,RECYCLE
A07488,Laptop,Pune,4.1,1,3,0,71.0,70.0,4.0,1,2.2,REFURBISH_RESELL
A07489,Laptop,Gurugram,4.4,1,2,0,62.0,57.0,5.0,1,2.2,HARVEST_PARTS
A07490,Mobile,Bengaluru,10.0,1,2,1,22.0,7.0,9.0,1,0.2,RECYCLE
A07491,Mobile,Bengaluru,1.9,3,4,0,88.0,76.0,0.0,1,0.2,REDEPLOY
A07492,Monitor,Bengaluru,4.9,1,3,0,70.0,,4.0,1,5.0,REFURBISH_RESELL
A07493,Laptop,Chennai,6.0,1,4,0,71.0,24.0,4.0,1,2.2,HARVEST_PARTS
A07494,Network,Hyderabad,1.5,1,3,0,87.0,,3.0,0,4.0,HARVEST_PARTS
A07495,Monitor,Gurugram,1.6,2,4,0,86.0,,2.0,0,5.0,HARVEST_PARTS
A07496,Laptop,Pune,2.7,2,2,0,87.0,79.0,3.0,1,2.2,REDEPLOY
A07497,Desktop,Bengaluru,2.8,1,4,1,48.0,,1.0,1,8.0,HARVEST_PARTS
A07498,Monitor,Chennai,2.6,1,4,0,82.0,,3.0,1,5.0,REDEPLOY
A07499,Laptop,Pune,2.9,1,4,0,85.0,67.0,3.0,1,2.2,REFURBISH_RESELL
A07500,Desktop,Pune,2.9,1,2,1,57.0,,2.0,1,8.0,HARVEST_PARTS
A07501,Monitor,Pune,4.0,1,4,0,68.0,,4.0,1,5.0,REDEPLOY
A07502,Laptop,Gurugram,2.4,1,3,0,85.0,74.0,0.0,1,2.2,REDEPLOY
A07503,Laptop,Bengaluru,3.5,2,4,0,69.0,62.0,3.0,1,2.2,REDEPLOY
A07504,Desktop,Bengaluru,3.9,2,4,0,81.0,,3.0,1,8.0,REDEPLOY
A07505,Monitor,Bengaluru,3.2,3,2,0,84.0,,2.0,1,5.0,REFURBISH_RESELL
A07506,Mobile,Pune,4.8,1,2,1,28.0,53.0,4.0,1,0.2,RECYCLE
A07507,Server,Gurugram,7.5,2,3,1,26.0,,6.0,1,25.0,RECYCLE
A07508,Monitor,Gurugram,1.8,3,1,0,87.0,,1.0,0,5.0,HARVEST_PARTS
A07509,Desktop,Mumbai,2.3,1,2,1,74.0,,2.0,1,8.0,HARVEST_PARTS
A07510,Monitor,Hyderabad,5.7,1,2,1,24.0,,5.0,1,5.0,RECYCLE
A07511,Desktop,Gurugram,4.5,2,4,0,73.0,,2.0,1,8.0,REFURBISH_RESELL
A07512,Laptop,Chennai,5.9,2,4,0,75.0,52.0,5.0,1,2.2,HARVEST_PARTS
A07513,Monitor,Bengaluru,5.5,3,1,0,59.0,,5.0,1,5.0,HARVEST_PARTS
A07514,Monitor,Noida,2.9,2,3,1,68.0,,3.0,1,5.0,HARVEST_PARTS
A07515,Desktop,Bengaluru,7.8,3,3,0,45.0,,8.0,0,8.0,RECYCLE
A07516,Network,Hyderabad,7.9,1,3,0,59.0,,6.0,1,4.0,RECYCLE
A07517,Monitor,Hyderabad,2.4,2,2,0,81.0,,1.0,1,5.0,REDEPLOY
A07518,Laptop,Pune,7.3,1,3,0,68.0,45.0,7.0,1,2.2,RECYCLE
A07519,Laptop,Noida,7.7,1,4,0,62.0,36.0,7.0,1,2.2,RECYCLE
A07520,Laptop,Bengaluru,9.0,1,4,0,64.0,5.0,9.0,1,2.2,RECYCLE
A07521,Laptop,Hyderabad,5.5,2,3,1,33.0,43.0,3.0,1,2.2,RECYCLE
A07522,Desktop,Chennai,3.4,1,2,0,73.0,,3.0,1,8.0,REFURBISH_RESELL
A07523,Laptop,Pune,2.8,1,3,1,60.0,67.0,3.0,1,2.2,HARVEST_PARTS
A07524,Laptop,Noida,3.4,2,2,0,83.0,57.0,3.0,0,2.2,HARVEST_PARTS
A07525,Laptop,Gurugram,2.0,1,3,0,92.0,79.0,3.0,1,2.2,REDEPLOY
A07526,Monitor,Gurugram,4.9,1,1,0,73.0,,4.0,1,5.0,REFURBISH_RESELL
A07527,Monitor,Mumbai,3.7,1,2,1,64.0,,5.0,1,5.0,HARVEST_PARTS
A07528,Laptop,Gurugram,1.8,3,3,0,89.0,82.0,1.0,1,2.2,REDEPLOY
A07529,Laptop,Hyderabad,2.8,2,3,0,78.0,67.0,3.0,1,2.2,REFURBISH_RESELL
A07530,Laptop,Mumbai,7.0,1,2,1,20.0,40.0,6.0,1,2.2,RECYCLE
A07531,Laptop,Hyderabad,4.9,2,4,0,61.0,65.0,4.0,1,2.2,REFURBISH_RESELL
A07532,Laptop,Mumbai,2.6,3,4,1,51.0,75.0,4.0,1,2.2,HARVEST_PARTS
A07533,Laptop,Hyderabad,8.9,1,2,0,64.0,22.0,7.0,1,2.2,RECYCLE
A07534,Laptop,Noida,4.6,1,1,0,59.0,55.0,4.0,1,2.2,HARVEST_PARTS
A07535,Mobile,Gurugram,2.1,1,3,0,84.0,80.0,3.0,1,0.2,REDEPLOY
A07536,Desktop,Hyderabad,3.4,2,3,0,81.0,,2.0,1,8.0,REFURBISH_RESELL
A07537,Server,Gurugram,1.7,3,2,1,47.0,,2.0,1,25.0,REFURBISH_RESELL
A07538,Laptop,Gurugram,7.8,1,4,0,65.0,11.0,7.0,1,2.2,RECYCLE
A07539,Laptop,Hyderabad,6.0,1,1,0,66.0,23.0,4.0,1,2.2,RECYCLE
A07540,Mobile,Pune,2.7,1,4,1,57.0,73.0,3.0,1,0.2,REFURBISH_RESELL
A07541,Laptop,Kolkata,1.3,1,4,0,93.0,88.0,3.0,1,2.2,REDEPLOY
A07542,Monitor,Pune,5.9,3,4,0,73.0,,6.0,1,5.0,HARVEST_PARTS
A07543,Mobile,Chennai,4.5,2,4,1,68.0,65.0,4.0,1,0.2,RECYCLE
A07544,Desktop,Chennai,7.2,3,4,1,12.0,,6.0,1,8.0,RECYCLE
A07545,Laptop,Bengaluru,1.0,1,3,1,74.0,87.0,1.0,1,2.2,REFURBISH_RESELL
A07546,Desktop,Bengaluru,5.6,2,4,0,50.0,,6.0,1,8.0,HARVEST_PARTS
A07547,Laptop,Noida,3.9,3,1,0,75.0,52.0,3.0,1,2.2,REFURBISH_RESELL
A07548,Laptop,Chennai,10.0,2,3,0,22.0,16.0,7.0,1,2.2,RECYCLE
A07549,Laptop,Bengaluru,2.0,3,3,0,90.0,86.0,1.0,1,2.2,REDEPLOY
A07550,Network,Gurugram,6.2,1,3,1,15.0,,5.0,1,4.0,RECYCLE
A07551,Monitor,Gurugram,5.7,1,4,1,36.0,,5.0,1,5.0,RECYCLE
A07552,Laptop,Hyderabad,1.8,1,2,0,87.0,84.0,1.0,1,2.2,REDEPLOY
A07553,Laptop,Chennai,3.4,3,4,1,70.0,66.0,3.0,1,2.2,RECYCLE
A07554,Monitor,Kolkata,5.3,1,2,0,59.0,,4.0,1,5.0,HARVEST_PARTS
A07555,Mobile,Chennai,2.7,2,3,0,82.0,71.0,3.0,1,0.2,REFURBISH_RESELL
A07556,Laptop,Bengaluru,2.7,1,4,0,82.0,67.0,2.0,1,2.2,REDEPLOY
A07557,Laptop,Gurugram,6.6,2,2,0,66.0,26.0,5.0,1,2.2,RECYCLE
A07558,Network,Chennai,9.5,2,4,0,45.0,,9.0,1,4.0,RECYCLE
A07559,Network,Pune,6.3,1,1,1,49.0,,5.0,1,4.0,RECYCLE
A07560,Mobile,Pune,1.9,1,3,0,89.0,79.0,3.0,1,0.2,REDEPLOY
A07561,Laptop,Noida,0.7,2,3,0,96.0,95.0,0.0,1,2.2,REDEPLOY
A07562,Laptop,Pune,2.2,3,3,0,83.0,74.0,2.0,1,2.2,REFURBISH_RESELL
A07563,Laptop,Bengaluru,5.6,1,3,1,39.0,31.0,6.0,1,2.2,RECYCLE
A07564,Laptop,Mumbai,5.9,1,2,1,60.0,56.0,5.0,1,2.2,RECYCLE
A07565,Network,Hyderabad,3.3,3,3,0,74.0,,4.0,1,4.0,REDEPLOY
A07566,Laptop,Bengaluru,2.2,1,3,0,85.0,84.0,2.0,1,2.2,REDEPLOY
A07567,Monitor,Pune,3.4,1,4,0,75.0,,5.0,1,5.0,REDEPLOY
A07568,Mobile,Bengaluru,1.5,3,2,1,54.0,84.0,1.0,1,0.2,HARVEST_PARTS
A07569,Mobile,Mumbai,0.5,2,3,0,96.0,96.0,-0.0,1,0.2,REDEPLOY
A07570,Monitor,Hyderabad,4.7,1,3,0,66.0,,5.0,1,5.0,REFURBISH_RESELL
A07571,Mobile,Chennai,4.4,3,4,0,72.0,62.0,6.0,1,0.2,HARVEST_PARTS
A07572,Laptop,Hyderabad,2.1,2,4,0,82.0,75.0,2.0,1,2.2,REDEPLOY
A07573,Laptop,Gurugram,6.4,1,3,0,66.0,36.0,6.0,1,2.2,RECYCLE
A07574,Laptop,Kolkata,4.1,1,2,1,45.0,64.0,3.0,1,2.2,RECYCLE
A07575,Mobile,Bengaluru,2.6,3,3,0,88.0,69.0,3.0,1,0.2,REDEPLOY
A07576,Mobile,Gurugram,4.8,2,4,1,47.0,40.0,6.0,1,0.2,RECYCLE
A07577,Laptop,Gurugram,10.0,2,3,1,10.0,5.0,10.0,1,2.2,RECYCLE
A07578,Laptop,Mumbai,1.5,1,3,0,89.0,88.0,1.0,1,2.2,REDEPLOY
A07579,Laptop,Mumbai,10.0,1,4,1,5.0,5.0,9.0,1,2.2,RECYCLE
A07580,Laptop,Bengaluru,4.1,2,2,0,66.0,63.0,4.0,1,2.2,REFURBISH_RESELL
A07581,Server,Gurugram,5.4,1,4,0,72.0,,4.0,1,25.0,HARVEST_PARTS
A07582,Laptop,Hyderabad,5.6,2,3,0,59.0,27.0,5.0,1,2.2,HARVEST_PARTS
A07583,Monitor,Hyderabad,2.6,1,2,0,83.0,,3.0,1,5.0,REDEPLOY
A07584,Desktop,Bengaluru,3.2,1,4,0,79.0,,3.0,1,8.0,REDEPLOY
A07585,Laptop,Hyderabad,7.6,1,2,0,61.0,34.0,7.0,1,2.2,RECYCLE
A07586,Laptop,Chennai,8.3,2,4,1,24.0,28.0,7.0,0,2.2,RECYCLE
A07587,Mobile,Noida,3.7,1,2,1,44.0,69.0,4.0,1,0.2,RECYCLE
A07588,Monitor,Noida,9.7,1,4,1,5.0,,8.0,1,5.0,RECYCLE
A07589,Laptop,Noida,3.9,1,4,0,73.0,55.0,4.0,1,2.2,REFURBISH_RESELL
A07590,Laptop,Pune,6.1,2,4,0,54.0,50.0,6.0,1,2.2,RECYCLE
A07591,Mobile,Bengaluru,2.7,3,3,1,60.0,68.0,1.0,1,0.2,HARVEST_PARTS
A07592,Server,Hyderabad,5.9,1,4,1,36.0,,5.0,1,25.0,RECYCLE
A07593,Server,Chennai,3.5,1,3,0,69.0,,3.0,1,25.0,REDEPLOY
A07594,Monitor,Mumbai,10.0,3,2,1,5.0,,8.0,1,5.0,RECYCLE
A07595,Network,Mumbai,4.9,1,4,0,69.0,,4.0,1,4.0,REFURBISH_RESELL
A07596,Laptop,Gurugram,9.1,2,4,1,5.0,17.0,9.0,0,2.2,RECYCLE
A07597,Monitor,Gurugram,4.5,1,4,1,50.0,,5.0,1,5.0,HARVEST_PARTS
A07598,Laptop,Chennai,4.1,3,3,1,43.0,66.0,4.0,1,2.2,RECYCLE
A07599,Desktop,Mumbai,4.4,3,3,0,77.0,,5.0,1,8.0,HARVEST_PARTS
A07600,Mobile,Chennai,10.0,1,2,1,15.0,5.0,10.0,1,0.2,RECYCLE
A07601,Mobile,Chennai,3.1,1,2,0,82.0,65.0,3.0,1,0.2,REFURBISH_RESELL
A07602,Desktop,Hyderabad,10.0,1,2,0,22.0,,10.0,1,8.0,RECYCLE
A07603,Desktop,Gurugram,6.5,1,4,1,22.0,,4.0,1,8.0,RECYCLE
A07604,Network,Noida,10.0,1,2,0,43.0,,8.0,1,4.0,RECYCLE
A07605,Mobile,Bengaluru,2.2,1,4,0,88.0,78.0,3.0,1,0.2,REDEPLOY
A07606,Monitor,Bengaluru,6.0,2,2,0,51.0,,5.0,1,5.0,HARVEST_PARTS
A07607,Laptop,Hyderabad,7.7,1,2,1,21.0,11.0,7.0,1,2.2,RECYCLE
A07608,Laptop,Pune,7.8,1,4,0,51.0,35.0,7.0,1,2.2,RECYCLE
A07609,Network,Gurugram,6.0,3,3,0,63.0,,4.0,1,4.0,HARVEST_PARTS
A07610,Monitor,Kolkata,3.4,1,4,0,78.0,,2.0,1,5.0,REDEPLOY
A07611,Monitor,Hyderabad,3.2,3,2,0,77.0,,3.0,0,5.0,HARVEST_PARTS
A07612,Monitor,Gurugram,3.1,2,3,0,74.0,,4.0,1,5.0,REFURBISH_RESELL
A07613,Laptop,Noida,4.8,1,3,1,48.0,65.0,5.0,1,2.2,RECYCLE
A07614,Laptop,Bengaluru,4.4,2,3,0,67.0,64.0,4.0,1,2.2,HARVEST_PARTS
A07615,Server,Pune,3.4,3,2,0,84.0,,3.0,1,25.0,REFURBISH_RESELL
A07616,Laptop,Mumbai,3.7,2,3,0,85.0,72.0,3.0,1,2.2,HARVEST_PARTS
A07617,Monitor,Bengaluru,4.2,1,2,0,83.0,,5.0,1,5.0,REFURBISH_RESELL
A07618,Monitor,Noida,1.2,1,1,1,64.0,,1.0,0,5.0,HARVEST_PARTS
A07619,Server,Chennai,3.5,1,4,0,71.0,,4.0,1,25.0,REDEPLOY
A07620,Laptop,Mumbai,3.0,1,4,0,83.0,70.0,2.0,1,2.2,REFURBISH_RESELL
A07621,Monitor,Kolkata,2.1,1,3,0,85.0,,2.0,1,5.0,REDEPLOY
A07622,Laptop,Gurugram,2.2,3,4,1,55.0,73.0,2.0,1,2.2,HARVEST_PARTS
A07623,Laptop,Gurugram,3.5,2,3,1,54.0,68.0,3.0,1,2.2,HARVEST_PARTS
A07624,Laptop,Gurugram,4.9,2,1,0,56.0,61.0,3.0,1,2.2,RECYCLE
A07625,Laptop,Gurugram,5.0,1,3,1,30.0,58.0,5.0,1,2.2,RECYCLE
A07626,Mobile,Noida,5.4,1,4,1,49.0,37.0,4.0,1,0.2,RECYCLE
A07627,Mobile,Mumbai,5.1,1,1,0,68.0,41.0,5.0,1,0.2,HARVEST_PARTS
A07628,Laptop,Bengaluru,3.2,2,3,0,81.0,68.0,3.0,1,2.2,REDEPLOY
A07629,Server,Mumbai,2.2,1,4,0,88.0,,1.0,1,25.0,REDEPLOY
A07630,Desktop,Chennai,2.5,1,3,0,89.0,,2.0,1,8.0,REDEPLOY
A07631,Monitor,Gurugram,3.9,1,4,0,80.0,,4.0,1,5.0,REDEPLOY
A07632,Network,Hyderabad,4.4,1,4,0,70.0,,4.0,1,4.0,REFURBISH_RESELL
A07633,Desktop,Kolkata,6.2,1,4,0,67.0,,5.0,1,8.0,REFURBISH_RESELL
A07634,Laptop,Noida,7.9,1,3,0,40.0,36.0,5.0,1,2.2,RECYCLE
A07635,Laptop,Pune,3.3,3,3,1,57.0,71.0,3.0,1,2.2,RECYCLE
A07636,Desktop,Bengaluru,4.5,2,2,0,71.0,,4.0,1,8.0,HARVEST_PARTS
A07637,Mobile,Noida,5.5,3,3,0,53.0,31.0,6.0,1,0.2,RECYCLE
A07638,Desktop,Mumbai,4.2,3,2,0,66.0,,1.0,1,8.0,REFURBISH_RESELL
A07639,Laptop,Gurugram,2.5,2,2,0,89.0,73.0,3.0,1,2.2,REDEPLOY
A07640,Laptop,Gurugram,2.8,1,4,0,78.0,73.0,3.0,1,2.2,REDEPLOY
A07641,Mobile,Gurugram,6.5,1,4,0,47.0,49.0,6.0,1,0.2,HARVEST_PARTS
A07642,Laptop,Hyderabad,3.4,1,2,0,81.0,59.0,2.0,0,2.2,HARVEST_PARTS
A07643,Monitor,Gurugram,3.6,2,4,0,77.0,,4.0,1,5.0,REFURBISH_RESELL
A07644,Monitor,Chennai,1.1,2,3,0,95.0,,1.0,1,5.0,REDEPLOY
A07645,Laptop,Gurugram,7.3,1,4,0,61.0,30.0,5.0,1,2.2,HARVEST_PARTS
A07646,Laptop,Mumbai,5.6,1,3,0,51.0,42.0,6.0,1,2.2,HARVEST_PARTS
A07647,Laptop,Kolkata,1.8,1,3,0,84.0,81.0,2.0,1,2.2,REFURBISH_RESELL
A07648,Laptop,Noida,5.3,1,2,0,61.0,45.0,6.0,1,2.2,HARVEST_PARTS
A07649,Monitor,Bengaluru,5.4,1,3,1,63.0,,5.0,0,5.0,HARVEST_PARTS
A07650,Server,Hyderabad,9.0,3,3,0,63.0,,9.0,1,25.0,RECYCLE
A07651,Laptop,Pune,2.6,1,3,0,82.0,78.0,4.0,1,2.2,REFURBISH_RESELL
A07652,Desktop,Hyderabad,5.1,3,3,0,74.0,,4.0,1,8.0,HARVEST_PARTS
A07653,Laptop,Chennai,3.1,1,4,0,77.0,74.0,4.0,1,2.2,REDEPLOY
A07654,Laptop,Hyderabad,3.0,1,2,0,87.0,78.0,2.0,1,2.2,REDEPLOY
A07655,Monitor,Pune,8.2,1,3,0,27.0,,6.0,1,5.0,RECYCLE
A07656,Monitor,Pune,6.5,1,3,0,70.0,,5.0,1,5.0,REFURBISH_RESELL
A07657,Monitor,Noida,1.8,1,4,0,90.0,,3.0,1,5.0,REDEPLOY
A07658,Laptop,Chennai,1.7,2,4,1,70.0,81.0,2.0,1,2.2,REFURBISH_RESELL
A07659,Desktop,Gurugram,5.4,1,3,0,68.0,,5.0,0,8.0,HARVEST_PARTS
A07660,Laptop,Noida,3.8,1,2,0,78.0,59.0,4.0,1,2.2,REDEPLOY
A07661,Mobile,Chennai,2.5,1,3,0,82.0,70.0,1.0,1,0.2,REDEPLOY
A07662,Monitor,Bengaluru,5.4,1,1,1,32.0,,5.0,1,5.0,RECYCLE
A07663,Mobile,Noida,5.1,2,2,0,59.0,41.0,5.0,1,0.2,HARVEST_PARTS
A07664,Laptop,Noida,4.1,2,3,0,69.0,62.0,4.0,1,2.2,REFURBISH_RESELL
A07665,Desktop,Noida,4.3,1,3,1,24.0,,4.0,0,8.0,RECYCLE
A07666,Monitor,Hyderabad,2.6,2,3,0,89.0,,1.0,0,5.0,HARVEST_PARTS
A07667,Laptop,Bengaluru,5.1,1,3,1,34.0,60.0,4.0,1,2.2,RECYCLE
A07668,Monitor,Mumbai,9.8,2,4,1,23.0,,9.0,1,5.0,RECYCLE
A07669,Desktop,Gurugram,2.0,1,2,0,86.0,,1.0,1,8.0,REFURBISH_RESELL
A07670,Mobile,Noida,6.4,2,3,0,48.0,36.0,5.0,1,0.2,HARVEST_PARTS
A07671,Laptop,Bengaluru,2.3,1,2,0,83.0,77.0,2.0,1,2.2,REDEPLOY
A07672,Mobile,Mumbai,5.8,2,3,0,73.0,56.0,4.0,1,0.2,HARVEST_PARTS
A07673,Laptop,Bengaluru,3.7,2,4,0,82.0,54.0,2.0,1,2.2,REDEPLOY
A07674,Desktop,Kolkata,5.9,1,4,0,50.0,,5.0,1,8.0,HARVEST_PARTS
A07675,Desktop,Pune,2.1,1,4,0,82.0,,3.0,1,8.0,REDEPLOY
A07676,Laptop,Hyderabad,0.7,2,2,0,95.0,94.0,2.0,1,2.2,REDEPLOY
A07677,Mobile,Gurugram,4.4,1,4,1,39.0,54.0,3.0,1,0.2,HARVEST_PARTS
A07678,Mobile,Noida,6.2,2,2,0,67.0,39.0,5.0,1,0.2,HARVEST_PARTS
A07679,Mobile,Kolkata,4.5,1,2,0,80.0,60.0,5.0,1,0.2,REFURBISH_RESELL
A07680,Mobile,Mumbai,5.6,1,3,1,52.0,45.0,6.0,1,0.2,RECYCLE
A07681,Monitor,Hyderabad,3.2,2,3,1,45.0,,2.0,1,5.0,HARVEST_PARTS
A07682,Desktop,Hyderabad,5.7,1,1,0,70.0,,5.0,1,8.0,HARVEST_PARTS
A07683,Network,Noida,8.2,1,4,0,41.0,,7.0,1,4.0,RECYCLE
A07684,Laptop,Hyderabad,3.2,1,3,0,84.0,70.0,4.0,1,2.2,REDEPLOY
A07685,Server,Chennai,5.5,2,3,0,76.0,,5.0,1,25.0,HARVEST_PARTS
A07686,Desktop,Pune,2.8,1,1,0,83.0,,2.0,1,8.0,REFURBISH_RESELL
A07687,Monitor,Bengaluru,8.6,1,1,1,8.0,,7.0,1,5.0,RECYCLE
A07688,Laptop,Bengaluru,1.9,2,2,0,91.0,81.0,2.0,1,2.2,REDEPLOY
A07689,Laptop,Kolkata,4.9,1,3,0,66.0,44.0,5.0,1,2.2,HARVEST_PARTS
A07690,Laptop,Bengaluru,4.2,1,2,0,81.0,60.0,4.0,1,2.2,HARVEST_PARTS
A07691,Laptop,Gurugram,3.2,1,3,1,66.0,74.0,3.0,1,2.2,HARVEST_PARTS
A07692,Laptop,Kolkata,3.2,1,3,1,38.0,62.0,2.0,1,2.2,RECYCLE
A07693,Laptop,Noida,4.0,3,1,0,81.0,55.0,4.0,1,2.2,HARVEST_PARTS
A07694,Laptop,Hyderabad,8.0,2,4,0,41.0,5.0,7.0,1,2.2,RECYCLE
A07695,Desktop,Pune,4.6,2,2,1,45.0,,5.0,1,8.0,RECYCLE
A07696,Laptop,Chennai,1.4,2,3,0,91.0,88.0,2.0,1,2.2,REDEPLOY
A07697,Server,Chennai,1.7,1,2,1,65.0,,1.0,1,25.0,REFURBISH_RESELL
A07698,Laptop,Hyderabad,4.6,2,3,0,76.0,67.0,4.0,1,2.2,HARVEST_PARTS
A07699,Desktop,Bengaluru,6.7,1,4,0,56.0,,5.0,1,8.0,HARVEST_PARTS
A07700,Laptop,Bengaluru,2.6,2,2,0,77.0,70.0,2.0,0,2.2,HARVEST_PARTS
A07701,Desktop,Hyderabad,4.5,3,4,0,77.0,,4.0,1,8.0,REFURBISH_RESELL
A07702,Desktop,Gurugram,6.8,1,4,1,40.0,,6.0,1,8.0,RECYCLE
A07703,Monitor,Bengaluru,4.8,2,4,0,72.0,,5.0,1,5.0,REFURBISH_RESELL
A07704,Laptop,Gurugram,4.3,1,2,0,68.0,50.0,4.0,1,2.2,HARVEST_PARTS
A07705,Desktop,Bengaluru,3.5,3,2,0,70.0,,4.0,1,8.0,HARVEST_PARTS
A07706,Laptop,Hyderabad,3.7,1,3,1,38.0,60.0,3.0,1,2.2,HARVEST_PARTS
A07707,Desktop,Mumbai,5.7,1,4,0,51.0,,4.0,1,8.0,HARVEST_PARTS
A07708,Laptop,Bengaluru,6.0,3,3,0,48.0,50.0,6.0,1,2.2,RECYCLE
A07709,Monitor,Kolkata,6.0,1,4,1,21.0,,4.0,1,5.0,RECYCLE
A07710,Laptop,Bengaluru,2.8,1,4,0,85.0,66.0,2.0,1,2.2,REDEPLOY
A07711,Monitor,Mumbai,0.9,2,2,0,93.0,,1.0,1,5.0,REDEPLOY
A07712,Laptop,Mumbai,3.3,2,4,1,65.0,68.0,2.0,0,2.2,HARVEST_PARTS
A07713,Laptop,Kolkata,6.3,1,4,0,69.0,46.0,5.0,1,2.2,HARVEST_PARTS
A07714,Laptop,Gurugram,8.9,1,4,0,44.0,12.0,7.0,1,2.2,RECYCLE
A07715,Laptop,Pune,2.4,1,1,0,85.0,80.0,2.0,1,2.2,REDEPLOY
A07716,Desktop,Hyderabad,5.5,1,3,0,60.0,,4.0,1,8.0,HARVEST_PARTS
A07717,Server,Chennai,2.9,3,3,0,84.0,,3.0,1,25.0,REDEPLOY
A07718,Monitor,Bengaluru,7.7,2,4,0,66.0,,7.0,1,5.0,HARVEST_PARTS
A07719,Laptop,Hyderabad,6.3,2,3,0,66.0,41.0,5.0,1,2.2,RECYCLE
A07720,Laptop,Hyderabad,4.8,1,2,0,61.0,61.0,3.0,1,2.2,REFURBISH_RESELL
A07721,Network,Chennai,5.0,3,4,1,26.0,,4.0,1,4.0,RECYCLE
A07722,Laptop,Gurugram,7.3,1,4,0,68.0,14.0,6.0,1,2.2,HARVEST_PARTS
A07723,Laptop,Gurugram,1.5,3,3,0,92.0,87.0,2.0,1,2.2,REDEPLOY
A07724,Network,Hyderabad,3.9,3,2,0,83.0,,2.0,1,4.0,REFURBISH_RESELL
A07725,Laptop,Bengaluru,2.2,3,3,0,86.0,83.0,3.0,1,2.2,REDEPLOY
A07726,Laptop,Noida,4.9,1,2,0,76.0,54.0,4.0,1,2.2,HARVEST_PARTS
A07727,Laptop,Hyderabad,4.4,1,3,0,65.0,68.0,4.0,1,2.2,REFURBISH_RESELL
A07728,Monitor,Gurugram,4.8,2,3,0,61.0,,3.0,1,5.0,REFURBISH_RESELL
A07729,Laptop,Mumbai,2.0,1,3,0,87.0,75.0,2.0,1,2.2,REDEPLOY
A07730,Monitor,Bengaluru,6.7,1,4,0,58.0,,5.0,1,5.0,REFURBISH_RESELL
A07731,Laptop,Hyderabad,5.8,2,3,0,61.0,44.0,5.0,1,2.2,HARVEST_PARTS
A07732,Laptop,Bengaluru,3.2,2,4,0,83.0,67.0,4.0,1,2.2,REFURBISH_RESELL
A07733,Laptop,Hyderabad,6.0,1,4,1,45.0,31.0,7.0,1,2.2,RECYCLE
A07734,Server,Hyderabad,1.1,1,1,0,92.0,,1.0,1,25.0,REDEPLOY
A07735,Laptop,Bengaluru,2.2,2,1,0,90.0,73.0,2.0,1,2.2,REFURBISH_RESELL
A07736,Monitor,Mumbai,4.0,1,2,0,78.0,,4.0,1,5.0,REDEPLOY
A07737,Laptop,Bengaluru,3.5,2,4,1,41.0,69.0,5.0,0,2.2,HARVEST_PARTS
A07738,Laptop,Noida,7.5,2,4,1,6.0,9.0,7.0,1,2.2,RECYCLE
A07739,Laptop,Chennai,5.6,3,4,0,73.0,35.0,4.0,1,2.2,HARVEST_PARTS
A07740,Desktop,Bengaluru,8.3,2,2,0,64.0,,7.0,1,8.0,RECYCLE
A07741,Desktop,Bengaluru,1.8,1,4,0,92.0,,1.0,1,8.0,REDEPLOY
A07742,Server,Gurugram,3.5,3,4,0,82.0,,5.0,1,25.0,REFURBISH_RESELL
A07743,Mobile,Bengaluru,2.2,1,2,0,84.0,78.0,2.0,1,0.2,REDEPLOY
A07744,Monitor,Mumbai,4.8,2,3,0,80.0,,5.0,1,5.0,REFURBISH_RESELL
A07745,Desktop,Kolkata,1.8,1,3,0,92.0,,1.0,1,8.0,REDEPLOY
A07746,Desktop,Gurugram,4.5,2,3,0,62.0,,4.0,1,8.0,REFURBISH_RESELL
A07747,Monitor,Hyderabad,1.1,1,3,0,95.0,,1.0,1,5.0,REDEPLOY
A07748,Laptop,Chennai,2.7,1,2,0,85.0,80.0,1.0,1,2.2,REDEPLOY
A07749,Server,Kolkata,6.1,1,4,0,65.0,,5.0,1,25.0,REFURBISH_RESELL
A07750,Network,Bengaluru,4.0,1,4,0,68.0,,4.0,1,4.0,REDEPLOY
A07751,Laptop,Pune,1.6,1,3,0,86.0,85.0,3.0,1,2.2,REDEPLOY
A07752,Mobile,Mumbai,6.6,2,3,0,48.0,36.0,7.0,1,0.2,RECYCLE
A07753,Server,Pune,6.6,2,3,0,57.0,,6.0,1,25.0,HARVEST_PARTS
A07754,Laptop,Bengaluru,5.9,2,3,1,42.0,55.0,7.0,1,2.2,RECYCLE
A07755,Mobile,Bengaluru,3.2,2,3,1,43.0,70.0,2.0,1,0.2,HARVEST_PARTS
A07756,Laptop,Gurugram,5.3,1,3,0,53.0,48.0,5.0,1,2.2,RECYCLE
A07757,Laptop,Bengaluru,6.9,3,1,1,17.0,26.0,5.0,1,2.2,RECYCLE
A07758,Laptop,Mumbai,3.8,1,4,0,70.0,68.0,3.0,1,2.2,REFURBISH_RESELL
A07759,Desktop,Kolkata,3.9,1,1,0,67.0,,3.0,1,8.0,REFURBISH_RESELL
A07760,Laptop,Noida,4.3,1,3,0,71.0,59.0,5.0,1,2.2,HARVEST_PARTS
A07761,Mobile,Chennai,6.0,2,4,0,59.0,50.0,4.0,1,0.2,HARVEST_PARTS
A07762,Laptop,Bengaluru,4.6,1,4,0,64.0,52.0,3.0,1,2.2,REFURBISH_RESELL
A07763,Laptop,Hyderabad,5.5,1,3,0,68.0,47.0,6.0,1,2.2,HARVEST_PARTS
A07764,Monitor,Chennai,3.7,2,2,0,73.0,,4.0,1,5.0,REFURBISH_RESELL
A07765,Laptop,Hyderabad,3.7,2,3,0,77.0,55.0,3.0,1,2.2,REFURBISH_RESELL
A07766,Monitor,Chennai,5.6,2,3,0,52.0,,5.0,1,5.0,REFURBISH_RESELL
A07767,Laptop,Pune,3.0,1,4,0,83.0,65.0,3.0,1,2.2,REFURBISH_RESELL
A07768,Mobile,Mumbai,2.4,1,3,0,83.0,71.0,4.0,1,0.2,REFURBISH_RESELL
A07769,Monitor,Bengaluru,2.9,2,2,0,88.0,,3.0,1,5.0,REDEPLOY
A07770,Laptop,Noida,3.6,3,3,0,75.0,54.0,4.0,1,2.2,HARVEST_PARTS
A07771,Laptop,Kolkata,4.1,1,2,0,68.0,70.0,3.0,1,2.2,REFURBISH_RESELL
A07772,Laptop,Chennai,3.2,2,4,0,74.0,73.0,3.0,1,2.2,REDEPLOY
A07773,Mobile,Pune,3.4,1,3,0,71.0,72.0,2.0,1,0.2,REDEPLOY
A07774,Monitor,Chennai,4.9,1,2,0,68.0,,5.0,1,5.0,REFURBISH_RESELL
A07775,Laptop,Chennai,2.7,1,2,0,81.0,69.0,3.0,1,2.2,REDEPLOY
A07776,Laptop,Mumbai,5.9,2,3,1,38.0,56.0,6.0,1,2.2,RECYCLE
A07777,Network,Pune,2.5,2,3,0,78.0,,3.0,1,4.0,REFURBISH_RESELL
A07778,Laptop,Gurugram,4.1,1,4,1,51.0,66.0,5.0,1,2.2,HARVEST_PARTS
A07779,Monitor,Noida,3.9,2,4,0,79.0,,5.0,1,5.0,REFURBISH_RESELL
A07780,Monitor,Hyderabad,7.5,1,3,0,37.0,,6.0,1,5.0,HARVEST_PARTS
A07781,Laptop,Pune,3.7,1,2,0,73.0,72.0,4.0,1,2.2,REFURBISH_RESELL
A07782,Desktop,Bengaluru,6.3,2,4,1,27.0,,6.0,1,8.0,RECYCLE
A07783,Laptop,Mumbai,5.6,1,1,0,74.0,61.0,6.0,1,2.2,HARVEST_PARTS
A07784,Laptop,Pune,3.1,3,1,0,87.0,67.0,3.0,1,2.2,HARVEST_PARTS
A07785,Mobile,Chennai,7.2,2,4,1,40.0,29.0,7.0,1,0.2,RECYCLE
A07786,Monitor,Bengaluru,3.2,2,4,0,85.0,,2.0,1,5.0,REDEPLOY
A07787,Server,Hyderabad,3.5,2,3,0,74.0,,4.0,1,25.0,REFURBISH_RESELL
A07788,Desktop,Gurugram,5.1,2,1,0,64.0,,5.0,1,8.0,HARVEST_PARTS
A07789,Laptop,Pune,3.3,1,3,0,81.0,70.0,4.0,1,2.2,REFURBISH_RESELL
A07790,Monitor,Mumbai,1.9,2,3,0,88.0,,1.0,1,5.0,REDEPLOY
A07791,Desktop,Pune,3.5,1,2,0,71.0,,3.0,1,8.0,REFURBISH_RESELL
A07792,Laptop,Bengaluru,3.5,2,4,0,74.0,60.0,3.0,1,2.2,REFURBISH_RESELL
A07793,Laptop,Bengaluru,2.5,2,1,0,86.0,76.0,1.0,1,2.2,REFURBISH_RESELL
A07794,Monitor,Kolkata,4.0,1,2,1,55.0,,4.0,1,5.0,HARVEST_PARTS
A07795,Monitor,Bengaluru,4.1,1,3,0,74.0,,5.0,1,5.0,REFURBISH_RESELL
A07796,Laptop,Gurugram,4.9,2,2,1,63.0,40.0,4.0,1,2.2,RECYCLE
A07797,Network,Bengaluru,2.2,3,2,0,87.0,,2.0,1,4.0,REFURBISH_RESELL
A07798,Laptop,Hyderabad,2.3,2,3,0,89.0,81.0,1.0,1,2.2,REDEPLOY
A07799,Laptop,Hyderabad,6.0,1,2,0,71.0,26.0,6.0,1,2.2,RECYCLE
A07800,Laptop,Mumbai,2.5,3,3,0,86.0,72.0,1.0,1,2.2,REDEPLOY
A07801,Server,Gurugram,4.6,2,2,1,22.0,,3.0,1,25.0,RECYCLE
A07802,Laptop,Chennai,3.7,2,2,0,74.0,70.0,4.0,0,2.2,HARVEST_PARTS
A07803,Desktop,Pune,2.8,1,1,0,84.0,,3.0,1,8.0,REDEPLOY
A07804,Laptop,Hyderabad,7.5,1,2,1,34.0,21.0,7.0,1,2.2,RECYCLE
A07805,Monitor,Pune,4.1,1,1,0,76.0,,4.0,1,5.0,REFURBISH_RESELL
A07806,Monitor,Kolkata,3.0,2,4,0,84.0,,3.0,1,5.0,REDEPLOY
A07807,Laptop,Hyderabad,1.7,1,4,1,68.0,82.0,2.0,1,2.2,REFURBISH_RESELL
A07808,Mobile,Bengaluru,5.4,2,3,1,27.0,59.0,5.0,1,0.2,RECYCLE
A07809,Laptop,Mumbai,2.5,3,4,0,78.0,75.0,4.0,1,2.2,REFURBISH_RESELL
A07810,Laptop,Bengaluru,7.2,2,2,0,59.0,7.0,7.0,1,2.2,HARVEST_PARTS
A07811,Desktop,Pune,3.9,1,4,0,82.0,,3.0,1,8.0,REFURBISH_RESELL
A07812,Monitor,Bengaluru,10.0,1,3,1,5.0,,9.0,1,5.0,RECYCLE
A07813,Laptop,Bengaluru,3.5,2,3,1,37.0,67.0,2.0,1,2.2,HARVEST_PARTS
A07814,Desktop,Bengaluru,2.4,1,2,0,82.0,,3.0,0,8.0,HARVEST_PARTS
A07815,Laptop,Hyderabad,4.2,1,4,0,80.0,55.0,3.0,1,2.2,REDEPLOY
A07816,Desktop,Mumbai,2.9,1,1,1,66.0,,3.0,1,8.0,HARVEST_PARTS
A07817,Monitor,Bengaluru,1.2,2,4,0,95.0,,1.0,1,5.0,REDEPLOY
A07818,Mobile,Noida,6.1,2,4,0,67.0,57.0,4.0,1,0.2,HARVEST_PARTS
A07819,Desktop,Mumbai,4.7,1,4,0,65.0,,4.0,1,8.0,REFURBISH_RESELL
A07820,Monitor,Hyderabad,2.7,2,2,1,39.0,,2.0,1,5.0,HARVEST_PARTS
A07821,Desktop,Bengaluru,2.2,1,4,0,81.0,,1.0,1,8.0,REDEPLOY
A07822,Laptop,Pune,2.3,1,4,0,87.0,79.0,2.0,1,2.2,REDEPLOY
A07823,Laptop,Bengaluru,4.1,3,4,1,64.0,51.0,4.0,1,2.2,RECYCLE
A07824,Mobile,Chennai,9.5,1,3,0,22.0,32.0,9.0,1,0.2,RECYCLE
A07825,Laptop,Noida,3.6,1,3,0,79.0,72.0,3.0,1,2.2,REDEPLOY
A07826,Monitor,Bengaluru,1.6,1,4,1,75.0,,0.0,0,5.0,HARVEST_PARTS
A07827,Laptop,Bengaluru,2.5,1,3,0,87.0,79.0,2.0,1,2.2,REDEPLOY
A07828,Server,Mumbai,4.3,2,2,1,56.0,,3.0,1,25.0,RECYCLE
A07829,Laptop,Mumbai,2.7,2,3,0,87.0,72.0,1.0,1,2.2,REDEPLOY
A07830,Mobile,Hyderabad,2.0,2,3,0,90.0,83.0,1.0,1,0.2,REDEPLOY
A07831,Monitor,Bengaluru,3.7,3,1,0,71.0,,4.0,1,5.0,REFURBISH_RESELL
A07832,Laptop,Chennai,2.5,2,2,0,82.0,69.0,2.0,1,2.2,REFURBISH_RESELL
A07833,Monitor,Bengaluru,4.4,1,2,1,47.0,,5.0,1,5.0,RECYCLE
A07834,Monitor,Mumbai,4.5,2,4,0,82.0,,5.0,1,5.0,REDEPLOY
A07835,Laptop,Mumbai,5.1,2,3,0,68.0,36.0,3.0,0,2.2,RECYCLE
A07836,Laptop,Gurugram,5.6,2,3,1,49.0,30.0,7.0,1,2.2,RECYCLE
A07837,Monitor,Noida,2.6,1,3,0,81.0,,3.0,1,5.0,REDEPLOY
A07838,Monitor,Gurugram,6.0,3,4,0,67.0,,6.0,1,5.0,REFURBISH_RESELL
A07839,Laptop,Noida,3.3,1,3,0,78.0,69.0,3.0,0,2.2,HARVEST_PARTS
A07840,Network,Noida,1.4,2,3,0,90.0,,1.0,1,4.0,REDEPLOY
A07841,Laptop,Hyderabad,5.7,1,3,1,51.0,49.0,4.0,1,2.2,RECYCLE
A07842,Laptop,Chennai,7.4,2,4,1,17.0,21.0,7.0,0,2.2,RECYCLE
A07843,Desktop,Noida,3.6,1,4,0,69.0,,1.0,1,8.0,REDEPLOY
A07844,Laptop,Kolkata,6.2,1,3,1,47.0,46.0,7.0,0,2.2,RECYCLE
A07845,Laptop,Pune,3.7,1,3,0,74.0,65.0,3.0,1,2.2,REDEPLOY
A07846,Desktop,Bengaluru,3.0,1,3,1,46.0,,3.0,1,8.0,HARVEST_PARTS
A07847,Laptop,Pune,3.7,1,2,0,70.0,59.0,2.0,1,2.2,REFURBISH_RESELL
A07848,Laptop,Noida,3.9,2,3,0,83.0,67.0,4.0,1,2.2,REFURBISH_RESELL
A07849,Monitor,Chennai,4.3,3,4,0,79.0,,4.0,1,5.0,REFURBISH_RESELL
A07850,Desktop,Mumbai,3.4,3,4,1,41.0,,4.0,1,8.0,RECYCLE
A07851,Server,Bengaluru,5.6,1,3,0,71.0,,6.0,1,25.0,REFURBISH_RESELL
A07852,Desktop,Mumbai,5.0,1,3,0,55.0,,3.0,1,8.0,REFURBISH_RESELL
A07853,Desktop,Chennai,2.3,3,3,0,81.0,,2.0,1,8.0,REDEPLOY
A07854,Laptop,Pune,3.1,3,4,0,75.0,62.0,2.0,1,2.2,REDEPLOY
A07855,Monitor,Pune,5.4,1,1,0,74.0,,4.0,1,5.0,HARVEST_PARTS
A07856,Laptop,Bengaluru,3.7,1,3,0,82.0,61.0,4.0,1,2.2,REFURBISH_RESELL
A07857,Laptop,Chennai,2.7,1,4,0,78.0,69.0,2.0,1,2.2,REDEPLOY
A07858,Server,Noida,3.6,1,2,0,78.0,,3.0,1,25.0,REFURBISH_RESELL
A07859,Monitor,Pune,1.8,2,4,0,86.0,,1.0,1,5.0,REDEPLOY
A07860,Monitor,Pune,6.9,1,4,0,51.0,,6.0,1,5.0,REFURBISH_RESELL
A07861,Laptop,Bengaluru,4.0,2,2,1,52.0,63.0,3.0,1,2.2,RECYCLE
A07862,Laptop,Hyderabad,2.9,1,1,1,41.0,78.0,4.0,0,2.2,RECYCLE
A07863,Desktop,Noida,1.8,1,3,0,87.0,,2.0,1,8.0,REDEPLOY
A07864,Monitor,Kolkata,8.5,2,3,0,39.0,,6.0,1,5.0,RECYCLE
A07865,Desktop,Gurugram,1.7,2,3,0,86.0,,2.0,1,8.0,REDEPLOY
A07866,Laptop,Hyderabad,4.8,1,3,0,69.0,45.0,4.0,1,2.2,HARVEST_PARTS
A07867,Laptop,Hyderabad,3.4,1,2,0,78.0,68.0,3.0,1,2.2,REFURBISH_RESELL
A07868,Desktop,Pune,3.6,1,2,0,69.0,,3.0,1,8.0,REFURBISH_RESELL
A07869,Monitor,Chennai,3.8,3,4,0,70.0,,4.0,1,5.0,REFURBISH_RESELL
A07870,Laptop,Chennai,3.0,3,4,0,75.0,69.0,3.0,1,2.2,REDEPLOY
A07871,Laptop,Mumbai,4.0,1,2,0,71.0,66.0,5.0,1,2.2,HARVEST_PARTS
A07872,Laptop,Bengaluru,4.2,3,3,0,75.0,50.0,4.0,1,2.2,REFURBISH_RESELL
A07873,Laptop,Bengaluru,5.3,2,1,0,54.0,36.0,5.0,1,2.2,RECYCLE
A07874,Desktop,Kolkata,5.0,1,4,0,74.0,,6.0,1,8.0,HARVEST_PARTS
A07875,Laptop,Noida,2.4,1,1,0,87.0,82.0,3.0,1,2.2,REFURBISH_RESELL
A07876,Monitor,Noida,2.6,3,4,1,48.0,,0.0,0,5.0,HARVEST_PARTS
A07877,Monitor,Hyderabad,6.0,2,4,0,55.0,,5.0,1,5.0,HARVEST_PARTS
A07878,Mobile,Mumbai,3.2,3,2,0,78.0,62.0,3.0,1,0.2,REFURBISH_RESELL
A07879,Mobile,Mumbai,4.6,1,3,0,68.0,46.0,5.0,1,0.2,HARVEST_PARTS
A07880,Laptop,Mumbai,6.6,3,4,0,50.0,31.0,7.0,1,2.2,RECYCLE
A07881,Laptop,Bengaluru,4.1,2,3,0,67.0,65.0,2.0,1,2.2,REDEPLOY
A07882,Laptop,Gurugram,2.3,2,3,1,54.0,81.0,1.0,1,2.2,HARVEST_PARTS
A07883,Monitor,Chennai,2.3,3,1,0,82.0,,2.0,1,5.0,REDEPLOY
A07884,Laptop,Gurugram,3.4,1,2,0,78.0,75.0,3.0,1,2.2,HARVEST_PARTS
A07885,Laptop,Bengaluru,3.4,2,3,0,71.0,58.0,3.0,1,2.2,REFURBISH_RESELL
A07886,Laptop,Hyderabad,2.1,1,3,0,91.0,83.0,2.0,1,2.2,REDEPLOY
A07887,Laptop,Gurugram,2.5,3,4,0,87.0,74.0,3.0,1,2.2,REDEPLOY
A07888,Monitor,Bengaluru,5.0,2,2,1,55.0,,6.0,1,5.0,RECYCLE
A07889,Monitor,Hyderabad,6.1,1,4,0,74.0,,5.0,1,5.0,REFURBISH_RESELL
A07890,Desktop,Chennai,3.2,1,4,0,77.0,,3.0,1,8.0,REDEPLOY
A07891,Mobile,Bengaluru,0.6,1,3,0,95.0,96.0,1.0,1,0.2,REDEPLOY
A07892,Laptop,Gurugram,4.9,1,2,0,68.0,44.0,4.0,1,2.2,HARVEST_PARTS
A07893,Laptop,Gurugram,1.5,1,3,0,88.0,85.0,3.0,1,2.2,REDEPLOY
A07894,Laptop,Bengaluru,1.9,3,3,0,86.0,84.0,1.0,1,2.2,REDEPLOY
A07895,Monitor,Mumbai,3.6,2,1,0,74.0,,4.0,1,5.0,REFURBISH_RESELL
A07896,Desktop,Gurugram,6.8,3,4,1,45.0,,6.0,1,8.0,RECYCLE
A07897,Laptop,Chennai,5.4,1,4,0,52.0,62.0,5.0,1,2.2,HARVEST_PARTS
A07898,Mobile,Chennai,5.1,1,4,0,67.0,44.0,4.0,1,0.2,REFURBISH_RESELL
A07899,Laptop,Bengaluru,3.6,3,3,1,34.0,74.0,3.0,1,2.2,RECYCLE
A07900,Laptop,Noida,2.0,2,2,0,88.0,74.0,1.0,1,2.2,REDEPLOY
A07901,Monitor,Mumbai,6.3,1,3,0,61.0,,6.0,0,5.0,HARVEST_PARTS
A07902,Mobile,Gurugram,2.1,3,3,0,84.0,73.0,3.0,1,0.2,REDEPLOY
A07903,Monitor,Chennai,4.6,1,3,0,63.0,,5.0,1,5.0,HARVEST_PARTS
A07904,Mobile,Bengaluru,4.2,1,3,0,78.0,60.0,4.0,1,0.2,REFURBISH_RESELL
A07905,Laptop,Noida,1.9,2,4,0,83.0,80.0,3.0,1,2.2,REDEPLOY
A07906,Monitor,Kolkata,1.5,2,4,0,94.0,,1.0,1,5.0,REDEPLOY
A07907,Server,Bengaluru,5.1,2,4,1,41.0,,6.0,1,25.0,RECYCLE
A07908,Desktop,Bengaluru,3.9,1,4,0,82.0,,3.0,0,8.0,HARVEST_PARTS
A07909,Laptop,Pune,6.3,1,4,0,57.0,23.0,6.0,1,2.2,HARVEST_PARTS
A07910,Mobile,Mumbai,4.5,1,4,0,68.0,61.0,3.0,1,0.2,REFURBISH_RESELL
A07911,Laptop,Chennai,4.2,1,3,1,50.0,63.0,4.0,1,2.2,RECYCLE
A07912,Laptop,Chennai,1.2,1,3,0,93.0,87.0,2.0,1,2.2,REDEPLOY
A07913,Network,Mumbai,4.2,2,4,0,67.0,,3.0,1,4.0,REFURBISH_RESELL
A07914,Mobile,Bengaluru,3.7,3,4,0,74.0,61.0,5.0,1,0.2,REFURBISH_RESELL
A07915,Mobile,Mumbai,4.5,3,4,0,73.0,63.0,4.0,0,0.2,HARVEST_PARTS
A07916,Network,Pune,3.7,2,2,0,75.0,,3.0,1,4.0,REFURBISH_RESELL
A07917,Laptop,Bengaluru,3.7,1,3,0,81.0,69.0,5.0,1,2.2,REFURBISH_RESELL
A07918,Mobile,Bengaluru,3.6,1,3,0,72.0,66.0,3.0,1,0.2,REFURBISH_RESELL
A07919,Laptop,Pune,2.8,3,3,0,81.0,72.0,1.0,1,2.2,REDEPLOY
A07920,Monitor,Hyderabad,5.1,1,4,1,25.0,,3.0,1,5.0,HARVEST_PARTS
A07921,Laptop,Gurugram,10.0,1,2,0,42.0,5.0,9.0,1,2.2,RECYCLE
A07922,Server,Mumbai,2.0,1,4,0,90.0,,1.0,1,25.0,REDEPLOY
A07923,Desktop,Hyderabad,2.4,2,3,0,85.0,,2.0,1,8.0,REDEPLOY
A07924,Server,Hyderabad,5.1,3,3,0,67.0,,4.0,1,25.0,REFURBISH_RESELL
A07925,Laptop,Mumbai,3.4,1,3,1,51.0,58.0,4.0,1,2.2,HARVEST_PARTS
A07926,Laptop,Pune,3.0,2,3,1,49.0,78.0,3.0,1,2.2,HARVEST_PARTS
A07927,Laptop,Chennai,1.5,2,2,0,92.0,82.0,2.0,1,2.2,REFURBISH_RESELL
A07928,Laptop,Chennai,2.5,3,3,0,83.0,82.0,3.0,1,2.2,REDEPLOY
A07929,Monitor,Hyderabad,2.3,1,2,0,85.0,,2.0,1,5.0,REDEPLOY
A07930,Laptop,Chennai,1.6,2,4,0,93.0,81.0,1.0,1,2.2,REDEPLOY
A07931,Desktop,Gurugram,5.9,3,3,0,57.0,,4.0,1,8.0,HARVEST_PARTS
A07932,Laptop,Bengaluru,4.1,3,4,0,75.0,68.0,4.0,1,2.2,REFURBISH_RESELL
A07933,Laptop,Mumbai,10.0,1,3,0,20.0,13.0,9.0,1,2.2,RECYCLE
A07934,Monitor,Gurugram,4.3,1,3,0,67.0,,5.0,1,5.0,REFURBISH_RESELL
A07935,Laptop,Gurugram,2.1,3,2,0,83.0,77.0,2.0,1,2.2,REDEPLOY
A07936,Laptop,Kolkata,4.5,3,2,0,76.0,56.0,4.0,1,2.2,REFURBISH_RESELL
A07937,Laptop,Hyderabad,4.9,1,3,0,62.0,41.0,6.0,1,2.2,HARVEST_PARTS
A07938,Laptop,Pune,2.9,1,3,1,65.0,64.0,4.0,1,2.2,HARVEST_PARTS
A07939,Monitor,Mumbai,4.8,1,2,1,43.0,,4.0,1,5.0,RECYCLE
A07940,Laptop,Bengaluru,4.8,2,2,0,65.0,43.0,5.0,1,2.2,RECYCLE
A07941,Laptop,Hyderabad,2.6,1,4,0,88.0,69.0,1.0,1,2.2,REDEPLOY
A07942,Monitor,Gurugram,5.3,1,3,1,39.0,,4.0,1,5.0,HARVEST_PARTS
A07943,Desktop,Gurugram,4.4,2,1,0,68.0,,4.0,1,8.0,HARVEST_PARTS
A07944,Desktop,Bengaluru,3.9,1,4,0,66.0,,4.0,1,8.0,REFURBISH_RESELL
A07945,Laptop,Hyderabad,4.1,3,3,0,78.0,49.0,3.0,1,2.2,HARVEST_PARTS
A07946,Mobile,Gurugram,2.1,1,4,0,88.0,74.0,1.0,1,0.2,REDEPLOY
A07947,Laptop,Bengaluru,7.1,1,2,0,42.0,20.0,6.0,1,2.2,RECYCLE
A07948,Laptop,Hyderabad,3.3,3,2,0,77.0,61.0,4.0,1,2.2,REFURBISH_RESELL
A07949,Mobile,Gurugram,3.2,1,1,0,80.0,60.0,3.0,1,0.2,REFURBISH_RESELL
A07950,Monitor,Gurugram,4.5,1,2,0,66.0,,4.0,1,5.0,REFURBISH_RESELL
A07951,Monitor,Pune,10.0,1,3,0,59.0,,9.0,1,5.0,HARVEST_PARTS
A07952,Network,Bengaluru,5.4,2,3,0,68.0,,5.0,1,4.0,REFURBISH_RESELL
A07953,Laptop,Mumbai,3.4,1,2,0,79.0,68.0,3.0,1,2.2,REFURBISH_RESELL
A07954,Server,Hyderabad,4.5,3,2,1,40.0,,4.0,1,25.0,RECYCLE
A07955,Monitor,Mumbai,4.5,3,4,0,60.0,,4.0,1,5.0,HARVEST_PARTS
A07956,Laptop,Bengaluru,3.9,1,4,0,65.0,51.0,2.0,1,2.2,HARVEST_PARTS
A07957,Laptop,Bengaluru,2.1,1,2,0,85.0,82.0,2.0,1,2.2,REDEPLOY
A07958,Laptop,Chennai,5.4,2,4,1,51.0,51.0,5.0,1,2.2,RECYCLE
A07959,Mobile,Mumbai,0.4,3,3,0,97.0,96.0,0.0,1,0.2,REDEPLOY
A07960,Laptop,Pune,3.1,1,2,0,73.0,65.0,2.0,1,2.2,REFURBISH_RESELL
A07961,Laptop,Noida,2.7,1,3,0,77.0,72.0,2.0,1,2.2,REDEPLOY
A07962,Monitor,Pune,3.2,1,4,0,82.0,,3.0,1,5.0,REDEPLOY
A07963,Monitor,Bengaluru,6.1,3,2,1,19.0,,4.0,1,5.0,RECYCLE
A07964,Laptop,Gurugram,3.0,1,3,0,86.0,64.0,3.0,1,2.2,REFURBISH_RESELL
A07965,Server,Kolkata,3.7,2,2,0,73.0,,3.0,1,25.0,REFURBISH_RESELL
A07966,Desktop,Noida,9.0,1,4,0,53.0,,8.0,1,8.0,RECYCLE
A07967,Server,Gurugram,3.1,2,4,1,45.0,,3.0,1,25.0,HARVEST_PARTS
A07968,Laptop,Noida,3.6,1,4,0,73.0,64.0,3.0,1,2.2,REFURBISH_RESELL
A07969,Laptop,Hyderabad,3.8,2,3,0,85.0,53.0,3.0,1,2.2,HARVEST_PARTS
A07970,Monitor,Bengaluru,3.1,1,2,0,79.0,,1.0,1,5.0,REDEPLOY
A07971,Laptop,Gurugram,3.6,1,3,0,77.0,55.0,3.0,1,2.2,REDEPLOY
A07972,Desktop,Noida,4.1,1,4,0,64.0,,4.0,1,8.0,REFURBISH_RESELL
A07973,Laptop,Kolkata,3.0,2,4,0,80.0,74.0,2.0,1,2.2,REDEPLOY
A07974,Monitor,Pune,1.5,2,2,1,73.0,,1.0,1,5.0,REFURBISH_RESELL
A07975,Network,Hyderabad,1.8,1,4,0,86.0,,1.0,1,4.0,REDEPLOY
A07976,Server,Chennai,3.8,1,4,1,35.0,,3.0,1,25.0,HARVEST_PARTS
A07977,Mobile,Bengaluru,7.5,1,2,0,49.0,13.0,7.0,0,0.2,RECYCLE
A07978,Mobile,Bengaluru,3.3,1,4,1,45.0,64.0,2.0,1,0.2,HARVEST_PARTS
A07979,Laptop,Mumbai,4.3,2,3,1,44.0,55.0,3.0,0,2.2,RECYCLE
A07980,Laptop,Chennai,6.3,1,3,0,66.0,19.0,4.0,1,2.2,HARVEST_PARTS
A07981,Network,Mumbai,4.8,2,3,0,60.0,,4.0,1,4.0,HARVEST_PARTS
A07982,Mobile,Bengaluru,3.8,2,4,0,77.0,72.0,2.0,1,0.2,REFURBISH_RESELL
A07983,Mobile,Chennai,3.6,3,3,0,68.0,74.0,3.0,1,0.2,REDEPLOY
A07984,Monitor,Hyderabad,2.7,2,4,0,77.0,,3.0,1,5.0,REDEPLOY
A07985,Laptop,Pune,5.4,1,1,0,64.0,52.0,5.0,1,2.2,RECYCLE
A07986,Mobile,Hyderabad,6.1,1,3,0,52.0,49.0,6.0,1,0.2,HARVEST_PARTS
A07987,Mobile,Bengaluru,0.5,1,2,0,96.0,95.0,-0.0,1,0.2,REDEPLOY
A07988,Monitor,Noida,5.4,1,4,0,69.0,,4.0,1,5.0,REFURBISH_RESELL
A07989,Network,Chennai,4.9,1,4,0,69.0,,5.0,1,4.0,HARVEST_PARTS
A07990,Desktop,Chennai,3.2,3,3,0,73.0,,2.0,1,8.0,HARVEST_PARTS
A07991,Mobile,Kolkata,2.8,1,2,0,82.0,72.0,2.0,1,0.2,REFURBISH_RESELL
A07992,Laptop,Bengaluru,4.7,2,4,0,74.0,42.0,3.0,1,2.2,HARVEST_PARTS
A07993,Network,Hyderabad,1.8,1,4,0,92.0,,1.0,0,4.0,HARVEST_PARTS
A07994,Laptop,Hyderabad,3.3,1,2,1,42.0,67.0,2.0,1,2.2,RECYCLE
A07995,Laptop,Noida,4.3,1,3,0,73.0,49.0,3.0,1,2.2,HARVEST_PARTS
A07996,Laptop,Chennai,6.7,1,2,0,57.0,53.0,6.0,1,2.2,RECYCLE
A07997,Desktop,Pune,7.9,1,4,1,5.0,,7.0,1,8.0,RECYCLE
A07998,Laptop,Bengaluru,2.2,3,2,0,80.0,81.0,1.0,1,2.2,REDEPLOY
A07999,Mobile,Noida,4.5,2,3,0,73.0,66.0,4.0,1,0.2,REFURBISH_RESELL
A08000,Desktop,Noida,3.8,1,4,1,53.0,,3.0,1,8.0,HARVEST_PARTS
A08001,Network,Mumbai,5.1,1,4,0,64.0,,6.0,1,4.0,HARVEST_PARTS
A08002,Laptop,Noida,3.6,3,2,0,70.0,72.0,2.0,1,2.2,REFURBISH_RESELL
A08003,Laptop,Mumbai,5.2,1,4,0,68.0,53.0,5.0,1,2.2,REFURBISH_RESELL
A08004,Monitor,Mumbai,4.3,1,4,0,73.0,,4.0,1,5.0,REDEPLOY
A08005,Monitor,Hyderabad,2.9,2,4,0,84.0,,2.0,1,5.0,REDEPLOY
A08006,Desktop,Bengaluru,5.2,2,3,0,61.0,,5.0,1,8.0,HARVEST_PARTS
A08007,Server,Pune,3.6,1,3,0,81.0,,3.0,1,25.0,REFURBISH_RESELL
A08008,Server,Mumbai,4.0,2,3,0,76.0,,4.0,0,25.0,HARVEST_PARTS
A08009,Desktop,Mumbai,2.5,1,2,0,84.0,,2.0,1,8.0,REDEPLOY
A08010,Mobile,Gurugram,3.4,2,4,0,72.0,74.0,2.0,1,0.2,REFURBISH_RESELL
A08011,Monitor,Mumbai,6.7,1,2,1,25.0,,6.0,1,5.0,RECYCLE
A08012,Monitor,Noida,3.0,3,1,0,80.0,,3.0,1,5.0,REDEPLOY
A08013,Laptop,Bengaluru,7.9,2,4,0,65.0,16.0,9.0,1,2.2,RECYCLE
A08014,Laptop,Gurugram,4.0,1,2,0,83.0,54.0,3.0,1,2.2,REFURBISH_RESELL
A08015,Laptop,Mumbai,4.4,2,4,0,75.0,64.0,5.0,1,2.2,REFURBISH_RESELL
A08016,Monitor,Noida,2.7,1,3,1,72.0,,3.0,1,5.0,HARVEST_PARTS
A08017,Monitor,Pune,5.4,3,4,0,72.0,,3.0,1,5.0,REFURBISH_RESELL
A08018,Laptop,Gurugram,1.7,1,4,0,85.0,79.0,3.0,1,2.2,REDEPLOY
A08019,Monitor,Pune,3.4,1,4,1,72.0,,2.0,0,5.0,HARVEST_PARTS
A08020,Laptop,Gurugram,2.7,2,4,0,78.0,68.0,3.0,1,2.2,REFURBISH_RESELL
A08021,Laptop,Gurugram,1.9,1,4,0,86.0,77.0,1.0,1,2.2,REDEPLOY
A08022,Mobile,Chennai,5.1,1,1,0,76.0,44.0,5.0,1,0.2,RECYCLE
A08023,Laptop,Pune,3.5,2,2,0,82.0,66.0,3.0,1,2.2,REFURBISH_RESELL
A08024,Laptop,Bengaluru,4.0,2,3,0,83.0,50.0,3.0,1,2.2,REFURBISH_RESELL
A08025,Desktop,Gurugram,2.8,1,3,0,88.0,,2.0,1,8.0,REDEPLOY
A08026,Laptop,Chennai,5.6,1,1,0,53.0,55.0,4.0,1,2.2,HARVEST_PARTS
A08027,Monitor,Chennai,4.3,2,1,1,24.0,,3.0,1,5.0,RECYCLE
A08028,Mobile,Hyderabad,7.2,3,2,0,38.0,39.0,5.0,1,0.2,RECYCLE
A08029,Desktop,Hyderabad,2.8,2,2,0,84.0,,2.0,0,8.0,HARVEST_PARTS
A08030,Desktop,Noida,2.8,2,3,0,88.0,,4.0,1,8.0,REFURBISH_RESELL
A08031,Laptop,Kolkata,4.8,2,2,0,62.0,41.0,4.0,1,2.2,HARVEST_PARTS
A08032,Desktop,Hyderabad,7.6,1,3,0,59.0,,7.0,1,8.0,HARVEST_PARTS
A08033,Laptop,Kolkata,3.0,1,3,0,85.0,66.0,2.0,1,2.2,REFURBISH_RESELL
A08034,Laptop,Pune,1.1,2,4,0,93.0,89.0,2.0,1,2.2,REDEPLOY
A08035,Network,Bengaluru,2.1,1,4,0,91.0,,3.0,1,4.0,REDEPLOY
A08036,Laptop,Chennai,6.7,1,1,1,45.0,17.0,6.0,1,2.2,RECYCLE
A08037,Desktop,Hyderabad,3.4,1,3,0,78.0,,2.0,1,8.0,REFURBISH_RESELL
A08038,Laptop,Bengaluru,8.3,2,2,1,25.0,41.0,7.0,1,2.2,RECYCLE
A08039,Server,Hyderabad,2.2,2,4,0,84.0,,1.0,1,25.0,REDEPLOY
A08040,Laptop,Bengaluru,4.9,3,3,0,80.0,65.0,5.0,1,2.2,REFURBISH_RESELL
A08041,Laptop,Chennai,4.9,1,4,0,78.0,47.0,4.0,1,2.2,REFURBISH_RESELL
A08042,Server,Noida,1.8,3,2,0,91.0,,1.0,1,25.0,REDEPLOY
A08043,Desktop,Noida,1.8,1,3,0,90.0,,1.0,1,8.0,REDEPLOY
A08044,Mobile,Mumbai,3.4,2,3,0,74.0,71.0,4.0,1,0.2,HARVEST_PARTS
A08045,Laptop,Hyderabad,5.1,2,4,1,51.0,40.0,4.0,1,2.2,RECYCLE
A08046,Monitor,Mumbai,4.6,1,3,0,77.0,,5.0,1,5.0,REFURBISH_RESELL
A08047,Mobile,Hyderabad,3.6,3,3,1,43.0,69.0,3.0,1,0.2,RECYCLE
A08048,Desktop,Pune,3.5,1,2,1,57.0,,3.0,1,8.0,RECYCLE
A08049,Monitor,Kolkata,1.3,1,2,1,76.0,,1.0,1,5.0,REFURBISH_RESELL
A08050,Laptop,Noida,2.5,1,3,0,89.0,80.0,3.0,1,2.2,REDEPLOY
A08051,Monitor,Hyderabad,1.6,1,3,0,91.0,,2.0,1,5.0,REDEPLOY
A08052,Mobile,Bengaluru,4.5,2,1,1,41.0,58.0,4.0,1,0.2,RECYCLE
A08053,Monitor,Hyderabad,2.1,1,3,0,82.0,,1.0,1,5.0,REDEPLOY
A08054,Mobile,Gurugram,6.6,1,3,0,55.0,37.0,5.0,1,0.2,HARVEST_PARTS
A08055,Desktop,Bengaluru,4.0,1,4,0,81.0,,5.0,1,8.0,REFURBISH_RESELL
A08056,Desktop,Pune,2.5,2,3,0,81.0,,3.0,1,8.0,REFURBISH_RESELL
A08057,Laptop,Pune,6.1,1,4,0,47.0,36.0,7.0,1,2.2,RECYCLE
A08058,Monitor,Mumbai,10.0,2,4,0,58.0,,9.0,0,5.0,HARVEST_PARTS
A08059,Network,Pune,2.0,1,4,0,87.0,,2.0,1,4.0,REDEPLOY
A08060,Monitor,Bengaluru,2.0,2,3,0,88.0,,-0.0,1,5.0,REDEPLOY
A08061,Laptop,Bengaluru,2.4,3,4,0,83.0,77.0,3.0,1,2.2,REDEPLOY
A08062,Desktop,Hyderabad,6.1,1,2,0,72.0,,6.0,1,8.0,HARVEST_PARTS
A08063,Monitor,Mumbai,8.3,1,3,1,49.0,,9.0,1,5.0,RECYCLE
A08064,Mobile,Noida,1.6,3,4,0,89.0,87.0,0.0,1,0.2,REDEPLOY
A08065,Laptop,Chennai,10.0,1,3,0,36.0,6.0,8.0,1,2.2,RECYCLE
A08066,Laptop,Noida,5.1,2,4,1,49.0,42.0,5.0,1,2.2,RECYCLE
A08067,Laptop,Hyderabad,3.1,1,4,1,60.0,65.0,3.0,1,2.2,HARVEST_PARTS
A08068,Laptop,Hyderabad,4.9,1,4,1,36.0,61.0,3.0,1,2.2,RECYCLE
A08069,Mobile,Chennai,6.2,2,2,1,32.0,39.0,6.0,1,0.2,RECYCLE
A08070,Laptop,Bengaluru,2.5,1,3,1,39.0,76.0,2.0,1,2.2,HARVEST_PARTS
A08071,Desktop,Kolkata,6.2,3,4,1,33.0,,5.0,1,8.0,RECYCLE
A08072,Laptop,Gurugram,3.8,1,3,0,70.0,67.0,3.0,1,2.2,REFURBISH_RESELL
A08073,Laptop,Mumbai,1.6,1,4,0,86.0,82.0,1.0,1,2.2,REDEPLOY
A08074,Mobile,Mumbai,5.1,1,2,0,67.0,39.0,4.0,1,0.2,HARVEST_PARTS
A08075,Desktop,Pune,7.4,2,1,0,66.0,,5.0,1,8.0,RECYCLE
A08076,Laptop,Hyderabad,4.7,1,4,0,61.0,66.0,6.0,1,2.2,REFURBISH_RESELL
A08077,Laptop,Hyderabad,2.2,1,4,0,90.0,81.0,3.0,1,2.2,REDEPLOY
A08078,Mobile,Pune,4.7,1,2,0,73.0,46.0,5.0,1,0.2,HARVEST_PARTS
A08079,Mobile,Pune,4.3,2,3,0,66.0,55.0,4.0,1,0.2,REFURBISH_RESELL
A08080,Laptop,Mumbai,4.9,1,2,0,75.0,40.0,4.0,1,2.2,HARVEST_PARTS
A08081,Monitor,Hyderabad,1.6,3,3,0,92.0,,0.0,1,5.0,REDEPLOY
A08082,Laptop,Kolkata,1.7,1,4,0,86.0,87.0,2.0,1,2.2,REDEPLOY
A08083,Desktop,Hyderabad,2.9,1,2,1,60.0,,2.0,1,8.0,HARVEST_PARTS
A08084,Laptop,Hyderabad,5.7,1,4,0,63.0,40.0,7.0,1,2.2,HARVEST_PARTS
A08085,Server,Chennai,5.3,1,4,0,72.0,,5.0,1,25.0,REFURBISH_RESELL
A08086,Mobile,Bengaluru,6.0,2,1,0,65.0,48.0,5.0,1,0.2,HARVEST_PARTS
A08087,Laptop,Gurugram,4.9,3,3,0,61.0,58.0,4.0,1,2.2,HARVEST_PARTS
A08088,Desktop,Kolkata,5.5,2,3,0,54.0,,6.0,1,8.0,HARVEST_PARTS
A08089,Laptop,Pune,4.3,3,4,0,73.0,63.0,2.0,1,2.2,REFURBISH_RESELL
A08090,Laptop,Hyderabad,3.6,2,4,1,56.0,73.0,3.0,1,2.2,HARVEST_PARTS
A08091,Laptop,Gurugram,5.2,1,3,1,38.0,36.0,4.0,1,2.2,RECYCLE
A08092,Laptop,Hyderabad,2.1,1,2,0,89.0,77.0,3.0,1,2.2,REDEPLOY
A08093,Mobile,Hyderabad,2.4,2,3,0,81.0,71.0,2.0,1,0.2,REDEPLOY
A08094,Laptop,Kolkata,2.0,3,2,0,83.0,84.0,1.0,1,2.2,REDEPLOY
A08095,Network,Mumbai,4.2,2,3,0,80.0,,4.0,1,4.0,REFURBISH_RESELL
A08096,Laptop,Hyderabad,2.1,2,4,0,88.0,76.0,3.0,0,2.2,HARVEST_PARTS
A08097,Desktop,Hyderabad,1.0,1,3,0,95.0,,1.0,1,8.0,REDEPLOY
A08098,Desktop,Gurugram,1.8,2,4,0,92.0,,2.0,1,8.0,REDEPLOY
A08099,Mobile,Gurugram,7.4,2,4,1,29.0,11.0,7.0,1,0.2,RECYCLE
A08100,Laptop,Bengaluru,4.2,3,4,0,77.0,63.0,3.0,1,2.2,REFURBISH_RESELL
A08101,Laptop,Mumbai,6.1,2,2,0,68.0,26.0,7.0,0,2.2,HARVEST_PARTS
A08102,Monitor,Kolkata,1.7,1,4,0,90.0,,1.0,1,5.0,REDEPLOY
A08103,Monitor,Chennai,4.8,2,3,0,64.0,,4.0,1,5.0,REFURBISH_RESELL
A08104,Monitor,Gurugram,2.0,1,2,0,89.0,,3.0,1,5.0,REDEPLOY
A08105,Laptop,Mumbai,4.8,1,3,1,41.0,39.0,4.0,1,2.2,RECYCLE
A08106,Laptop,Bengaluru,0.9,2,4,0,93.0,90.0,1.0,1,2.2,REDEPLOY
A08107,Server,Bengaluru,6.0,3,3,0,74.0,,4.0,1,25.0,REFURBISH_RESELL
A08108,Monitor,Chennai,5.1,2,2,1,59.0,,3.0,1,5.0,RECYCLE
A08109,Monitor,Gurugram,4.0,1,3,0,73.0,,4.0,1,5.0,REDEPLOY
A08110,Laptop,Noida,7.2,1,4,0,61.0,28.0,6.0,1,2.2,RECYCLE
A08111,Laptop,Gurugram,5.7,1,3,0,50.0,37.0,6.0,1,2.2,RECYCLE
A08112,Mobile,Kolkata,2.6,2,3,1,77.0,72.0,3.0,1,0.2,HARVEST_PARTS
A08113,Monitor,Hyderabad,2.0,2,3,0,89.0,,1.0,1,5.0,REDEPLOY
A08114,Laptop,Chennai,10.0,1,4,0,60.0,5.0,10.0,1,2.2,RECYCLE
A08115,Mobile,Bengaluru,2.7,1,1,0,89.0,68.0,2.0,1,0.2,REDEPLOY
A08116,Desktop,Bengaluru,3.6,2,1,0,84.0,,4.0,1,8.0,HARVEST_PARTS
A08117,Laptop,Bengaluru,2.3,1,3,1,61.0,74.0,3.0,1,2.2,HARVEST_PARTS
A08118,Laptop,Hyderabad,5.5,2,4,0,69.0,45.0,5.0,1,2.2,RECYCLE
A08119,Monitor,Pune,2.4,2,4,0,85.0,,3.0,1,5.0,REDEPLOY
A08120,Laptop,Hyderabad,3.9,1,3,0,77.0,70.0,3.0,1,2.2,REFURBISH_RESELL
A08121,Desktop,Chennai,4.7,1,4,0,79.0,,4.0,1,8.0,REFURBISH_RESELL
A08122,Monitor,Bengaluru,2.8,2,3,0,80.0,,3.0,1,5.0,REDEPLOY
A08123,Laptop,Noida,4.7,1,1,0,73.0,41.0,5.0,1,2.2,HARVEST_PARTS
A08124,Mobile,Noida,8.0,1,4,0,47.0,5.0,6.0,1,0.2,HARVEST_PARTS
A08125,Laptop,Kolkata,4.3,3,4,0,66.0,60.0,4.0,1,2.2,REFURBISH_RESELL
A08126,Laptop,Noida,5.3,1,4,0,55.0,38.0,4.0,1,2.2,HARVEST_PARTS
A08127,Monitor,Kolkata,3.2,3,3,0,73.0,,2.0,1,5.0,REDEPLOY
A08128,Monitor,Pune,3.1,1,2,0,82.0,,4.0,1,5.0,REDEPLOY
A08129,Laptop,Noida,2.0,1,4,0,90.0,75.0,2.0,1,2.2,REDEPLOY
A08130,Monitor,Hyderabad,4.1,1,3,0,72.0,,4.0,1,5.0,REFURBISH_RESELL
A08131,Mobile,Mumbai,6.1,2,3,1,15.0,43.0,6.0,1,0.2,RECYCLE
A08132,Server,Bengaluru,5.2,3,3,1,31.0,,5.0,1,25.0,RECYCLE
A08133,Server,Gurugram,3.1,1,4,0,81.0,,3.0,1,25.0,REDEPLOY
A08134,Laptop,Noida,3.3,3,2,1,43.0,61.0,3.0,1,2.2,HARVEST_PARTS
A08135,Laptop,Chennai,8.1,2,2,0,60.0,25.0,7.0,1,2.2,RECYCLE
A08136,Desktop,Pune,4.9,3,4,1,54.0,,5.0,1,8.0,RECYCLE
A08137,Laptop,Kolkata,5.6,2,3,0,52.0,45.0,5.0,1,2.2,HARVEST_PARTS
A08138,Monitor,Bengaluru,5.9,2,3,0,48.0,,6.0,1,5.0,HARVEST_PARTS
A08139,Laptop,Kolkata,3.1,3,4,0,76.0,63.0,4.0,1,2.2,REFURBISH_RESELL
A08140,Laptop,Bengaluru,2.9,2,3,0,84.0,77.0,2.0,1,2.2,REDEPLOY
A08141,Laptop,Pune,3.1,2,4,0,86.0,65.0,4.0,0,2.2,HARVEST_PARTS
A08142,Laptop,Bengaluru,2.9,1,2,0,88.0,77.0,2.0,1,2.2,REFURBISH_RESELL
A08143,Laptop,Mumbai,7.3,1,3,0,70.0,27.0,7.0,1,2.2,RECYCLE
A08144,Monitor,Pune,3.5,2,2,0,81.0,,4.0,1,5.0,REFURBISH_RESELL
A08145,Desktop,Gurugram,6.8,1,1,1,30.0,,7.0,1,8.0,RECYCLE
A08146,Laptop,Chennai,3.6,1,3,0,81.0,71.0,4.0,1,2.2,REFURBISH_RESELL
A08147,Laptop,Gurugram,3.7,3,3,1,40.0,74.0,4.0,0,2.2,RECYCLE
A08148,Server,Bengaluru,1.4,2,1,1,66.0,,2.0,0,25.0,HARVEST_PARTS
A08149,Laptop,Hyderabad,3.0,3,4,0,86.0,69.0,2.0,1,2.2,REDEPLOY
A08150,Desktop,Bengaluru,7.4,1,4,1,43.0,,8.0,1,8.0,RECYCLE
A08151,Desktop,Bengaluru,7.3,1,3,0,42.0,,5.0,1,8.0,RECYCLE
A08152,Desktop,Bengaluru,3.0,1,3,0,81.0,,3.0,1,8.0,REDEPLOY
A08153,Network,Mumbai,1.1,3,1,0,92.0,,1.0,1,4.0,REDEPLOY
A08154,Monitor,Mumbai,2.4,1,3,1,71.0,,2.0,1,5.0,HARVEST_PARTS
A08155,Mobile,Mumbai,3.0,3,3,0,86.0,76.0,5.0,0,0.2,HARVEST_PARTS
A08156,Network,Hyderabad,3.0,1,3,0,77.0,,3.0,1,4.0,REFURBISH_RESELL
A08157,Laptop,Chennai,3.0,1,3,0,86.0,64.0,2.0,1,2.2,REDEPLOY
A08158,Laptop,Gurugram,3.9,2,2,0,71.0,69.0,2.0,1,2.2,REFURBISH_RESELL
A08159,Laptop,Chennai,2.2,2,3,0,81.0,74.0,1.0,1,2.2,REFURBISH_RESELL
A08160,Laptop,Hyderabad,3.7,1,2,0,83.0,69.0,4.0,1,2.2,REFURBISH_RESELL
A08161,Desktop,Hyderabad,4.4,1,4,0,80.0,,4.0,1,8.0,REFURBISH_RESELL
A08162,Laptop,Hyderabad,3.1,1,2,1,42.0,70.0,3.0,1,2.2,HARVEST_PARTS
A08163,Laptop,Bengaluru,4.0,2,1,1,37.0,68.0,3.0,1,2.2,RECYCLE
A08164,Laptop,Gurugram,8.0,1,1,1,10.0,8.0,6.0,1,2.2,RECYCLE
A08165,Monitor,Kolkata,5.3,1,1,0,75.0,,6.0,1,5.0,REFURBISH_RESELL
A08166,Monitor,Bengaluru,4.9,1,2,0,65.0,,5.0,1,5.0,REFURBISH_RESELL
A08167,Mobile,Pune,3.2,1,3,0,79.0,73.0,3.0,1,0.2,REDEPLOY
A08168,Laptop,Gurugram,2.9,2,4,0,83.0,65.0,4.0,1,2.2,REDEPLOY
A08169,Laptop,Hyderabad,3.8,2,4,0,71.0,66.0,3.0,1,2.2,REFURBISH_RESELL
A08170,Mobile,Pune,4.9,3,2,0,75.0,54.0,4.0,1,0.2,RECYCLE
A08171,Monitor,Bengaluru,4.3,2,3,0,66.0,,4.0,1,5.0,REFURBISH_RESELL
A08172,Desktop,Kolkata,4.1,1,3,0,70.0,,3.0,1,8.0,REFURBISH_RESELL
A08173,Desktop,Hyderabad,5.7,2,3,1,42.0,,5.0,1,8.0,RECYCLE
A08174,Laptop,Mumbai,4.7,3,3,0,71.0,65.0,4.0,0,2.2,HARVEST_PARTS
A08175,Network,Hyderabad,5.5,1,3,0,64.0,,5.0,1,4.0,HARVEST_PARTS
A08176,Monitor,Hyderabad,2.4,1,2,0,85.0,,3.0,1,5.0,REDEPLOY
A08177,Desktop,Mumbai,2.0,1,4,0,87.0,,2.0,1,8.0,REDEPLOY
A08178,Desktop,Mumbai,7.6,3,2,1,5.0,,7.0,1,8.0,RECYCLE
A08179,Laptop,Gurugram,1.0,1,4,0,93.0,87.0,1.0,1,2.2,REDEPLOY
A08180,Laptop,Pune,2.2,1,2,0,89.0,77.0,2.0,1,2.2,REFURBISH_RESELL
A08181,Monitor,Bengaluru,3.2,2,2,1,50.0,,3.0,1,5.0,REFURBISH_RESELL
A08182,Desktop,Mumbai,6.8,2,1,0,63.0,,5.0,1,8.0,HARVEST_PARTS
A08183,Laptop,Chennai,2.0,1,4,0,90.0,76.0,1.0,1,2.2,REDEPLOY
A08184,Laptop,Bengaluru,1.4,1,2,0,87.0,85.0,1.0,1,2.2,REDEPLOY
A08185,Mobile,Mumbai,2.5,2,3,0,82.0,76.0,3.0,1,0.2,REDEPLOY
A08186,Laptop,Chennai,3.0,1,4,1,50.0,77.0,3.0,1,2.2,HARVEST_PARTS
A08187,Laptop,Pune,4.0,1,4,1,47.0,62.0,5.0,1,2.2,HARVEST_PARTS
A08188,Monitor,Gurugram,5.0,1,2,0,70.0,,5.0,1,5.0,REFURBISH_RESELL
A08189,Server,Hyderabad,5.8,2,1,1,34.0,,7.0,1,25.0,RECYCLE
A08190,Monitor,Bengaluru,1.8,1,3,0,86.0,,3.0,1,5.0,REDEPLOY
A08191,Network,Noida,1.0,2,4,0,93.0,,0.0,1,4.0,REDEPLOY
A08192,Laptop,Hyderabad,3.9,1,3,1,53.0,50.0,3.0,1,2.2,RECYCLE
A08193,Mobile,Pune,2.0,1,4,1,77.0,80.0,1.0,1,0.2,REFURBISH_RESELL
A08194,Mobile,Mumbai,2.9,2,4,0,77.0,77.0,3.0,1,0.2,REDEPLOY
A08195,Desktop,Pune,3.3,1,2,0,74.0,,3.0,1,8.0,REFURBISH_RESELL
A08196,Monitor,Pune,3.0,1,4,1,54.0,,3.0,1,5.0,REFURBISH_RESELL
A08197,Laptop,Mumbai,1.3,3,3,0,94.0,91.0,-0.0,1,2.2,REDEPLOY
A08198,Laptop,Gurugram,4.1,3,3,0,69.0,67.0,3.0,1,2.2,HARVEST_PARTS
A08199,Laptop,Hyderabad,8.9,2,4,0,27.0,5.0,7.0,1,2.2,RECYCLE
A08200,Laptop,Pune,3.7,2,3,0,75.0,72.0,3.0,1,2.2,REFURBISH_RESELL
A08201,Mobile,Mumbai,9.6,2,4,0,28.0,24.0,8.0,1,0.2,RECYCLE
A08202,Laptop,Bengaluru,1.0,1,3,1,59.0,87.0,0.0,1,2.2,REFURBISH_RESELL
A08203,Desktop,Chennai,2.5,1,3,1,80.0,,1.0,1,8.0,REFURBISH_RESELL
A08204,Laptop,Chennai,8.2,2,2,1,18.0,5.0,8.0,1,2.2,RECYCLE
A08205,Laptop,Hyderabad,2.4,2,4,0,85.0,75.0,4.0,1,2.2,REDEPLOY
A08206,Laptop,Mumbai,4.3,1,4,0,62.0,55.0,4.0,0,2.2,HARVEST_PARTS
A08207,Laptop,Mumbai,3.7,3,3,1,57.0,64.0,4.0,1,2.2,HARVEST_PARTS
A08208,Monitor,Bengaluru,3.2,1,2,0,73.0,,5.0,1,5.0,REDEPLOY
A08209,Mobile,Bengaluru,5.8,1,3,0,73.0,26.0,6.0,1,0.2,HARVEST_PARTS
A08210,Laptop,Bengaluru,3.8,1,1,1,45.0,53.0,4.0,1,2.2,RECYCLE
A08211,Mobile,Kolkata,5.3,2,4,1,58.0,57.0,3.0,1,0.2,HARVEST_PARTS
A08212,Monitor,Mumbai,8.3,1,2,1,40.0,,8.0,1,5.0,RECYCLE
A08213,Monitor,Chennai,5.9,1,3,0,57.0,,5.0,1,5.0,HARVEST_PARTS
A08214,Laptop,Bengaluru,2.2,2,4,0,85.0,74.0,2.0,1,2.2,REDEPLOY
A08215,Laptop,Bengaluru,10.0,2,4,0,18.0,5.0,10.0,1,2.2,RECYCLE
A08216,Network,Mumbai,4.9,1,3,0,60.0,,4.0,1,4.0,REFURBISH_RESELL
A08217,Desktop,Bengaluru,3.4,2,3,0,81.0,,3.0,1,8.0,REFURBISH_RESELL
A08218,Laptop,Kolkata,2.0,3,3,0,84.0,76.0,1.0,1,2.2,REDEPLOY
A08219,Server,Gurugram,3.9,1,2,0,66.0,,3.0,1,25.0,REFURBISH_RESELL
A08220,Laptop,Gurugram,2.6,2,4,0,85.0,80.0,2.0,1,2.2,REDEPLOY
A08221,Monitor,Mumbai,1.7,1,2,0,90.0,,-0.0,1,5.0,REDEPLOY
A08222,Laptop,Chennai,2.1,1,3,0,90.0,76.0,3.0,1,2.2,REDEPLOY
A08223,Mobile,Mumbai,1.5,1,4,0,87.0,86.0,1.0,1,0.2,REDEPLOY
A08224,Laptop,Bengaluru,1.2,3,3,0,89.0,85.0,1.0,1,2.2,REDEPLOY
A08225,Laptop,Chennai,3.1,1,3,1,53.0,69.0,2.0,1,2.2,HARVEST_PARTS
A08226,Monitor,Gurugram,3.5,3,4,0,86.0,,3.0,1,5.0,REFURBISH_RESELL
A08227,Laptop,Mumbai,4.6,1,3,1,48.0,43.0,4.0,1,2.2,RECYCLE
A08228,Mobile,Gurugram,10.0,1,3,1,5.0,5.0,7.0,1,0.2,RECYCLE
A08229,Monitor,Bengaluru,4.8,1,4,0,79.0,,5.0,1,5.0,REFURBISH_RESELL
A08230,Laptop,Gurugram,2.9,1,3,0,82.0,75.0,4.0,1,2.2,REFURBISH_RESELL
A08231,Laptop,Pune,3.1,1,3,0,86.0,75.0,3.0,1,2.2,REDEPLOY
A08232,Mobile,Mumbai,4.2,1,2,1,54.0,48.0,4.0,1,0.2,RECYCLE
A08233,Monitor,Hyderabad,2.1,2,3,0,85.0,,2.0,1,5.0,REDEPLOY
A08234,Network,Gurugram,5.2,2,3,0,63.0,,4.0,1,4.0,REFURBISH_RESELL
A08235,Laptop,Pune,3.2,3,3,0,82.0,70.0,3.0,1,2.2,REFURBISH_RESELL
A08236,Mobile,Hyderabad,5.6,1,1,1,36.0,45.0,5.0,1,0.2,RECYCLE
A08237,Desktop,Bengaluru,4.0,2,4,0,69.0,,4.0,1,8.0,REFURBISH_RESELL
A08238,Monitor,Kolkata,3.4,1,3,0,85.0,,2.0,1,5.0,REDEPLOY
A08239,Laptop,Bengaluru,6.4,1,4,1,37.0,49.0,6.0,1,2.2,RECYCLE
A08240,Laptop,Pune,1.6,1,4,1,77.0,82.0,1.0,1,2.2,REFURBISH_RESELL
A08241,Mobile,Bengaluru,4.5,3,2,0,73.0,58.0,4.0,1,0.2,HARVEST_PARTS
A08242,Mobile,Gurugram,1.5,1,3,0,89.0,82.0,2.0,1,0.2,REDEPLOY
A08243,Laptop,Hyderabad,7.6,1,4,1,51.0,26.0,5.0,1,2.2,RECYCLE
A08244,Mobile,Chennai,4.1,1,3,0,73.0,47.0,4.0,1,0.2,REFURBISH_RESELL
A08245,Laptop,Chennai,3.7,1,3,0,75.0,52.0,4.0,1,2.2,HARVEST_PARTS
A08246,Laptop,Mumbai,5.7,1,1,0,74.0,29.0,6.0,1,2.2,RECYCLE
A08247,Laptop,Bengaluru,2.9,2,1,0,87.0,70.0,1.0,1,2.2,REFURBISH_RESELL
A08248,Laptop,Bengaluru,3.3,2,4,0,80.0,74.0,4.0,1,2.2,HARVEST_PARTS
A08249,Laptop,Mumbai,2.0,1,2,0,83.0,79.0,1.0,1,2.2,REDEPLOY
A08250,Laptop,Pune,2.8,1,3,0,80.0,74.0,3.0,1,2.2,REFURBISH_RESELL
A08251,Laptop,Hyderabad,5.0,1,3,1,36.0,63.0,5.0,1,2.2,RECYCLE
A08252,Monitor,Hyderabad,3.3,1,4,1,45.0,,4.0,1,5.0,HARVEST_PARTS
A08253,Server,Hyderabad,2.4,1,2,0,84.0,,2.0,1,25.0,REDEPLOY
A08254,Monitor,Hyderabad,6.5,1,3,1,48.0,,4.0,1,5.0,RECYCLE
A08255,Laptop,Mumbai,6.1,1,1,1,32.0,28.0,5.0,1,2.2,RECYCLE
A08256,Monitor,Pune,9.9,1,2,0,13.0,,9.0,1,5.0,RECYCLE
A08257,Laptop,Mumbai,2.5,2,3,0,78.0,71.0,2.0,1,2.2,REDEPLOY
A08258,Monitor,Pune,6.1,2,2,0,69.0,,5.0,0,5.0,HARVEST_PARTS
A08259,Desktop,Noida,5.0,1,3,0,66.0,,5.0,1,8.0,HARVEST_PARTS
A08260,Laptop,Bengaluru,4.2,1,2,1,40.0,56.0,6.0,1,2.2,RECYCLE
A08261,Laptop,Bengaluru,7.9,2,4,0,51.0,33.0,7.0,1,2.2,RECYCLE
A08262,Server,Mumbai,4.5,1,3,1,47.0,,5.0,0,25.0,HARVEST_PARTS
A08263,Mobile,Hyderabad,2.6,3,2,0,89.0,72.0,3.0,1,0.2,REFURBISH_RESELL
A08264,Monitor,Gurugram,3.2,2,4,0,84.0,,2.0,1,5.0,REDEPLOY
A08265,Mobile,Pune,1.6,2,2,0,93.0,86.0,0.0,1,0.2,REDEPLOY
A08266,Mobile,Pune,4.9,1,4,0,68.0,42.0,5.0,1,0.2,HARVEST_PARTS
A08267,Laptop,Noida,7.8,1,3,1,35.0,23.0,7.0,0,2.2,RECYCLE
A08268,Monitor,Mumbai,4.5,1,3,0,71.0,,4.0,1,5.0,REFURBISH_RESELL
A08269,Laptop,Kolkata,4.2,1,4,0,79.0,58.0,4.0,1,2.2,REFURBISH_RESELL
A08270,Desktop,Bengaluru,5.6,2,2,0,59.0,,4.0,1,8.0,HARVEST_PARTS
A08271,Laptop,Hyderabad,5.2,3,4,0,55.0,35.0,5.0,1,2.2,HARVEST_PARTS
A08272,Mobile,Hyderabad,6.6,3,2,0,54.0,40.0,6.0,1,0.2,RECYCLE
A08273,Monitor,Mumbai,3.8,1,1,0,83.0,,3.0,1,5.0,REFURBISH_RESELL
A08274,Laptop,Bengaluru,4.7,3,3,1,50.0,57.0,3.0,1,2.2,RECYCLE
A08275,Laptop,Kolkata,3.7,2,1,0,70.0,59.0,2.0,1,2.2,REFURBISH_RESELL
A08276,Laptop,Mumbai,1.9,1,3,0,88.0,81.0,3.0,1,2.2,REDEPLOY
A08277,Monitor,Bengaluru,2.2,3,1,0,84.0,,1.0,1,5.0,REFURBISH_RESELL
A08278,Mobile,Hyderabad,2.7,3,2,0,80.0,66.0,3.0,1,0.2,REFURBISH_RESELL
A08279,Laptop,Hyderabad,1.9,1,3,0,90.0,80.0,2.0,1,2.2,REDEPLOY
A08280,Desktop,Bengaluru,4.1,2,1,1,39.0,,5.0,1,8.0,RECYCLE
A08281,Desktop,Chennai,5.8,2,3,0,56.0,,7.0,1,8.0,HARVEST_PARTS
A08282,Laptop,Bengaluru,2.9,2,3,0,88.0,79.0,2.0,1,2.2,REFURBISH_RESELL
A08283,Desktop,Mumbai,1.4,1,2,0,91.0,,1.0,1,8.0,REDEPLOY
A08284,Laptop,Pune,2.6,1,3,0,88.0,75.0,2.0,1,2.2,REFURBISH_RESELL
A08285,Laptop,Bengaluru,3.3,3,4,0,78.0,65.0,3.0,1,2.2,REFURBISH_RESELL
A08286,Laptop,Gurugram,5.6,1,3,0,64.0,40.0,4.0,1,2.2,HARVEST_PARTS
A08287,Mobile,Bengaluru,3.9,1,3,1,34.0,52.0,4.0,1,0.2,RECYCLE
A08288,Laptop,Gurugram,3.9,1,4,0,78.0,72.0,3.0,1,2.2,REDEPLOY
A08289,Laptop,Bengaluru,4.8,1,3,0,75.0,49.0,3.0,0,2.2,HARVEST_PARTS
A08290,Monitor,Gurugram,6.0,1,4,0,62.0,,5.0,1,5.0,REFURBISH_RESELL
A08291,Mobile,Bengaluru,7.7,1,4,1,39.0,39.0,6.0,1,0.2,RECYCLE
A08292,Desktop,Noida,2.9,3,2,1,60.0,,3.0,1,8.0,RECYCLE
A08293,Laptop,Hyderabad,3.8,1,4,0,75.0,56.0,3.0,1,2.2,REDEPLOY
A08294,Monitor,Noida,2.9,3,2,0,81.0,,3.0,1,5.0,REFURBISH_RESELL
A08295,Laptop,Hyderabad,4.7,3,3,0,73.0,66.0,3.0,1,2.2,HARVEST_PARTS
A08296,Monitor,Noida,1.4,1,1,1,76.0,,1.0,1,5.0,HARVEST_PARTS
A08297,Laptop,Pune,8.7,1,2,0,33.0,33.0,7.0,1,2.2,RECYCLE
A08298,Laptop,Hyderabad,4.9,1,3,0,67.0,51.0,5.0,1,2.2,HARVEST_PARTS
A08299,Laptop,Bengaluru,4.5,3,4,0,80.0,67.0,6.0,1,2.2,HARVEST_PARTS
A08300,Monitor,Pune,2.6,2,2,1,67.0,,3.0,1,5.0,RECYCLE
A08301,Laptop,Hyderabad,3.1,2,2,0,80.0,74.0,3.0,1,2.2,REFURBISH_RESELL
A08302,Laptop,Hyderabad,1.9,3,4,0,92.0,82.0,1.0,1,2.2,REDEPLOY
A08303,Desktop,Kolkata,2.5,1,1,0,88.0,,2.0,1,8.0,REDEPLOY
A08304,Monitor,Bengaluru,6.0,3,3,1,46.0,,5.0,1,5.0,RECYCLE
A08305,Laptop,Pune,1.6,2,4,0,87.0,87.0,2.0,1,2.2,REDEPLOY
A08306,Monitor,Bengaluru,9.5,1,4,1,8.0,,8.0,1,5.0,RECYCLE
A08307,Monitor,Noida,6.6,3,2,0,45.0,,6.0,1,5.0,RECYCLE
A08308,Laptop,Hyderabad,4.5,2,3,0,74.0,42.0,4.0,1,2.2,HARVEST_PARTS
A08309,Mobile,Noida,2.4,1,2,0,82.0,71.0,2.0,1,0.2,REDEPLOY
A08310,Network,Bengaluru,5.3,1,3,0,65.0,,5.0,1,4.0,HARVEST_PARTS
A08311,Laptop,Gurugram,5.1,2,4,0,74.0,44.0,6.0,1,2.2,HARVEST_PARTS
A08312,Laptop,Gurugram,2.9,2,4,1,49.0,65.0,3.0,1,2.2,HARVEST_PARTS
A08313,Laptop,Hyderabad,4.9,1,2,0,59.0,44.0,5.0,1,2.2,HARVEST_PARTS
A08314,Laptop,Gurugram,3.3,1,4,1,43.0,62.0,3.0,1,2.2,RECYCLE
A08315,Desktop,Noida,1.4,1,1,0,90.0,,2.0,1,8.0,REDEPLOY
A08316,Mobile,Bengaluru,2.0,2,4,0,88.0,77.0,3.0,1,0.2,REDEPLOY
A08317,Network,Bengaluru,6.5,2,1,1,31.0,,7.0,1,4.0,RECYCLE
A08318,Laptop,Mumbai,3.0,2,4,0,82.0,71.0,3.0,1,2.2,REDEPLOY
A08319,Laptop,Bengaluru,2.7,1,3,0,79.0,71.0,3.0,1,2.2,REFURBISH_RESELL
A08320,Laptop,Bengaluru,4.1,1,4,0,74.0,47.0,3.0,1,2.2,REFURBISH_RESELL
A08321,Desktop,Pune,1.1,1,4,0,90.0,,0.0,1,8.0,REDEPLOY
A08322,Laptop,Pune,3.9,3,2,1,51.0,51.0,5.0,1,2.2,RECYCLE
A08323,Mobile,Gurugram,4.2,1,4,0,80.0,66.0,3.0,1,0.2,REDEPLOY
A08324,Network,Bengaluru,5.2,1,2,0,77.0,,5.0,1,4.0,HARVEST_PARTS
A08325,Laptop,Mumbai,2.2,1,3,0,89.0,82.0,3.0,1,2.2,REDEPLOY
A08326,Monitor,Bengaluru,2.8,1,2,0,81.0,,2.0,1,5.0,REDEPLOY
A08327,Desktop,Hyderabad,4.2,2,3,0,63.0,,3.0,1,8.0,REFURBISH_RESELL
A08328,Server,Gurugram,2.3,1,1,0,79.0,,1.0,0,25.0,HARVEST_PARTS
A08329,Desktop,Chennai,4.3,2,2,0,66.0,,4.0,1,8.0,HARVEST_PARTS
A08330,Laptop,Pune,4.1,1,1,1,52.0,54.0,4.0,1,2.2,RECYCLE
A08331,Monitor,Kolkata,1.1,1,4,0,90.0,,2.0,1,5.0,REDEPLOY
A08332,Laptop,Pune,6.0,2,4,0,48.0,56.0,6.0,1,2.2,HARVEST_PARTS
A08333,Desktop,Mumbai,2.3,1,2,0,83.0,,3.0,1,8.0,REFURBISH_RESELL
A08334,Laptop,Noida,3.9,1,3,1,48.0,56.0,4.0,1,2.2,HARVEST_PARTS
A08335,Monitor,Mumbai,8.7,1,3,1,24.0,,9.0,1,5.0,RECYCLE
A08336,Server,Hyderabad,2.5,2,3,0,84.0,,2.0,1,25.0,REDEPLOY
A08337,Laptop,Bengaluru,4.8,2,3,0,74.0,66.0,6.0,1,2.2,HARVEST_PARTS
A08338,Laptop,Mumbai,9.8,1,3,0,31.0,5.0,8.0,1,2.2,RECYCLE
A08339,Monitor,Hyderabad,5.1,2,3,0,65.0,,4.0,1,5.0,REFURBISH_RESELL
A08340,Laptop,Bengaluru,6.6,1,3,1,21.0,45.0,5.0,1,2.2,RECYCLE
A08341,Desktop,Mumbai,2.1,2,3,0,87.0,,2.0,1,8.0,REDEPLOY
A08342,Monitor,Bengaluru,7.6,2,3,0,68.0,,6.0,1,5.0,RECYCLE
A08343,Laptop,Chennai,1.4,1,4,0,94.0,90.0,-0.0,1,2.2,REDEPLOY
A08344,Server,Noida,5.0,3,4,0,76.0,,7.0,1,25.0,HARVEST_PARTS
A08345,Desktop,Hyderabad,3.8,1,2,0,80.0,,2.0,1,8.0,REFURBISH_RESELL
A08346,Monitor,Kolkata,3.3,1,1,1,53.0,,4.0,1,5.0,HARVEST_PARTS
A08347,Laptop,Hyderabad,3.0,1,4,0,78.0,64.0,4.0,1,2.2,REDEPLOY
A08348,Laptop,Bengaluru,5.2,2,1,0,57.0,43.0,5.0,1,2.2,HARVEST_PARTS
A08349,Laptop,Pune,2.6,1,3,0,90.0,71.0,2.0,1,2.2,REFURBISH_RESELL
A08350,Mobile,Gurugram,3.1,1,1,0,77.0,60.0,2.0,1,0.2,REFURBISH_RESELL
A08351,Network,Pune,5.0,3,3,0,66.0,,5.0,1,4.0,HARVEST_PARTS
A08352,Server,Hyderabad,6.4,3,2,1,52.0,,7.0,1,25.0,RECYCLE
A08353,Laptop,Bengaluru,3.6,2,3,0,75.0,54.0,4.0,1,2.2,HARVEST_PARTS
A08354,Desktop,Hyderabad,7.8,1,1,1,23.0,,7.0,1,8.0,RECYCLE
A08355,Monitor,Gurugram,4.2,2,4,0,83.0,,5.0,1,5.0,REDEPLOY
A08356,Monitor,Bengaluru,4.0,1,4,0,75.0,,4.0,1,5.0,REFURBISH_RESELL
A08357,Laptop,Chennai,10.0,1,2,0,28.0,5.0,9.0,1,2.2,RECYCLE
A08358,Network,Mumbai,4.6,1,4,0,69.0,,5.0,1,4.0,HARVEST_PARTS
A08359,Laptop,Mumbai,9.2,3,1,1,7.0,9.0,8.0,1,2.2,RECYCLE
A08360,Laptop,Chennai,10.0,1,4,1,13.0,5.0,8.0,1,2.2,RECYCLE
A08361,Mobile,Hyderabad,2.1,1,4,0,88.0,83.0,4.0,1,0.2,REDEPLOY
A08362,Desktop,Mumbai,2.6,1,3,1,48.0,,3.0,1,8.0,HARVEST_PARTS
A08363,Laptop,Hyderabad,1.5,2,2,0,91.0,86.0,0.0,1,2.2,REDEPLOY
A08364,Desktop,Bengaluru,5.4,2,3,1,30.0,,6.0,1,8.0,RECYCLE
A08365,Mobile,Gurugram,5.4,1,1,0,78.0,44.0,6.0,1,0.2,RECYCLE
A08366,Laptop,Pune,2.9,2,3,0,77.0,74.0,3.0,1,2.2,REFURBISH_RESELL
A08367,Monitor,Mumbai,1.0,1,3,0,92.0,,2.0,1,5.0,REDEPLOY
A08368,Laptop,Bengaluru,4.8,1,3,0,64.0,63.0,5.0,1,2.2,HARVEST_PARTS
A08369,Laptop,Noida,1.6,1,3,0,89.0,85.0,1.0,1,2.2,REDEPLOY
A08370,Laptop,Bengaluru,3.5,1,3,0,82.0,60.0,4.0,1,2.2,REDEPLOY
A08371,Desktop,Bengaluru,5.5,3,1,1,49.0,,6.0,1,8.0,RECYCLE
A08372,Laptop,Chennai,4.2,2,1,0,64.0,46.0,5.0,1,2.2,HARVEST_PARTS
A08373,Laptop,Pune,6.4,1,4,1,22.0,31.0,5.0,1,2.2,RECYCLE
A08374,Monitor,Mumbai,3.4,3,3,0,84.0,,4.0,1,5.0,REFURBISH_RESELL
A08375,Desktop,Gurugram,2.7,2,3,1,60.0,,2.0,1,8.0,HARVEST_PARTS
A08376,Monitor,Mumbai,2.4,1,2,0,88.0,,2.0,1,5.0,REDEPLOY
A08377,Server,Mumbai,5.5,3,3,0,72.0,,5.0,1,25.0,HARVEST_PARTS
A08378,Laptop,Gurugram,3.7,2,1,1,42.0,52.0,5.0,1,2.2,RECYCLE
A08379,Laptop,Noida,2.6,2,3,0,77.0,81.0,1.0,1,2.2,REDEPLOY
A08380,Desktop,Gurugram,4.6,1,4,0,72.0,,4.0,1,8.0,REDEPLOY
A08381,Desktop,Bengaluru,1.5,1,2,1,56.0,,2.0,1,8.0,HARVEST_PARTS
A08382,Laptop,Hyderabad,4.0,3,3,0,67.0,64.0,4.0,1,2.2,HARVEST_PARTS
A08383,Laptop,Pune,4.4,2,1,0,67.0,56.0,4.0,1,2.2,HARVEST_PARTS
A08384,Laptop,Noida,4.7,2,4,0,63.0,55.0,5.0,1,2.2,HARVEST_PARTS
A08385,Laptop,Pune,7.8,2,4,0,65.0,25.0,6.0,1,2.2,RECYCLE
A08386,Mobile,Hyderabad,3.3,3,1,0,74.0,73.0,3.0,1,0.2,REFURBISH_RESELL
A08387,Desktop,Kolkata,4.5,1,3,0,79.0,,6.0,1,8.0,HARVEST_PARTS
A08388,Laptop,Gurugram,4.8,1,4,1,37.0,59.0,4.0,1,2.2,RECYCLE
A08389,Desktop,Chennai,3.7,1,2,1,46.0,,4.0,1,8.0,HARVEST_PARTS
A08390,Monitor,Hyderabad,2.0,1,1,0,89.0,,2.0,1,5.0,REDEPLOY
A08391,Laptop,Gurugram,5.7,1,1,0,64.0,59.0,4.0,1,2.2,HARVEST_PARTS
A08392,Laptop,Noida,1.0,1,1,0,94.0,88.0,0.0,1,2.2,REDEPLOY
A08393,Monitor,Kolkata,2.0,1,4,0,90.0,,1.0,1,5.0,REDEPLOY
A08394,Laptop,Gurugram,3.2,2,2,1,68.0,77.0,4.0,1,2.2,RECYCLE
A08395,Desktop,Mumbai,2.0,1,4,0,84.0,,1.0,0,8.0,HARVEST_PARTS
A08396,Desktop,Kolkata,4.0,1,3,0,66.0,,5.0,1,8.0,REFURBISH_RESELL
A08397,Monitor,Gurugram,6.7,1,4,0,64.0,,6.0,1,5.0,REFURBISH_RESELL
A08398,Mobile,Hyderabad,9.3,1,3,0,32.0,5.0,9.0,1,0.2,RECYCLE
A08399,Monitor,Noida,3.8,2,4,0,73.0,,4.0,1,5.0,REDEPLOY
A08400,Desktop,Gurugram,4.6,1,2,1,37.0,,4.0,1,8.0,RECYCLE
A08401,Laptop,Gurugram,4.0,1,1,0,79.0,50.0,4.0,1,2.2,HARVEST_PARTS
A08402,Desktop,Chennai,3.7,1,4,0,69.0,,4.0,1,8.0,REFURBISH_RESELL
A08403,Server,Noida,3.7,1,4,0,78.0,,4.0,0,25.0,HARVEST_PARTS
A08404,Mobile,Pune,8.5,2,4,0,24.0,5.0,7.0,1,0.2,RECYCLE
A08405,Server,Gurugram,1.2,3,3,0,90.0,,0.0,1,25.0,REDEPLOY
A08406,Laptop,Noida,6.0,1,2,0,51.0,46.0,5.0,1,2.2,HARVEST_PARTS
A08407,Monitor,Chennai,2.4,1,2,0,88.0,,1.0,1,5.0,REDEPLOY
A08408,Network,Hyderabad,3.4,2,3,0,79.0,,3.0,1,4.0,REDEPLOY
A08409,Monitor,Noida,2.0,2,1,0,91.0,,2.0,1,5.0,REDEPLOY
A08410,Monitor,Noida,1.9,1,3,0,89.0,,3.0,0,5.0,HARVEST_PARTS
A08411,Desktop,Chennai,6.4,2,2,1,30.0,,6.0,1,8.0,RECYCLE
A08412,Monitor,Kolkata,2.7,3,3,0,81.0,,2.0,1,5.0,REFURBISH_RESELL
A08413,Laptop,Hyderabad,3.9,1,3,1,57.0,60.0,4.0,1,2.2,HARVEST_PARTS
A08414,Laptop,Pune,4.9,2,3,0,73.0,56.0,5.0,1,2.2,HARVEST_PARTS
A08415,Server,Kolkata,7.8,2,4,1,28.0,,8.0,1,25.0,RECYCLE
A08416,Mobile,Noida,1.9,1,3,0,91.0,80.0,2.0,1,0.2,REDEPLOY
A08417,Network,Pune,8.1,3,4,0,61.0,,7.0,1,4.0,HARVEST_PARTS
A08418,Laptop,Bengaluru,4.4,3,3,0,74.0,49.0,4.0,1,2.2,HARVEST_PARTS
A08419,Laptop,Bengaluru,4.3,2,3,0,74.0,58.0,3.0,1,2.2,HARVEST_PARTS
A08420,Laptop,Bengaluru,3.3,1,3,0,80.0,74.0,4.0,1,2.2,REFURBISH_RESELL
A08421,Server,Bengaluru,3.0,2,4,0,86.0,,3.0,1,25.0,REDEPLOY
A08422,Monitor,Chennai,1.5,2,2,0,92.0,,1.0,1,5.0,REDEPLOY
A08423,Mobile,Bengaluru,7.0,1,4,1,28.0,50.0,7.0,1,0.2,RECYCLE
A08424,Laptop,Gurugram,1.8,1,4,0,92.0,82.0,2.0,1,2.2,REDEPLOY
A08425,Desktop,Bengaluru,2.8,1,3,0,88.0,,3.0,1,8.0,REDEPLOY
A08426,Monitor,Hyderabad,6.4,1,4,1,33.0,,5.0,1,5.0,RECYCLE
A08427,Laptop,Hyderabad,3.6,2,3,0,82.0,74.0,3.0,1,2.2,REFURBISH_RESELL
A08428,Mobile,Hyderabad,2.1,3,2,0,88.0,83.0,3.0,1,0.2,REDEPLOY
A08429,Desktop,Chennai,5.8,1,2,1,52.0,,6.0,1,8.0,RECYCLE
A08430,Laptop,Mumbai,3.0,2,3,0,85.0,65.0,3.0,1,2.2,REFURBISH_RESELL
A08431,Laptop,Pune,2.8,2,4,1,41.0,78.0,3.0,1,2.2,RECYCLE
A08432,Network,Bengaluru,1.9,1,1,0,84.0,,1.0,1,4.0,REDEPLOY
A08433,Monitor,Pune,2.9,2,2,0,82.0,,3.0,1,5.0,REFURBISH_RESELL
A08434,Monitor,Gurugram,3.2,1,4,0,84.0,,3.0,1,5.0,REDEPLOY
A08435,Monitor,Mumbai,4.9,1,3,0,63.0,,4.0,1,5.0,REDEPLOY
A08436,Laptop,Bengaluru,2.6,1,1,0,87.0,74.0,1.0,1,2.2,REFURBISH_RESELL
A08437,Monitor,Kolkata,7.1,3,1,0,47.0,,5.0,1,5.0,RECYCLE
A08438,Mobile,Bengaluru,6.5,3,3,1,39.0,45.0,5.0,1,0.2,RECYCLE
A08439,Laptop,Bengaluru,6.5,2,3,1,28.0,53.0,6.0,1,2.2,RECYCLE
A08440,Monitor,Bengaluru,4.2,2,3,0,78.0,,4.0,1,5.0,REFURBISH_RESELL
A08441,Laptop,Noida,5.6,2,2,0,69.0,47.0,6.0,1,2.2,RECYCLE
A08442,Laptop,Pune,5.3,1,1,0,72.0,53.0,4.0,1,2.2,HARVEST_PARTS
A08443,Laptop,Chennai,6.2,1,3,1,20.0,23.0,6.0,1,2.2,RECYCLE
A08444,Network,Hyderabad,6.5,1,4,0,42.0,,6.0,1,4.0,HARVEST_PARTS
A08445,Laptop,Pune,5.4,1,2,1,44.0,41.0,6.0,0,2.2,RECYCLE
A08446,Laptop,Chennai,5.5,3,1,1,32.0,60.0,6.0,1,2.2,RECYCLE
A08447,Monitor,Kolkata,5.3,2,2,0,63.0,,6.0,1,5.0,HARVEST_PARTS
A08448,Laptop,Pune,5.5,2,4,0,68.0,58.0,6.0,1,2.2,HARVEST_PARTS
A08449,Monitor,Pune,4.0,2,2,0,82.0,,4.0,1,5.0,REFURBISH_RESELL
A08450,Mobile,Bengaluru,2.8,2,4,1,42.0,67.0,3.0,1,0.2,HARVEST_PARTS
A08451,Laptop,Gurugram,2.2,2,1,1,52.0,81.0,2.0,0,2.2,RECYCLE
A08452,Laptop,Kolkata,1.9,2,2,0,88.0,76.0,1.0,1,2.2,REDEPLOY
A08453,Mobile,Bengaluru,2.3,1,4,0,82.0,71.0,1.0,1,0.2,REDEPLOY
A08454,Laptop,Gurugram,6.3,1,4,0,53.0,43.0,4.0,1,2.2,HARVEST_PARTS
A08455,Laptop,Bengaluru,7.6,2,4,0,52.0,20.0,6.0,1,2.2,RECYCLE
A08456,Mobile,Noida,5.4,1,4,0,53.0,48.0,5.0,1,0.2,HARVEST_PARTS
A08457,Network,Mumbai,4.4,2,4,1,41.0,,4.0,1,4.0,RECYCLE
A08458,Monitor,Noida,1.5,2,2,0,91.0,,2.0,1,5.0,REDEPLOY
A08459,Desktop,Chennai,3.7,2,4,0,78.0,,3.0,1,8.0,REDEPLOY
A08460,Mobile,Chennai,2.8,1,1,0,88.0,64.0,3.0,1,0.2,REFURBISH_RESELL
A08461,Monitor,Noida,2.8,1,4,1,45.0,,2.0,1,5.0,REFURBISH_RESELL
A08462,Monitor,Hyderabad,4.1,3,3,0,68.0,,5.0,1,5.0,REFURBISH_RESELL
A08463,Server,Mumbai,5.4,3,2,0,72.0,,5.0,1,25.0,HARVEST_PARTS
A08464,Monitor,Noida,3.9,1,3,1,47.0,,3.0,1,5.0,HARVEST_PARTS
A08465,Desktop,Gurugram,10.0,3,3,1,12.0,,10.0,1,8.0,RECYCLE
A08466,Laptop,Bengaluru,4.4,3,2,0,81.0,57.0,4.0,1,2.2,HARVEST_PARTS
A08467,Desktop,Hyderabad,1.4,1,4,0,93.0,,1.0,1,8.0,REDEPLOY
A08468,Desktop,Chennai,8.5,1,3,1,5.0,,8.0,1,8.0,RECYCLE
A08469,Laptop,Bengaluru,3.8,3,2,0,85.0,55.0,4.0,1,2.2,HARVEST_PARTS
A08470,Laptop,Hyderabad,7.5,2,3,0,35.0,18.0,8.0,1,2.2,RECYCLE
A08471,Server,Hyderabad,2.0,2,4,1,45.0,,1.0,1,25.0,REFURBISH_RESELL
A08472,Laptop,Hyderabad,1.8,3,4,0,86.0,77.0,2.0,1,2.2,REDEPLOY
A08473,Laptop,Chennai,2.5,3,3,1,58.0,74.0,4.0,1,2.2,RECYCLE
A08474,Laptop,Hyderabad,2.2,1,1,0,88.0,76.0,3.0,1,2.2,REDEPLOY
A08475,Laptop,Noida,6.2,1,4,1,31.0,52.0,5.0,1,2.2,RECYCLE
A08476,Monitor,Kolkata,6.9,3,3,1,35.0,,7.0,1,5.0,RECYCLE
A08477,Laptop,Pune,5.0,1,4,0,66.0,54.0,5.0,1,2.2,HARVEST_PARTS
A08478,Laptop,Noida,4.5,1,1,0,62.0,66.0,3.0,1,2.2,HARVEST_PARTS
A08479,Server,Mumbai,1.4,3,1,0,93.0,,0.0,1,25.0,REDEPLOY
A08480,Laptop,Chennai,2.7,2,3,0,86.0,72.0,1.0,1,2.2,REDEPLOY
A08481,Laptop,Kolkata,2.9,1,4,0,86.0,65.0,3.0,1,2.2,REFURBISH_RESELL
A08482,Server,Mumbai,1.7,1,3,0,88.0,,2.0,1,25.0,REDEPLOY
A08483,Desktop,Kolkata,3.7,2,3,0,71.0,,3.0,1,8.0,REFURBISH_RESELL
A08484,Monitor,Hyderabad,5.1,1,3,1,46.0,,4.0,1,5.0,HARVEST_PARTS
A08485,Server,Kolkata,5.9,1,4,0,69.0,,4.0,1,25.0,REFURBISH_RESELL
A08486,Mobile,Bengaluru,5.3,3,4,0,60.0,36.0,5.0,1,0.2,HARVEST_PARTS
A08487,Laptop,Noida,3.4,2,4,0,79.0,56.0,4.0,1,2.2,REDEPLOY
A08488,Monitor,Chennai,3.0,1,2,0,73.0,,3.0,1,5.0,REDEPLOY
A08489,Monitor,Noida,3.5,2,3,1,40.0,,2.0,1,5.0,HARVEST_PARTS
A08490,Laptop,Gurugram,3.7,1,4,0,83.0,55.0,3.0,1,2.2,REFURBISH_RESELL
A08491,Mobile,Hyderabad,2.2,1,1,0,88.0,84.0,3.0,1,0.2,REFURBISH_RESELL
A08492,Laptop,Bengaluru,3.1,3,2,0,77.0,69.0,2.0,1,2.2,REFURBISH_RESELL
A08493,Network,Kolkata,2.8,1,2,0,79.0,,3.0,1,4.0,REFURBISH_RESELL
A08494,Monitor,Gurugram,8.0,2,3,0,52.0,,7.0,1,5.0,HARVEST_PARTS
A08495,Desktop,Noida,6.1,1,3,0,67.0,,5.0,1,8.0,HARVEST_PARTS
A08496,Laptop,Chennai,5.1,1,3,1,34.0,39.0,5.0,1,2.2,RECYCLE
A08497,Mobile,Bengaluru,2.4,1,4,0,87.0,76.0,2.0,1,0.2,REDEPLOY
A08498,Desktop,Noida,5.6,1,2,1,55.0,,4.0,1,8.0,RECYCLE
A08499,Laptop,Chennai,2.6,2,3,1,61.0,81.0,1.0,1,2.2,HARVEST_PARTS
A08500,Laptop,Noida,5.6,2,3,0,73.0,55.0,4.0,1,2.2,REFURBISH_RESELL
A08501,Monitor,Hyderabad,3.4,2,2,0,83.0,,3.0,1,5.0,REFURBISH_RESELL
A08502,Laptop,Pune,6.6,1,3,0,66.0,31.0,6.0,1,2.2,HARVEST_PARTS
A08503,Desktop,Noida,1.8,1,2,0,91.0,,3.0,1,8.0,REDEPLOY
A08504,Monitor,Noida,5.5,1,4,0,64.0,,5.0,1,5.0,HARVEST_PARTS
A08505,Laptop,Gurugram,6.9,2,2,1,39.0,46.0,7.0,1,2.2,RECYCLE
A08506,Desktop,Pune,3.5,3,1,0,71.0,,3.0,1,8.0,REFURBISH_RESELL
A08507,Laptop,Gurugram,3.4,2,3,0,77.0,61.0,3.0,1,2.2,REDEPLOY
A08508,Mobile,Pune,3.9,1,3,0,83.0,65.0,4.0,1,0.2,REDEPLOY
A08509,Network,Bengaluru,5.0,2,4,0,72.0,,4.0,1,4.0,REFURBISH_RESELL
A08510,Laptop,Pune,2.9,1,2,1,60.0,62.0,2.0,1,2.2,HARVEST_PARTS
A08511,Desktop,Chennai,2.7,1,3,0,80.0,,4.0,1,8.0,REFURBISH_RESELL
A08512,Desktop,Chennai,8.6,1,2,1,35.0,,8.0,1,8.0,RECYCLE
A08513,Mobile,Mumbai,3.3,1,3,0,74.0,59.0,2.0,1,0.2,REFURBISH_RESELL
A08514,Laptop,Noida,3.8,1,2,0,71.0,60.0,5.0,1,2.2,HARVEST_PARTS
A08515,Desktop,Mumbai,3.1,1,3,0,76.0,,2.0,1,8.0,REFURBISH_RESELL
A08516,Mobile,Gurugram,5.2,2,3,0,62.0,61.0,4.0,1,0.2,HARVEST_PARTS
A08517,Laptop,Noida,2.8,1,4,0,86.0,73.0,4.0,1,2.2,REDEPLOY
A08518,Desktop,Bengaluru,3.7,1,1,0,74.0,,5.0,1,8.0,HARVEST_PARTS
A08519,Laptop,Bengaluru,6.3,1,3,0,66.0,37.0,6.0,1,2.2,RECYCLE
A08520,Monitor,Noida,5.9,1,3,0,49.0,,7.0,1,5.0,HARVEST_PARTS
A08521,Laptop,Pune,3.3,1,4,0,86.0,68.0,3.0,1,2.2,REFURBISH_RESELL
A08522,Mobile,Bengaluru,4.0,1,2,0,70.0,66.0,3.0,1,0.2,REFURBISH_RESELL
A08523,Laptop,Bengaluru,2.5,1,3,0,79.0,76.0,1.0,1,2.2,REDEPLOY
A08524,Laptop,Chennai,4.0,2,3,1,50.0,68.0,5.0,1,2.2,RECYCLE
A08525,Server,Gurugram,9.4,1,3,0,50.0,,9.0,1,25.0,RECYCLE
A08526,Server,Bengaluru,5.7,2,3,0,74.0,,5.0,1,25.0,REFURBISH_RESELL
A08527,Monitor,Noida,2.4,1,2,0,84.0,,2.0,1,5.0,REDEPLOY
A08528,Monitor,Gurugram,1.7,2,3,0,92.0,,1.0,1,5.0,REDEPLOY
A08529,Laptop,Chennai,2.5,1,2,1,47.0,76.0,3.0,1,2.2,HARVEST_PARTS
A08530,Monitor,Noida,2.0,3,4,1,70.0,,1.0,1,5.0,REDEPLOY
A08531,Laptop,Kolkata,3.7,1,3,0,83.0,74.0,2.0,1,2.2,REDEPLOY
A08532,Laptop,Kolkata,6.5,3,3,0,52.0,43.0,5.0,1,2.2,RECYCLE
A08533,Mobile,Gurugram,3.7,1,1,0,68.0,65.0,3.0,1,0.2,HARVEST_PARTS
A08534,Monitor,Hyderabad,2.8,2,3,0,76.0,,2.0,1,5.0,REDEPLOY
A08535,Laptop,Noida,3.3,1,3,0,84.0,57.0,4.0,1,2.2,REFURBISH_RESELL
A08536,Laptop,Pune,5.0,1,2,0,59.0,56.0,6.0,1,2.2,HARVEST_PARTS
A08537,Mobile,Pune,4.3,1,2,0,67.0,48.0,4.0,1,0.2,HARVEST_PARTS
A08538,Laptop,Bengaluru,2.5,1,1,0,78.0,80.0,1.0,1,2.2,REFURBISH_RESELL
A08539,Laptop,Chennai,5.7,1,3,0,70.0,36.0,5.0,1,2.2,HARVEST_PARTS
A08540,Laptop,Bengaluru,2.3,2,2,0,84.0,73.0,2.0,1,2.2,REDEPLOY
A08541,Laptop,Noida,4.1,1,1,1,40.0,66.0,1.0,1,2.2,RECYCLE
A08542,Laptop,Hyderabad,3.1,2,3,0,75.0,76.0,4.0,1,2.2,REFURBISH_RESELL
A08543,Mobile,Mumbai,3.5,1,2,0,85.0,64.0,2.0,1,0.2,REFURBISH_RESELL
A08544,Laptop,Gurugram,2.3,2,3,0,85.0,75.0,4.0,1,2.2,REFURBISH_RESELL
A08545,Desktop,Pune,4.0,2,4,0,75.0,,4.0,1,8.0,REFURBISH_RESELL
A08546,Monitor,Bengaluru,2.2,1,4,0,80.0,,3.0,1,5.0,REDEPLOY
A08547,Desktop,Hyderabad,3.0,2,4,0,76.0,,4.0,1,8.0,REFURBISH_RESELL
A08548,Monitor,Pune,3.4,1,3,0,70.0,,4.0,1,5.0,REDEPLOY
A08549,Monitor,Gurugram,2.5,1,2,0,81.0,,3.0,1,5.0,REDEPLOY
A08550,Monitor,Chennai,7.1,2,4,1,41.0,,7.0,0,5.0,RECYCLE
A08551,Monitor,Chennai,3.0,2,4,0,78.0,,3.0,1,5.0,REDEPLOY
A08552,Monitor,Bengaluru,3.3,1,4,0,73.0,,2.0,1,5.0,REDEPLOY
A08553,Monitor,Kolkata,3.9,1,2,0,79.0,,3.0,1,5.0,REDEPLOY
A08554,Monitor,Bengaluru,1.9,2,3,0,87.0,,0.0,1,5.0,REDEPLOY
A08555,Laptop,Pune,1.5,1,2,0,93.0,81.0,1.0,1,2.2,REDEPLOY
A08556,Monitor,Bengaluru,3.4,3,4,0,84.0,,2.0,1,5.0,REDEPLOY
A08557,Monitor,Hyderabad,1.6,2,3,0,90.0,,2.0,1,5.0,REDEPLOY
A08558,Laptop,Hyderabad,4.5,1,2,0,70.0,52.0,2.0,1,2.2,REFURBISH_RESELL
A08559,Network,Bengaluru,4.7,1,2,0,71.0,,4.0,1,4.0,HARVEST_PARTS
A08560,Laptop,Chennai,4.5,2,2,1,60.0,47.0,4.0,1,2.2,RECYCLE
A08561,Laptop,Mumbai,5.5,2,1,0,56.0,30.0,5.0,1,2.2,RECYCLE
A08562,Network,Mumbai,3.4,1,4,0,81.0,,2.0,1,4.0,REDEPLOY
A08563,Laptop,Pune,7.2,2,3,0,38.0,37.0,8.0,1,2.2,RECYCLE
A08564,Laptop,Noida,4.3,2,3,0,78.0,67.0,4.0,1,2.2,REFURBISH_RESELL
A08565,Laptop,Hyderabad,6.9,1,1,0,49.0,38.0,6.0,1,2.2,RECYCLE
A08566,Network,Bengaluru,5.4,1,3,0,66.0,,4.0,1,4.0,REFURBISH_RESELL
A08567,Desktop,Gurugram,3.5,2,2,0,86.0,,3.0,1,8.0,REFURBISH_RESELL
A08568,Monitor,Gurugram,4.3,2,1,0,70.0,,3.0,1,5.0,HARVEST_PARTS
A08569,Monitor,Gurugram,5.0,1,4,0,79.0,,5.0,1,5.0,REFURBISH_RESELL
A08570,Monitor,Bengaluru,1.4,1,3,0,94.0,,-0.0,1,5.0,REDEPLOY
A08571,Mobile,Bengaluru,1.9,1,3,0,86.0,78.0,1.0,1,0.2,REDEPLOY
A08572,Server,Mumbai,7.8,1,4,0,49.0,,7.0,1,25.0,RECYCLE
A08573,Laptop,Bengaluru,4.9,2,3,0,59.0,61.0,4.0,1,2.2,REFURBISH_RESELL
A08574,Mobile,Chennai,6.2,1,3,0,61.0,41.0,5.0,1,0.2,HARVEST_PARTS
A08575,Desktop,Gurugram,7.1,2,4,1,13.0,,6.0,1,8.0,RECYCLE
A08576,Laptop,Bengaluru,3.4,1,4,0,86.0,75.0,3.0,1,2.2,REDEPLOY
A08577,Laptop,Pune,7.0,2,4,1,5.0,20.0,7.0,1,2.2,RECYCLE
A08578,Monitor,Mumbai,3.5,3,3,0,82.0,,4.0,1,5.0,REDEPLOY
A08579,Laptop,Pune,4.9,1,3,0,76.0,48.0,5.0,1,2.2,HARVEST_PARTS
A08580,Desktop,Noida,7.4,3,4,0,52.0,,8.0,1,8.0,HARVEST_PARTS
A08581,Laptop,Kolkata,5.2,2,1,0,62.0,44.0,6.0,1,2.2,RECYCLE
A08582,Desktop,Noida,2.3,3,4,0,84.0,,2.0,1,8.0,REDEPLOY
A08583,Laptop,Bengaluru,3.6,1,4,0,79.0,69.0,3.0,1,2.2,REDEPLOY
A08584,Server,Kolkata,4.4,3,3,0,69.0,,5.0,1,25.0,REFURBISH_RESELL
A08585,Laptop,Gurugram,5.1,1,4,0,68.0,51.0,5.0,1,2.2,HARVEST_PARTS
A08586,Laptop,Chennai,6.6,1,1,0,67.0,26.0,5.0,1,2.2,RECYCLE
A08587,Laptop,Pune,5.1,3,2,0,79.0,46.0,5.0,1,2.2,RECYCLE
A08588,Desktop,Kolkata,3.7,3,3,0,73.0,,5.0,1,8.0,REFURBISH_RESELL
A08589,Monitor,Bengaluru,3.3,1,1,0,77.0,,4.0,1,5.0,REDEPLOY
A08590,Desktop,Noida,3.4,1,3,0,78.0,,3.0,1,8.0,REDEPLOY
A08591,Laptop,Noida,3.0,3,2,0,81.0,77.0,4.0,1,2.2,HARVEST_PARTS
A08592,Network,Mumbai,2.9,1,3,0,81.0,,2.0,1,4.0,REFURBISH_RESELL
A08593,Desktop,Chennai,6.1,1,4,0,72.0,,6.0,1,8.0,HARVEST_PARTS
A08594,Laptop,Hyderabad,4.1,1,3,0,70.0,64.0,3.0,1,2.2,REFURBISH_RESELL
A08595,Monitor,Bengaluru,3.0,1,3,0,75.0,,2.0,1,5.0,REDEPLOY
A08596,Monitor,Hyderabad,3.9,1,1,0,82.0,,3.0,1,5.0,REDEPLOY
A08597,Monitor,Gurugram,3.1,2,4,0,76.0,,3.0,1,5.0,REDEPLOY
A08598,Laptop,Hyderabad,1.5,1,4,0,91.0,87.0,1.0,0,2.2,HARVEST_PARTS
A08599,Laptop,Gurugram,5.1,2,3,1,35.0,48.0,5.0,1,2.2,RECYCLE
A08600,Desktop,Bengaluru,6.3,1,3,0,59.0,,5.0,0,8.0,HARVEST_PARTS
A08601,Laptop,Noida,5.8,2,3,1,33.0,38.0,7.0,1,2.2,RECYCLE
A08602,Laptop,Gurugram,5.6,1,3,0,66.0,58.0,5.0,1,2.2,REFURBISH_RESELL
A08603,Mobile,Mumbai,2.2,2,3,0,90.0,73.0,2.0,1,0.2,REDEPLOY
A08604,Monitor,Mumbai,7.0,2,4,0,71.0,,7.0,1,5.0,RECYCLE
A08605,Laptop,Gurugram,2.9,2,2,0,88.0,63.0,1.0,1,2.2,REDEPLOY
A08606,Laptop,Bengaluru,2.0,1,3,0,82.0,84.0,3.0,1,2.2,REDEPLOY
A08607,Monitor,Pune,1.1,2,2,0,90.0,,0.0,1,5.0,REDEPLOY
A08608,Laptop,Kolkata,4.4,1,3,0,82.0,44.0,5.0,1,2.2,REFURBISH_RESELL
A08609,Laptop,Hyderabad,7.0,1,1,0,65.0,21.0,7.0,1,2.2,RECYCLE
A08610,Laptop,Noida,6.6,2,1,0,58.0,26.0,6.0,1,2.2,RECYCLE
A08611,Monitor,Hyderabad,3.9,1,3,1,38.0,,4.0,1,5.0,RECYCLE
A08612,Monitor,Gurugram,6.0,1,2,0,71.0,,5.0,1,5.0,HARVEST_PARTS
A08613,Laptop,Noida,9.5,3,4,0,52.0,5.0,9.0,1,2.2,RECYCLE
A08614,Laptop,Bengaluru,3.2,1,4,0,79.0,65.0,3.0,1,2.2,REDEPLOY
A08615,Monitor,Pune,4.8,2,2,0,80.0,,4.0,1,5.0,REFURBISH_RESELL
A08616,Desktop,Bengaluru,7.1,2,4,0,53.0,,7.0,1,8.0,RECYCLE
A08617,Monitor,Hyderabad,2.0,1,2,1,46.0,,1.0,1,5.0,REFURBISH_RESELL
A08618,Laptop,Noida,2.1,1,4,1,57.0,79.0,1.0,1,2.2,HARVEST_PARTS
A08619,Monitor,Chennai,7.7,1,4,0,48.0,,8.0,1,5.0,RECYCLE
A08620,Mobile,Mumbai,6.1,2,3,0,64.0,41.0,5.0,1,0.2,HARVEST_PARTS
A08621,Monitor,Mumbai,2.7,2,1,0,79.0,,4.0,1,5.0,REFURBISH_RESELL
A08622,Laptop,Chennai,2.3,1,2,0,80.0,76.0,1.0,1,2.2,REDEPLOY
A08623,Monitor,Noida,2.2,2,2,0,86.0,,2.0,1,5.0,REDEPLOY
A08624,Laptop,Gurugram,4.3,1,2,0,65.0,58.0,4.0,1,2.2,REFURBISH_RESELL
A08625,Laptop,Kolkata,2.8,2,2,0,83.0,78.0,3.0,1,2.2,REFURBISH_RESELL
A08626,Laptop,Bengaluru,2.8,1,4,0,82.0,79.0,3.0,1,2.2,REDEPLOY
A08627,Mobile,Bengaluru,2.2,1,1,0,85.0,81.0,4.0,1,0.2,REFURBISH_RESELL
A08628,Laptop,Gurugram,4.0,1,3,0,75.0,55.0,2.0,1,2.2,REFURBISH_RESELL
A08629,Network,Kolkata,2.0,2,3,0,89.0,,0.0,1,4.0,REDEPLOY
A08630,Desktop,Bengaluru,5.2,1,2,1,31.0,,3.0,1,8.0,RECYCLE
A08631,Desktop,Hyderabad,6.7,1,2,0,41.0,,5.0,1,8.0,RECYCLE
A08632,Laptop,Hyderabad,4.4,3,3,0,70.0,50.0,3.0,1,2.2,HARVEST_PARTS
A08633,Monitor,Bengaluru,6.1,1,3,0,52.0,,5.0,1,5.0,HARVEST_PARTS
A08634,Laptop,Hyderabad,3.6,1,3,0,82.0,63.0,3.0,1,2.2,REDEPLOY
A08635,Desktop,Bengaluru,2.6,1,4,0,81.0,,2.0,1,8.0,REDEPLOY
A08636,Laptop,Gurugram,3.3,2,3,0,82.0,72.0,2.0,1,2.2,REFURBISH_RESELL
A08637,Laptop,Kolkata,1.7,1,3,0,92.0,81.0,2.0,1,2.2,REDEPLOY
A08638,Desktop,Bengaluru,2.9,3,3,0,81.0,,3.0,1,8.0,REDEPLOY
A08639,Laptop,Gurugram,3.5,1,4,0,85.0,55.0,3.0,1,2.2,REDEPLOY
A08640,Laptop,Chennai,3.9,3,3,0,79.0,71.0,3.0,1,2.2,HARVEST_PARTS
A08641,Mobile,Pune,6.2,1,4,0,68.0,35.0,6.0,1,0.2,RECYCLE
A08642,Laptop,Hyderabad,7.2,2,3,1,32.0,45.0,7.0,1,2.2,RECYCLE
A08643,Laptop,Chennai,4.3,1,2,0,72.0,62.0,3.0,1,2.2,HARVEST_PARTS
A08644,Laptop,Bengaluru,2.3,1,4,0,83.0,75.0,3.0,1,2.2,REDEPLOY
A08645,Laptop,Bengaluru,2.3,3,1,1,68.0,70.0,2.0,1,2.2,HARVEST_PARTS
A08646,Monitor,Gurugram,2.9,1,2,1,56.0,,3.0,1,5.0,REFURBISH_RESELL
A08647,Laptop,Gurugram,2.7,2,4,0,89.0,75.0,1.0,1,2.2,REDEPLOY
A08648,Desktop,Bengaluru,4.3,2,4,1,53.0,,3.0,1,8.0,RECYCLE
A08649,Monitor,Pune,2.3,1,4,0,81.0,,1.0,1,5.0,REDEPLOY
A08650,Laptop,Gurugram,7.3,1,2,1,19.0,48.0,7.0,1,2.2,RECYCLE
A08651,Mobile,Bengaluru,5.7,3,4,0,62.0,36.0,5.0,1,0.2,HARVEST_PARTS
A08652,Mobile,Pune,6.3,2,3,0,48.0,53.0,5.0,1,0.2,HARVEST_PARTS
A08653,Laptop,Mumbai,2.8,3,2,0,82.0,80.0,3.0,1,2.2,REFURBISH_RESELL
A08654,Laptop,Chennai,2.3,2,4,0,88.0,80.0,3.0,1,2.2,REDEPLOY
A08655,Laptop,Chennai,2.7,2,3,0,78.0,77.0,2.0,1,2.2,REFURBISH_RESELL
A08656,Laptop,Bengaluru,4.1,2,4,0,83.0,53.0,4.0,1,2.2,HARVEST_PARTS
A08657,Desktop,Mumbai,3.9,1,2,0,73.0,,3.0,1,8.0,REFURBISH_RESELL
A08658,Desktop,Noida,7.0,3,1,0,39.0,,6.0,1,8.0,RECYCLE
A08659,Laptop,Gurugram,7.6,2,1,0,59.0,29.0,6.0,1,2.2,RECYCLE
A08660,Laptop,Hyderabad,4.2,2,4,1,64.0,54.0,5.0,1,2.2,HARVEST_PARTS
A08661,Laptop,Hyderabad,1.9,3,3,1,59.0,85.0,1.0,1,2.2,REFURBISH_RESELL
A08662,Mobile,Chennai,3.4,1,3,0,78.0,64.0,5.0,1,0.2,HARVEST_PARTS
A08663,Mobile,Pune,10.0,1,1,0,28.0,5.0,9.0,1,0.2,RECYCLE
A08664,Laptop,Bengaluru,1.9,1,3,0,88.0,80.0,1.0,1,2.2,REFURBISH_RESELL
A08665,Monitor,Bengaluru,4.4,2,3,1,44.0,,6.0,1,5.0,HARVEST_PARTS
A08666,Desktop,Noida,2.7,1,3,0,83.0,,4.0,1,8.0,REFURBISH_RESELL
A08667,Monitor,Noida,9.1,1,2,0,26.0,,8.0,0,5.0,RECYCLE
A08668,Desktop,Noida,4.6,2,3,0,60.0,,4.0,1,8.0,HARVEST_PARTS
A08669,Network,Mumbai,2.8,1,4,0,84.0,,1.0,1,4.0,REDEPLOY
A08670,Laptop,Bengaluru,3.1,1,1,0,78.0,73.0,3.0,1,2.2,REDEPLOY
A08671,Laptop,Mumbai,1.4,1,3,0,89.0,87.0,1.0,1,2.2,REDEPLOY
A08672,Mobile,Pune,4.4,1,4,0,68.0,65.0,4.0,1,0.2,REFURBISH_RESELL
A08673,Laptop,Chennai,4.5,1,3,0,62.0,58.0,3.0,1,2.2,REFURBISH_RESELL
A08674,Laptop,Kolkata,1.9,1,4,1,76.0,81.0,3.0,1,2.2,REFURBISH_RESELL
A08675,Monitor,Hyderabad,5.1,1,3,0,73.0,,4.0,1,5.0,REFURBISH_RESELL
A08676,Monitor,Gurugram,7.5,1,3,1,29.0,,7.0,1,5.0,RECYCLE
A08677,Monitor,Pune,2.1,3,1,0,86.0,,2.0,1,5.0,REDEPLOY
A08678,Monitor,Gurugram,5.1,1,4,0,71.0,,6.0,1,5.0,REFURBISH_RESELL
A08679,Monitor,Bengaluru,5.1,1,3,0,78.0,,5.0,1,5.0,REFURBISH_RESELL
A08680,Laptop,Pune,4.2,2,4,0,66.0,54.0,4.0,1,2.2,REFURBISH_RESELL
A08681,Monitor,Hyderabad,4.3,1,4,0,66.0,,4.0,1,5.0,REDEPLOY
A08682,Monitor,Pune,3.1,1,2,0,87.0,,2.0,1,5.0,REDEPLOY
A08683,Network,Noida,1.3,2,2,0,90.0,,-0.0,1,4.0,REDEPLOY
A08684,Laptop,Mumbai,4.6,1,1,0,67.0,66.0,3.0,1,2.2,REFURBISH_RESELL
A08685,Laptop,Mumbai,5.7,3,3,0,67.0,43.0,5.0,1,2.2,RECYCLE
A08686,Monitor,Bengaluru,2.4,1,4,0,81.0,,3.0,1,5.0,REDEPLOY
A08687,Laptop,Mumbai,2.8,2,3,0,77.0,78.0,3.0,1,2.2,REDEPLOY
A08688,Laptop,Chennai,2.6,3,3,0,78.0,72.0,2.0,1,2.2,REDEPLOY
A08689,Server,Hyderabad,4.7,3,3,0,79.0,,4.0,1,25.0,REFURBISH_RESELL
A08690,Desktop,Kolkata,4.4,1,4,0,74.0,,4.0,0,8.0,HARVEST_PARTS
A08691,Laptop,Gurugram,2.5,2,1,0,90.0,79.0,2.0,1,2.2,REFURBISH_RESELL
A08692,Laptop,Kolkata,3.8,1,1,0,71.0,53.0,4.0,1,2.2,HARVEST_PARTS
A08693,Laptop,Pune,3.9,1,2,0,76.0,59.0,3.0,1,2.2,HARVEST_PARTS
A08694,Monitor,Mumbai,4.6,2,4,1,30.0,,4.0,1,5.0,RECYCLE
A08695,Desktop,Chennai,3.2,1,3,0,74.0,,3.0,1,8.0,REDEPLOY
A08696,Laptop,Pune,6.4,1,2,0,72.0,51.0,6.0,1,2.2,RECYCLE
A08697,Laptop,Hyderabad,4.6,2,3,0,60.0,51.0,4.0,1,2.2,REFURBISH_RESELL
A08698,Laptop,Hyderabad,6.4,1,3,0,58.0,44.0,7.0,1,2.2,RECYCLE
A08699,Laptop,Chennai,4.6,2,3,0,59.0,49.0,5.0,1,2.2,RECYCLE
A08700,Laptop,Bengaluru,4.8,1,4,0,78.0,52.0,5.0,1,2.2,REFURBISH_RESELL
A08701,Desktop,Hyderabad,1.7,2,4,0,90.0,,2.0,1,8.0,REDEPLOY
A08702,Laptop,Chennai,4.4,1,4,1,57.0,56.0,4.0,1,2.2,HARVEST_PARTS
A08703,Laptop,Bengaluru,3.8,2,4,0,67.0,54.0,4.0,1,2.2,HARVEST_PARTS
A08704,Desktop,Bengaluru,6.7,1,3,0,70.0,,7.0,1,8.0,HARVEST_PARTS
A08705,Laptop,Pune,6.3,2,2,1,42.0,51.0,5.0,0,2.2,RECYCLE
A08706,Laptop,Mumbai,7.0,2,4,0,67.0,45.0,6.0,1,2.2,RECYCLE
A08707,Laptop,Hyderabad,2.8,1,3,0,86.0,66.0,2.0,1,2.2,REDEPLOY
A08708,Laptop,Bengaluru,3.9,2,4,0,73.0,69.0,4.0,1,2.2,REFURBISH_RESELL
A08709,Laptop,Gurugram,7.4,2,3,0,60.0,6.0,7.0,1,2.2,RECYCLE
A08710,Monitor,Noida,2.8,1,4,0,85.0,,2.0,1,5.0,REDEPLOY
A08711,Laptop,Kolkata,6.7,2,3,0,51.0,39.0,6.0,1,2.2,RECYCLE
A08712,Monitor,Pune,6.4,1,2,0,49.0,,7.0,1,5.0,HARVEST_PARTS
A08713,Monitor,Bengaluru,3.8,2,1,0,84.0,,3.0,1,5.0,REDEPLOY
A08714,Laptop,Gurugram,8.2,3,3,0,58.0,22.0,8.0,1,2.2,RECYCLE
A08715,Laptop,Kolkata,6.5,2,4,0,57.0,20.0,7.0,1,2.2,HARVEST_PARTS
A08716,Laptop,Hyderabad,2.1,1,2,1,71.0,84.0,2.0,1,2.2,HARVEST_PARTS
A08717,Laptop,Hyderabad,7.6,1,2,1,25.0,40.0,8.0,1,2.2,RECYCLE
A08718,Desktop,Bengaluru,3.8,1,3,0,79.0,,3.0,1,8.0,REFURBISH_RESELL
A08719,Laptop,Bengaluru,4.7,1,1,0,79.0,48.0,4.0,1,2.2,HARVEST_PARTS
A08720,Server,Noida,4.7,2,3,0,76.0,,5.0,1,25.0,HARVEST_PARTS
A08721,Desktop,Chennai,5.3,2,1,0,66.0,,4.0,1,8.0,HARVEST_PARTS
A08722,Monitor,Bengaluru,7.4,2,2,0,60.0,,6.0,1,5.0,HARVEST_PARTS
A08723,Monitor,Bengaluru,4.7,1,1,0,67.0,,5.0,1,5.0,REFURBISH_RESELL
A08724,Desktop,Bengaluru,3.7,2,4,0,80.0,,3.0,0,8.0,HARVEST_PARTS
A08725,Mobile,Bengaluru,2.4,1,4,0,88.0,69.0,3.0,1,0.2,REFURBISH_RESELL
A08726,Mobile,Bengaluru,3.1,1,3,0,78.0,64.0,5.0,1,0.2,REFURBISH_RESELL
A08727,Laptop,Hyderabad,6.3,1,2,0,52.0,40.0,6.0,1,2.2,RECYCLE
A08728,Laptop,Chennai,6.9,2,4,0,41.0,50.0,5.0,1,2.2,RECYCLE
A08729,Laptop,Hyderabad,3.3,1,4,0,77.0,64.0,2.0,1,2.2,REDEPLOY
A08730,Laptop,Pune,5.7,2,3,0,50.0,60.0,5.0,1,2.2,HARVEST_PARTS
A08731,Desktop,Bengaluru,3.0,1,3,0,85.0,,2.0,1,8.0,REDEPLOY
A08732,Laptop,Bengaluru,1.5,1,2,0,90.0,87.0,2.0,1,2.2,REDEPLOY
A08733,Desktop,Pune,1.9,1,1,0,88.0,,3.0,1,8.0,REFURBISH_RESELL
A08734,Monitor,Pune,6.6,1,3,0,51.0,,7.0,1,5.0,HARVEST_PARTS
A08735,Laptop,Gurugram,1.6,1,4,0,92.0,83.0,1.0,1,2.2,REDEPLOY
A08736,Desktop,Bengaluru,5.5,2,2,0,74.0,,5.0,1,8.0,HARVEST_PARTS
A08737,Laptop,Hyderabad,4.5,1,3,0,72.0,45.0,5.0,1,2.2,HARVEST_PARTS
A08738,Monitor,Mumbai,6.8,1,3,0,50.0,,8.0,1,5.0,HARVEST_PARTS
A08739,Monitor,Gurugram,4.3,1,3,0,67.0,,4.0,1,5.0,REFURBISH_RESELL
A08740,Laptop,Gurugram,5.0,1,3,1,48.0,62.0,4.0,1,2.2,RECYCLE
A08741,Monitor,Gurugram,4.5,1,4,0,67.0,,4.0,0,5.0,HARVEST_PARTS
A08742,Laptop,Noida,4.7,2,3,0,77.0,44.0,4.0,1,2.2,HARVEST_PARTS
A08743,Monitor,Mumbai,4.0,2,1,0,68.0,,4.0,1,5.0,REFURBISH_RESELL
A08744,Desktop,Bengaluru,5.1,2,1,1,38.0,,5.0,1,8.0,RECYCLE
A08745,Laptop,Mumbai,3.5,1,2,0,85.0,71.0,3.0,1,2.2,REDEPLOY
A08746,Monitor,Bengaluru,6.1,1,3,0,68.0,,5.0,1,5.0,HARVEST_PARTS
A08747,Network,Chennai,4.2,2,1,0,78.0,,3.0,1,4.0,HARVEST_PARTS
A08748,Monitor,Hyderabad,5.9,2,3,1,37.0,,6.0,1,5.0,RECYCLE
A08749,Desktop,Pune,2.8,1,3,1,49.0,,2.0,1,8.0,HARVEST_PARTS
A08750,Monitor,Mumbai,3.3,1,4,0,72.0,,5.0,1,5.0,REDEPLOY
A08751,Laptop,Noida,1.9,3,2,0,88.0,84.0,1.0,1,2.2,REDEPLOY
A08752,Monitor,Bengaluru,4.8,1,2,0,71.0,,4.0,1,5.0,REFURBISH_RESELL
A08753,Server,Hyderabad,4.7,3,3,0,62.0,,3.0,1,25.0,HARVEST_PARTS
A08754,Laptop,Bengaluru,3.1,2,4,0,82.0,68.0,4.0,1,2.2,REFURBISH_RESELL
A08755,Laptop,Chennai,4.1,1,3,0,77.0,71.0,3.0,1,2.2,REDEPLOY
A08756,Laptop,Mumbai,2.4,1,3,0,88.0,69.0,2.0,1,2.2,REDEPLOY
A08757,Laptop,Pune,6.4,3,4,1,38.0,49.0,7.0,1,2.2,RECYCLE
A08758,Laptop,Bengaluru,6.3,1,3,0,69.0,20.0,4.0,1,2.2,HARVEST_PARTS
A08759,Laptop,Gurugram,4.0,1,4,0,68.0,54.0,4.0,1,2.2,REDEPLOY
A08760,Desktop,Gurugram,3.6,1,2,0,75.0,,3.0,1,8.0,REFURBISH_RESELL
A08761,Laptop,Bengaluru,1.7,1,3,0,88.0,87.0,4.0,1,2.2,REDEPLOY
A08762,Laptop,Pune,5.8,2,3,0,66.0,56.0,5.0,1,2.2,HARVEST_PARTS
A08763,Monitor,Gurugram,2.6,1,2,0,83.0,,2.0,1,5.0,REDEPLOY
A08764,Laptop,Bengaluru,6.0,2,3,0,56.0,57.0,6.0,1,2.2,HARVEST_PARTS
A08765,Laptop,Chennai,1.9,2,3,0,88.0,84.0,2.0,1,2.2,REDEPLOY
A08766,Monitor,Chennai,2.4,1,4,0,86.0,,3.0,1,5.0,REDEPLOY
A08767,Mobile,Pune,2.1,2,2,0,89.0,79.0,2.0,1,0.2,REDEPLOY
A08768,Desktop,Mumbai,2.6,1,3,0,87.0,,2.0,1,8.0,REDEPLOY
A08769,Laptop,Kolkata,10.0,2,3,1,5.0,5.0,8.0,1,2.2,RECYCLE
A08770,Laptop,Noida,3.7,1,3,0,84.0,68.0,4.0,1,2.2,REFURBISH_RESELL
A08771,Mobile,Pune,5.4,2,3,0,74.0,46.0,5.0,1,0.2,HARVEST_PARTS
A08772,Monitor,Pune,2.3,2,3,0,84.0,,2.0,1,5.0,REDEPLOY
A08773,Monitor,Bengaluru,2.8,2,3,0,78.0,,4.0,0,5.0,HARVEST_PARTS
A08774,Monitor,Hyderabad,8.7,1,3,0,54.0,,9.0,1,5.0,HARVEST_PARTS
A08775,Laptop,Hyderabad,3.8,1,3,0,85.0,67.0,3.0,1,2.2,REDEPLOY
A08776,Laptop,Kolkata,4.3,3,2,0,68.0,57.0,4.0,1,2.2,HARVEST_PARTS
A08777,Monitor,Gurugram,4.9,3,3,0,79.0,,5.0,1,5.0,REFURBISH_RESELL
A08778,Network,Hyderabad,8.1,2,1,1,16.0,,8.0,1,4.0,RECYCLE
A08779,Laptop,Hyderabad,1.0,1,3,1,66.0,88.0,1.0,1,2.2,HARVEST_PARTS
A08780,Desktop,Chennai,6.6,1,2,1,13.0,,6.0,0,8.0,RECYCLE
A08781,Laptop,Mumbai,7.2,3,3,0,43.0,7.0,6.0,1,2.2,RECYCLE
A08782,Mobile,Kolkata,5.2,1,3,0,68.0,41.0,5.0,1,0.2,HARVEST_PARTS
A08783,Laptop,Bengaluru,3.5,2,3,0,71.0,55.0,3.0,1,2.2,HARVEST_PARTS
A08784,Monitor,Gurugram,4.6,1,3,0,73.0,,4.0,1,5.0,REDEPLOY
A08785,Laptop,Chennai,2.2,2,3,1,63.0,80.0,3.0,1,2.2,HARVEST_PARTS
A08786,Monitor,Mumbai,1.4,1,2,0,92.0,,2.0,0,5.0,HARVEST_PARTS
A08787,Monitor,Noida,4.4,1,3,0,69.0,,2.0,1,5.0,REFURBISH_RESELL
A08788,Laptop,Gurugram,0.7,1,3,0,96.0,91.0,2.0,1,2.2,REDEPLOY
A08789,Server,Hyderabad,3.1,3,4,0,73.0,,4.0,1,25.0,REFURBISH_RESELL
A08790,Network,Gurugram,2.4,2,3,1,53.0,,2.0,1,4.0,HARVEST_PARTS
A08791,Network,Pune,3.5,2,3,1,62.0,,3.0,1,4.0,HARVEST_PARTS
A08792,Laptop,Hyderabad,3.6,3,3,1,51.0,66.0,3.0,1,2.2,RECYCLE
A08793,Monitor,Kolkata,2.1,1,3,0,86.0,,2.0,1,5.0,REDEPLOY
A08794,Desktop,Mumbai,5.0,3,4,0,74.0,,3.0,1,8.0,REFURBISH_RESELL
A08795,Desktop,Mumbai,7.0,1,4,1,33.0,,6.0,1,8.0,RECYCLE
A08796,Desktop,Kolkata,2.2,1,3,0,86.0,,3.0,1,8.0,REDEPLOY
A08797,Monitor,Chennai,2.2,1,4,0,82.0,,1.0,1,5.0,REDEPLOY
A08798,Laptop,Hyderabad,3.9,3,4,0,70.0,63.0,3.0,1,2.2,REFURBISH_RESELL
A08799,Laptop,Bengaluru,1.4,2,2,0,90.0,89.0,2.0,1,2.2,REDEPLOY
A08800,Laptop,Noida,3.9,1,4,0,70.0,69.0,4.0,1,2.2,REDEPLOY
A08801,Laptop,Pune,6.6,3,3,0,63.0,49.0,6.0,1,2.2,RECYCLE
A08802,Laptop,Mumbai,2.2,2,3,0,86.0,75.0,2.0,1,2.2,REDEPLOY
A08803,Laptop,Mumbai,7.9,2,4,0,66.0,39.0,6.0,1,2.2,HARVEST_PARTS
A08804,Monitor,Pune,3.2,2,4,0,86.0,,3.0,1,5.0,REDEPLOY
A08805,Desktop,Chennai,3.5,1,4,0,83.0,,2.0,1,8.0,REDEPLOY
A08806,Laptop,Hyderabad,2.9,1,4,0,78.0,63.0,4.0,1,2.2,REDEPLOY
A08807,Monitor,Bengaluru,5.7,2,3,1,19.0,,5.0,1,5.0,RECYCLE
A08808,Mobile,Bengaluru,4.2,1,2,0,70.0,63.0,4.0,1,0.2,HARVEST_PARTS
A08809,Network,Chennai,3.3,2,3,0,86.0,,2.0,1,4.0,REFURBISH_RESELL
A08810,Server,Noida,2.6,1,3,0,81.0,,3.0,1,25.0,REFURBISH_RESELL
A08811,Mobile,Bengaluru,4.5,2,4,0,76.0,62.0,3.0,1,0.2,HARVEST_PARTS
A08812,Desktop,Bengaluru,7.2,2,2,0,40.0,,7.0,1,8.0,RECYCLE
A08813,Mobile,Hyderabad,3.5,1,3,1,41.0,62.0,3.0,1,0.2,HARVEST_PARTS
A08814,Mobile,Pune,4.1,1,4,0,76.0,70.0,6.0,1,0.2,REFURBISH_RESELL
A08815,Laptop,Gurugram,1.7,1,3,0,89.0,83.0,1.0,1,2.2,REDEPLOY
A08816,Network,Gurugram,4.1,1,1,0,69.0,,3.0,0,4.0,HARVEST_PARTS
A08817,Monitor,Pune,10.0,1,3,0,14.0,,10.0,1,5.0,RECYCLE
A08818,Monitor,Mumbai,2.0,1,4,0,89.0,,2.0,1,5.0,REDEPLOY
A08819,Network,Kolkata,4.7,1,4,0,63.0,,3.0,1,4.0,REFURBISH_RESELL
A08820,Laptop,Chennai,3.0,1,2,0,78.0,68.0,4.0,1,2.2,REFURBISH_RESELL
A08821,Laptop,Pune,1.7,3,2,0,91.0,86.0,1.0,1,2.2,REDEPLOY
A08822,Monitor,Mumbai,3.2,1,4,0,83.0,,3.0,1,5.0,REDEPLOY
A08823,Monitor,Noida,9.5,1,4,1,33.0,,9.0,1,5.0,RECYCLE
A08824,Network,Bengaluru,4.6,2,4,0,78.0,,4.0,1,4.0,REFURBISH_RESELL
A08825,Network,Pune,4.4,1,4,1,65.0,,5.0,1,4.0,HARVEST_PARTS
A08826,Monitor,Pune,2.1,2,4,0,90.0,,1.0,1,5.0,REDEPLOY
A08827,Mobile,Bengaluru,6.3,2,3,0,67.0,52.0,6.0,1,0.2,RECYCLE
A08828,Laptop,Noida,7.5,2,4,0,56.0,8.0,6.0,1,2.2,HARVEST_PARTS
A08829,Mobile,Mumbai,7.3,1,2,0,50.0,38.0,7.0,1,0.2,RECYCLE
A08830,Laptop,Hyderabad,6.1,1,3,0,62.0,41.0,6.0,1,2.2,RECYCLE
A08831,Desktop,Mumbai,2.5,3,3,0,86.0,,2.0,1,8.0,REFURBISH_RESELL
A08832,Laptop,Bengaluru,2.2,3,1,0,90.0,82.0,2.0,1,2.2,REFURBISH_RESELL
A08833,Desktop,Hyderabad,1.3,2,3,0,91.0,,1.0,1,8.0,REDEPLOY
A08834,Laptop,Bengaluru,2.3,1,4,0,81.0,77.0,1.0,1,2.2,REDEPLOY
A08835,Laptop,Bengaluru,4.6,1,3,0,67.0,49.0,5.0,1,2.2,HARVEST_PARTS
A08836,Monitor,Mumbai,2.3,2,3,0,84.0,,1.0,1,5.0,REDEPLOY
A08837,Monitor,Gurugram,6.5,1,3,0,62.0,,6.0,1,5.0,REFURBISH_RESELL
A08838,Laptop,Hyderabad,6.9,3,3,0,54.0,51.0,7.0,1,2.2,RECYCLE
A08839,Monitor,Gurugram,6.7,3,3,1,14.0,,5.0,1,5.0,RECYCLE
A08840,Laptop,Hyderabad,1.5,1,3,0,92.0,84.0,1.0,1,2.2,REDEPLOY
A08841,Laptop,Gurugram,4.4,1,2,0,61.0,55.0,3.0,1,2.2,REFURBISH_RESELL
A08842,Laptop,Gurugram,4.2,1,3,0,83.0,50.0,4.0,1,2.2,REFURBISH_RESELL
A08843,Desktop,Bengaluru,6.7,1,3,0,62.0,,6.0,1,8.0,HARVEST_PARTS
A08844,Monitor,Gurugram,1.7,1,2,0,85.0,,1.0,1,5.0,REDEPLOY
A08845,Desktop,Gurugram,4.1,2,3,1,50.0,,4.0,1,8.0,HARVEST_PARTS
A08846,Server,Noida,1.7,1,4,0,93.0,,2.0,1,25.0,REDEPLOY
A08847,Desktop,Bengaluru,6.2,1,3,0,64.0,,5.0,1,8.0,HARVEST_PARTS
A08848,Monitor,Noida,0.9,1,3,0,93.0,,1.0,1,5.0,REDEPLOY
A08849,Mobile,Hyderabad,9.4,1,2,0,37.0,33.0,8.0,1,0.2,RECYCLE
A08850,Laptop,Mumbai,5.1,1,2,0,56.0,36.0,5.0,1,2.2,HARVEST_PARTS
A08851,Laptop,Bengaluru,3.9,3,2,0,69.0,65.0,2.0,1,2.2,HARVEST_PARTS
A08852,Laptop,Gurugram,2.8,1,3,0,80.0,72.0,3.0,1,2.2,REDEPLOY
A08853,Desktop,Hyderabad,6.8,2,4,0,52.0,,5.0,1,8.0,HARVEST_PARTS
A08854,Desktop,Bengaluru,1.7,1,3,0,85.0,,1.0,1,8.0,REDEPLOY
A08855,Laptop,Pune,0.9,2,3,0,94.0,88.0,2.0,1,2.2,REDEPLOY
A08856,Network,Bengaluru,5.0,1,1,0,80.0,,3.0,1,4.0,REFURBISH_RESELL
A08857,Mobile,Bengaluru,3.7,1,4,0,71.0,56.0,4.0,1,0.2,REFURBISH_RESELL
A08858,Laptop,Mumbai,4.6,1,3,0,70.0,49.0,3.0,1,2.2,REFURBISH_RESELL
A08859,Laptop,Gurugram,4.3,2,3,0,65.0,50.0,5.0,1,2.2,HARVEST_PARTS
A08860,Laptop,Chennai,5.3,1,2,1,45.0,58.0,5.0,1,2.2,HARVEST_PARTS
A08861,Laptop,Hyderabad,3.9,1,3,0,81.0,59.0,6.0,1,2.2,REFURBISH_RESELL
A08862,Network,Hyderabad,3.2,1,4,0,77.0,,3.0,1,4.0,REDEPLOY
A08863,Desktop,Chennai,3.9,2,3,0,67.0,,4.0,1,8.0,HARVEST_PARTS
A08864,Laptop,Gurugram,5.7,1,3,1,56.0,53.0,5.0,1,2.2,RECYCLE
A08865,Desktop,Noida,5.9,1,3,1,57.0,,7.0,1,8.0,RECYCLE
A08866,Laptop,Hyderabad,4.7,2,4,0,76.0,39.0,4.0,1,2.2,RECYCLE
A08867,Laptop,Pune,1.1,1,3,0,95.0,92.0,2.0,1,2.2,REDEPLOY
A08868,Laptop,Bengaluru,4.4,1,3,0,70.0,62.0,3.0,1,2.2,REFURBISH_RESELL
A08869,Monitor,Noida,1.6,1,4,0,93.0,,2.0,1,5.0,REDEPLOY
A08870,Desktop,Mumbai,6.0,2,3,0,46.0,,5.0,1,8.0,HARVEST_PARTS
A08871,Network,Mumbai,5.7,3,1,0,72.0,,6.0,1,4.0,RECYCLE
A08872,Laptop,Chennai,2.4,2,4,0,90.0,72.0,3.0,1,2.2,REDEPLOY
A08873,Monitor,Gurugram,5.2,2,4,0,71.0,,6.0,1,5.0,REFURBISH_RESELL
A08874,Laptop,Gurugram,4.1,2,3,0,74.0,67.0,3.0,1,2.2,REFURBISH_RESELL
A08875,Laptop,Noida,2.7,1,3,1,53.0,72.0,3.0,1,2.2,RECYCLE
A08876,Network,Bengaluru,5.2,3,2,1,38.0,,4.0,1,4.0,RECYCLE
A08877,Monitor,Kolkata,7.7,1,3,0,31.0,,8.0,1,5.0,RECYCLE
A08878,Laptop,Bengaluru,3.1,2,3,0,81.0,74.0,3.0,1,2.2,REFURBISH_RESELL
A08879,Desktop,Hyderabad,4.7,1,1,0,79.0,,5.0,1,8.0,HARVEST_PARTS
A08880,Monitor,Hyderabad,2.3,2,3,0,80.0,,2.0,1,5.0,REDEPLOY
A08881,Mobile,Hyderabad,2.8,3,2,0,81.0,79.0,3.0,1,0.2,REFURBISH_RESELL
A08882,Monitor,Bengaluru,4.0,2,2,0,74.0,,3.0,1,5.0,REDEPLOY
A08883,Laptop,Bengaluru,2.6,3,4,1,50.0,68.0,1.0,0,2.2,HARVEST_PARTS
A08884,Desktop,Mumbai,2.5,2,4,1,67.0,,1.0,1,8.0,REFURBISH_RESELL
A08885,Laptop,Hyderabad,2.2,1,1,0,87.0,80.0,2.0,1,2.2,REDEPLOY
A08886,Laptop,Bengaluru,6.9,1,3,0,61.0,28.0,6.0,1,2.2,RECYCLE
A08887,Desktop,Chennai,5.8,1,3,0,66.0,,6.0,1,8.0,HARVEST_PARTS
A08888,Monitor,Bengaluru,3.9,1,4,0,79.0,,4.0,1,5.0,REDEPLOY
A08889,Laptop,Noida,5.9,1,2,0,62.0,52.0,5.0,1,2.2,RECYCLE
A08890,Monitor,Noida,6.2,1,3,0,52.0,,6.0,1,5.0,REFURBISH_RESELL
A08891,Monitor,Mumbai,3.6,3,3,0,68.0,,3.0,1,5.0,REDEPLOY
A08892,Monitor,Bengaluru,2.3,2,4,0,89.0,,3.0,1,5.0,REDEPLOY
A08893,Laptop,Chennai,4.7,1,4,0,61.0,56.0,3.0,1,2.2,REDEPLOY
A08894,Laptop,Noida,6.9,2,2,0,61.0,44.0,7.0,1,2.2,RECYCLE
A08895,Laptop,Bengaluru,5.5,2,3,0,64.0,54.0,4.0,1,2.2,HARVEST_PARTS
A08896,Laptop,Pune,7.6,3,2,0,65.0,31.0,8.0,1,2.2,RECYCLE
A08897,Laptop,Bengaluru,6.1,1,4,0,71.0,36.0,5.0,1,2.2,HARVEST_PARTS
A08898,Laptop,Bengaluru,9.9,2,3,1,5.0,5.0,8.0,1,2.2,RECYCLE
A08899,Laptop,Kolkata,4.9,1,2,0,68.0,50.0,6.0,1,2.2,HARVEST_PARTS
A08900,Laptop,Chennai,3.4,2,3,0,82.0,69.0,3.0,1,2.2,REFURBISH_RESELL
A08901,Mobile,Bengaluru,5.7,3,3,0,51.0,49.0,6.0,1,0.2,HARVEST_PARTS
A08902,Monitor,Bengaluru,7.1,1,4,1,8.0,,6.0,0,5.0,RECYCLE
A08903,Laptop,Hyderabad,4.4,1,3,0,74.0,68.0,3.0,1,2.2,REFURBISH_RESELL
A08904,Mobile,Pune,6.2,1,2,0,69.0,49.0,5.0,1,0.2,RECYCLE
A08905,Laptop,Hyderabad,3.2,1,4,0,82.0,66.0,1.0,1,2.2,REDEPLOY
A08906,Laptop,Hyderabad,6.1,1,4,0,54.0,35.0,6.0,1,2.2,RECYCLE
A08907,Server,Hyderabad,10.0,2,4,1,8.0,,10.0,1,25.0,RECYCLE
A08908,Laptop,Noida,3.2,1,1,0,80.0,74.0,3.0,1,2.2,HARVEST_PARTS
A08909,Laptop,Mumbai,4.6,1,2,0,60.0,40.0,4.0,1,2.2,HARVEST_PARTS
A08910,Laptop,Hyderabad,5.4,2,4,0,53.0,33.0,5.0,1,2.2,HARVEST_PARTS
A08911,Desktop,Pune,3.8,2,2,0,76.0,,2.0,1,8.0,REFURBISH_RESELL
A08912,Monitor,Chennai,3.3,1,3,0,72.0,,3.0,1,5.0,REDEPLOY
A08913,Laptop,Bengaluru,4.1,2,1,0,76.0,52.0,4.0,0,2.2,HARVEST_PARTS
A08914,Laptop,Pune,6.6,2,3,1,46.0,33.0,5.0,1,2.2,RECYCLE
A08915,Laptop,Bengaluru,1.8,1,4,0,91.0,79.0,1.0,1,2.2,REDEPLOY
A08916,Desktop,Pune,2.6,1,2,0,86.0,,2.0,1,8.0,REDEPLOY
A08917,Laptop,Chennai,3.8,2,1,0,72.0,61.0,5.0,1,2.2,HARVEST_PARTS
A08918,Network,Kolkata,6.3,1,3,0,50.0,,5.0,1,4.0,HARVEST_PARTS
A08919,Monitor,Noida,4.1,1,3,0,72.0,,5.0,1,5.0,REDEPLOY
A08920,Laptop,Pune,2.9,1,2,0,79.0,79.0,2.0,1,2.2,REFURBISH_RESELL
A08921,Monitor,Bengaluru,7.9,3,4,0,56.0,,6.0,1,5.0,HARVEST_PARTS
A08922,Laptop,Gurugram,4.5,2,2,0,62.0,45.0,3.0,1,2.2,HARVEST_PARTS
A08923,Laptop,Hyderabad,3.3,2,2,0,75.0,61.0,3.0,1,2.2,REFURBISH_RESELL
A08924,Laptop,Chennai,5.3,1,4,0,56.0,50.0,4.0,1,2.2,HARVEST_PARTS
A08925,Desktop,Hyderabad,5.2,2,4,0,59.0,,5.0,1,8.0,REFURBISH_RESELL
A08926,Monitor,Mumbai,4.6,1,4,0,71.0,,4.0,1,5.0,REDEPLOY
A08927,Mobile,Hyderabad,2.9,3,1,0,79.0,65.0,3.0,1,0.2,REFURBISH_RESELL
A08928,Laptop,Noida,6.2,2,2,0,71.0,49.0,5.0,1,2.2,HARVEST_PARTS
A08929,Laptop,Noida,8.6,2,3,0,50.0,36.0,7.0,1,2.2,RECYCLE
A08930,Monitor,Kolkata,4.9,3,2,1,27.0,,4.0,1,5.0,RECYCLE
A08931,Laptop,Mumbai,1.9,3,2,0,91.0,76.0,1.0,1,2.2,REFURBISH_RESELL
A08932,Laptop,Bengaluru,10.0,1,1,1,5.0,5.0,10.0,1,2.2,RECYCLE
A08933,Mobile,Hyderabad,5.3,1,3,0,69.0,34.0,5.0,1,0.2,HARVEST_PARTS
A08934,Server,Pune,2.4,2,2,0,79.0,,3.0,1,25.0,REDEPLOY
A08935,Mobile,Gurugram,6.1,1,4,0,50.0,23.0,6.0,1,0.2,HARVEST_PARTS
A08936,Laptop,Bengaluru,7.0,1,4,1,35.0,47.0,5.0,1,2.2,RECYCLE
A08937,Laptop,Pune,4.2,1,3,0,83.0,51.0,3.0,1,2.2,REFURBISH_RESELL
A08938,Laptop,Hyderabad,1.6,1,4,1,63.0,82.0,0.0,1,2.2,REFURBISH_RESELL
A08939,Mobile,Kolkata,4.7,2,4,0,79.0,57.0,4.0,1,0.2,REFURBISH_RESELL
A08940,Laptop,Chennai,2.4,1,4,0,87.0,72.0,3.0,1,2.2,REDEPLOY
A08941,Laptop,Hyderabad,5.4,1,3,0,78.0,52.0,3.0,1,2.2,HARVEST_PARTS
A08942,Laptop,Hyderabad,2.9,1,3,0,82.0,80.0,3.0,1,2.2,REDEPLOY
A08943,Monitor,Kolkata,5.1,3,1,1,37.0,,4.0,1,5.0,RECYCLE
A08944,Monitor,Chennai,3.4,1,3,1,52.0,,3.0,1,5.0,HARVEST_PARTS
A08945,Monitor,Chennai,4.8,2,3,0,59.0,,4.0,1,5.0,REFURBISH_RESELL
A08946,Laptop,Bengaluru,6.2,3,2,1,38.0,44.0,6.0,1,2.2,RECYCLE
A08947,Monitor,Hyderabad,6.2,1,2,1,16.0,,6.0,1,5.0,RECYCLE
A08948,Laptop,Bengaluru,2.7,2,3,0,81.0,73.0,2.0,1,2.2,REFURBISH_RESELL
A08949,Laptop,Hyderabad,3.6,1,2,1,48.0,73.0,3.0,1,2.2,HARVEST_PARTS
A08950,Laptop,Bengaluru,3.7,1,2,0,81.0,55.0,3.0,1,2.2,REFURBISH_RESELL
A08951,Desktop,Kolkata,4.6,1,2,0,71.0,,4.0,1,8.0,REFURBISH_RESELL
A08952,Laptop,Bengaluru,7.2,2,3,0,59.0,36.0,6.0,1,2.2,RECYCLE
A08953,Mobile,Pune,3.9,3,2,0,77.0,63.0,4.0,1,0.2,REFURBISH_RESELL
A08954,Desktop,Pune,5.1,1,2,0,70.0,,6.0,1,8.0,HARVEST_PARTS
A08955,Laptop,Mumbai,3.8,1,4,0,82.0,55.0,4.0,1,2.2,REFURBISH_RESELL
A08956,Monitor,Bengaluru,2.9,2,3,0,84.0,,1.0,1,5.0,REDEPLOY
A08957,Monitor,Pune,1.8,1,4,0,86.0,,1.0,1,5.0,REDEPLOY
A08958,Laptop,Mumbai,3.3,1,4,1,54.0,69.0,3.0,1,2.2,HARVEST_PARTS
A08959,Monitor,Hyderabad,2.2,1,4,0,83.0,,1.0,1,5.0,REDEPLOY
A08960,Laptop,Kolkata,2.3,2,4,0,85.0,78.0,2.0,1,2.2,REDEPLOY
A08961,Laptop,Mumbai,4.8,1,4,1,42.0,38.0,3.0,1,2.2,RECYCLE
A08962,Monitor,Hyderabad,5.1,1,1,0,70.0,,4.0,1,5.0,REFURBISH_RESELL
A08963,Desktop,Pune,6.4,1,4,0,44.0,,5.0,1,8.0,HARVEST_PARTS
A08964,Laptop,Kolkata,1.4,1,4,0,94.0,83.0,2.0,1,2.2,REDEPLOY
A08965,Laptop,Gurugram,5.9,1,2,1,36.0,57.0,6.0,1,2.2,RECYCLE
A08966,Desktop,Hyderabad,0.9,1,3,0,95.0,,-0.0,1,8.0,REDEPLOY
A08967,Laptop,Gurugram,2.9,2,3,0,76.0,78.0,3.0,1,2.2,REFURBISH_RESELL
A08968,Mobile,Mumbai,3.8,2,2,0,71.0,66.0,4.0,1,0.2,REFURBISH_RESELL
A08969,Desktop,Hyderabad,2.9,1,3,0,84.0,,3.0,1,8.0,REDEPLOY
A08970,Network,Bengaluru,4.1,2,3,0,83.0,,4.0,1,4.0,REFURBISH_RESELL
A08971,Laptop,Pune,4.5,1,3,0,64.0,57.0,4.0,1,2.2,REFURBISH_RESELL
A08972,Server,Noida,0.8,1,3,0,93.0,,1.0,1,25.0,REDEPLOY
A08973,Laptop,Bengaluru,5.2,1,2,0,72.0,40.0,4.0,1,2.2,HARVEST_PARTS
A08974,Laptop,Bengaluru,3.2,1,3,0,87.0,73.0,2.0,1,2.2,REDEPLOY
A08975,Laptop,Pune,5.8,2,4,0,49.0,54.0,6.0,1,2.2,RECYCLE
A08976,Laptop,Hyderabad,5.9,2,3,1,37.0,31.0,5.0,1,2.2,RECYCLE
A08977,Mobile,Kolkata,4.3,1,3,0,78.0,68.0,4.0,1,0.2,REFURBISH_RESELL
A08978,Monitor,Bengaluru,6.2,1,4,0,45.0,,7.0,1,5.0,HARVEST_PARTS
A08979,Monitor,Hyderabad,2.6,1,2,0,80.0,,3.0,1,5.0,REDEPLOY
A08980,Desktop,Noida,3.0,2,2,0,85.0,,4.0,1,8.0,REFURBISH_RESELL
A08981,Desktop,Gurugram,1.4,3,4,0,91.0,,1.0,1,8.0,REDEPLOY
A08982,Monitor,Hyderabad,5.3,2,3,1,36.0,,5.0,1,5.0,RECYCLE
A08983,Server,Bengaluru,4.1,1,3,0,76.0,,4.0,1,25.0,REDEPLOY
A08984,Desktop,Hyderabad,3.8,1,3,0,72.0,,4.0,1,8.0,REFURBISH_RESELL
A08985,Monitor,Hyderabad,3.6,1,4,0,83.0,,4.0,1,5.0,REDEPLOY
A08986,Laptop,Pune,3.4,1,1,0,79.0,76.0,3.0,1,2.2,REFURBISH_RESELL
A08987,Mobile,Kolkata,2.3,3,4,1,58.0,80.0,3.0,1,0.2,REFURBISH_RESELL
A08988,Laptop,Mumbai,2.0,1,2,1,67.0,85.0,1.0,1,2.2,HARVEST_PARTS
A08989,Laptop,Gurugram,8.6,3,4,1,42.0,5.0,8.0,0,2.2,RECYCLE
A08990,Network,Bengaluru,5.0,1,2,0,59.0,,5.0,1,4.0,HARVEST_PARTS
A08991,Laptop,Pune,3.7,1,4,0,75.0,74.0,3.0,1,2.2,REDEPLOY
A08992,Laptop,Bengaluru,3.5,2,2,1,56.0,61.0,2.0,1,2.2,HARVEST_PARTS
A08993,Laptop,Mumbai,4.8,1,1,0,72.0,46.0,5.0,1,2.2,HARVEST_PARTS
A08994,Laptop,Chennai,6.8,1,1,0,42.0,18.0,5.0,1,2.2,HARVEST_PARTS
A08995,Mobile,Bengaluru,4.3,1,2,0,81.0,48.0,4.0,1,0.2,HARVEST_PARTS
A08996,Server,Noida,10.0,1,3,1,5.0,,9.0,1,25.0,RECYCLE
A08997,Desktop,Mumbai,5.4,1,3,0,57.0,,3.0,1,8.0,HARVEST_PARTS
A08998,Mobile,Gurugram,3.2,3,1,0,80.0,66.0,2.0,1,0.2,HARVEST_PARTS
A08999,Monitor,Hyderabad,2.0,2,2,0,91.0,,1.0,1,5.0,REDEPLOY
A09000,Network,Bengaluru,6.7,2,3,0,46.0,,7.0,1,4.0,RECYCLE
A09001,Laptop,Bengaluru,2.4,1,3,0,85.0,78.0,2.0,1,2.2,REDEPLOY
A09002,Desktop,Bengaluru,5.8,1,4,1,27.0,,7.0,1,8.0,RECYCLE
A09003,Laptop,Noida,4.8,2,3,0,70.0,64.0,6.0,1,2.2,HARVEST_PARTS
A09004,Laptop,Bengaluru,1.8,1,3,0,91.0,77.0,1.0,1,2.2,REDEPLOY
A09005,Monitor,Pune,4.7,1,2,0,79.0,,4.0,1,5.0,REDEPLOY
A09006,Laptop,Pune,5.1,1,3,0,54.0,52.0,4.0,1,2.2,REFURBISH_RESELL
A09007,Desktop,Noida,3.4,2,3,0,82.0,,2.0,1,8.0,REFURBISH_RESELL
A09008,Monitor,Pune,3.3,2,4,0,79.0,,2.0,1,5.0,REDEPLOY
A09009,Laptop,Bengaluru,3.5,1,4,0,76.0,67.0,2.0,1,2.2,REDEPLOY
A09010,Laptop,Gurugram,6.6,2,2,0,48.0,20.0,5.0,1,2.2,RECYCLE
A09011,Monitor,Bengaluru,3.2,1,4,1,61.0,,4.0,1,5.0,HARVEST_PARTS
A09012,Network,Hyderabad,1.5,1,1,0,88.0,,2.0,1,4.0,REDEPLOY
A09013,Laptop,Chennai,4.1,1,4,0,81.0,54.0,2.0,1,2.2,REFURBISH_RESELL
A09014,Mobile,Bengaluru,1.4,2,2,0,89.0,85.0,1.0,1,0.2,REFURBISH_RESELL
A09015,Server,Bengaluru,4.6,1,4,0,61.0,,5.0,1,25.0,REFURBISH_RESELL
A09016,Monitor,Gurugram,2.3,3,3,1,43.0,,2.0,1,5.0,HARVEST_PARTS
A09017,Laptop,Pune,3.6,1,2,0,85.0,53.0,3.0,1,2.2,REFURBISH_RESELL
A09018,Monitor,Bengaluru,2.4,1,4,0,84.0,,0.0,1,5.0,REDEPLOY
A09019,Server,Kolkata,7.7,2,3,1,5.0,,6.0,1,25.0,RECYCLE
A09020,Laptop,Noida,4.8,1,2,0,62.0,64.0,4.0,1,2.2,HARVEST_PARTS
A09021,Mobile,Chennai,2.3,1,4,0,81.0,81.0,2.0,1,0.2,REDEPLOY
A09022,Mobile,Mumbai,4.3,1,3,0,67.0,56.0,4.0,1,0.2,HARVEST_PARTS
A09023,Desktop,Bengaluru,2.1,1,3,0,83.0,,0.0,1,8.0,REDEPLOY
A09024,Monitor,Hyderabad,3.6,1,2,1,51.0,,3.0,1,5.0,RECYCLE
A09025,Desktop,Bengaluru,6.8,1,3,1,41.0,,7.0,1,8.0,RECYCLE
A09026,Monitor,Bengaluru,4.8,1,3,0,63.0,,3.0,1,5.0,HARVEST_PARTS
A09027,Server,Chennai,2.4,2,1,0,81.0,,2.0,1,25.0,REDEPLOY
A09028,Laptop,Kolkata,1.9,2,2,0,91.0,80.0,2.0,1,2.2,REDEPLOY
A09029,Laptop,Hyderabad,5.2,1,4,0,58.0,45.0,5.0,1,2.2,REFURBISH_RESELL
A09030,Laptop,Hyderabad,8.3,3,4,1,36.0,5.0,8.0,0,2.2,RECYCLE
A09031,Mobile,Mumbai,3.7,1,3,0,73.0,61.0,3.0,1,0.2,REFURBISH_RESELL
A09032,Laptop,Bengaluru,6.7,3,3,0,56.0,32.0,6.0,1,2.2,RECYCLE
A09033,Network,Gurugram,4.9,3,3,0,62.0,,4.0,1,4.0,HARVEST_PARTS
A09034,Desktop,Mumbai,5.1,2,3,0,69.0,,6.0,1,8.0,HARVEST_PARTS
A09035,Laptop,Kolkata,2.0,1,1,0,90.0,79.0,1.0,1,2.2,REDEPLOY
A09036,Mobile,Chennai,3.6,3,2,0,71.0,67.0,2.0,1,0.2,REFURBISH_RESELL
A09037,Desktop,Mumbai,3.7,1,4,0,68.0,,3.0,1,8.0,REFURBISH_RESELL
A09038,Laptop,Bengaluru,1.1,1,3,0,92.0,87.0,-0.0,1,2.2,REDEPLOY
A09039,Laptop,Chennai,2.8,3,2,1,61.0,68.0,1.0,1,2.2,HARVEST_PARTS
A09040,Laptop,Mumbai,3.0,1,4,0,88.0,63.0,5.0,1,2.2,REFURBISH_RESELL
A09041,Laptop,Bengaluru,2.4,1,4,0,84.0,74.0,2.0,1,2.2,REDEPLOY
A09042,Laptop,Hyderabad,3.5,2,1,0,79.0,74.0,4.0,0,2.2,HARVEST_PARTS
A09043,Monitor,Pune,5.6,3,2,0,58.0,,5.0,1,5.0,HARVEST_PARTS
A09044,Laptop,Chennai,5.7,1,2,0,68.0,54.0,6.0,1,2.2,RECYCLE
A09045,Laptop,Gurugram,7.2,3,2,0,71.0,30.0,7.0,1,2.2,RECYCLE
A09046,Laptop,Noida,6.1,1,3,0,61.0,24.0,5.0,1,2.2,HARVEST_PARTS
A09047,Laptop,Bengaluru,4.5,2,2,0,69.0,66.0,4.0,1,2.2,HARVEST_PARTS
A09048,Mobile,Mumbai,7.3,1,3,1,25.0,15.0,6.0,1,0.2,RECYCLE
A09049,Laptop,Gurugram,3.1,1,4,0,75.0,72.0,3.0,1,2.2,REDEPLOY
A09050,Laptop,Noida,3.9,1,4,1,40.0,55.0,3.0,1,2.2,HARVEST_PARTS
A09051,Desktop,Chennai,8.6,1,3,0,33.0,,6.0,1,8.0,RECYCLE
A09052,Mobile,Kolkata,3.0,1,4,0,83.0,77.0,3.0,1,0.2,REDEPLOY
A09053,Monitor,Noida,1.0,2,2,0,91.0,,-0.0,1,5.0,REDEPLOY
A09054,Server,Hyderabad,1.9,1,3,0,86.0,,2.0,1,25.0,REDEPLOY
A09055,Mobile,Gurugram,3.7,2,1,0,69.0,53.0,1.0,1,0.2,HARVEST_PARTS
A09056,Monitor,Hyderabad,2.4,3,3,1,65.0,,3.0,1,5.0,HARVEST_PARTS
A09057,Mobile,Mumbai,1.8,2,3,0,92.0,82.0,2.0,1,0.2,REDEPLOY
A09058,Laptop,Hyderabad,5.8,2,4,0,57.0,36.0,5.0,1,2.2,HARVEST_PARTS
A09059,Server,Mumbai,4.9,2,4,0,77.0,,4.0,1,25.0,REFURBISH_RESELL
A09060,Network,Mumbai,1.2,3,3,1,71.0,,1.0,1,4.0,REDEPLOY
A09061,Mobile,Kolkata,6.4,2,4,0,54.0,24.0,6.0,1,0.2,RECYCLE
A09062,Desktop,Bengaluru,9.7,1,2,1,22.0,,9.0,1,8.0,RECYCLE
A09063,Monitor,Pune,2.8,2,4,0,87.0,,3.0,1,5.0,REFURBISH_RESELL
A09064,Laptop,Gurugram,4.9,2,1,0,74.0,63.0,6.0,1,2.2,HARVEST_PARTS
A09065,Monitor,Noida,2.2,2,3,0,88.0,,2.0,1,5.0,REDEPLOY
A09066,Laptop,Bengaluru,4.2,1,3,0,82.0,69.0,3.0,1,2.2,REFURBISH_RESELL
A09067,Desktop,Bengaluru,5.0,1,1,0,76.0,,5.0,1,8.0,HARVEST_PARTS
A09068,Monitor,Bengaluru,3.7,3,2,0,74.0,,2.0,1,5.0,REDEPLOY
A09069,Laptop,Noida,2.6,3,4,0,89.0,67.0,1.0,1,2.2,REDEPLOY
A09070,Laptop,Pune,3.0,1,3,0,81.0,62.0,3.0,1,2.2,REDEPLOY
A09071,Laptop,Gurugram,1.3,1,4,0,91.0,89.0,1.0,1,2.2,REDEPLOY
A09072,Monitor,Bengaluru,4.0,1,3,0,79.0,,4.0,1,5.0,REDEPLOY
A09073,Monitor,Bengaluru,8.0,2,3,0,28.0,,7.0,1,5.0,RECYCLE
A09074,Monitor,Hyderabad,1.9,1,2,0,88.0,,2.0,1,5.0,REDEPLOY
A09075,Laptop,Gurugram,7.2,3,4,0,44.0,28.0,6.0,1,2.2,RECYCLE
A09076,Server,Bengaluru,3.4,1,4,0,83.0,,3.0,1,25.0,REDEPLOY
A09077,Monitor,Chennai,1.3,1,4,0,95.0,,1.0,1,5.0,REDEPLOY
A09078,Laptop,Pune,5.8,1,1,0,75.0,49.0,4.0,1,2.2,RECYCLE
A09079,Laptop,Chennai,4.0,2,1,0,78.0,53.0,4.0,1,2.2,HARVEST_PARTS
A09080,Desktop,Noida,2.1,2,3,0,88.0,,2.0,1,8.0,REDEPLOY
A09081,Laptop,Noida,2.6,2,3,0,87.0,76.0,3.0,1,2.2,REFURBISH_RESELL
A09082,Laptop,Pune,2.9,1,2,0,84.0,63.0,4.0,1,2.2,REFURBISH_RESELL
A09083,Laptop,Hyderabad,3.6,1,3,0,83.0,56.0,2.0,1,2.2,REDEPLOY
A09084,Laptop,Hyderabad,4.2,1,1,0,65.0,67.0,5.0,1,2.2,HARVEST_PARTS
A09085,Laptop,Mumbai,4.3,1,2,1,40.0,66.0,4.0,1,2.2,RECYCLE
A09086,Laptop,Hyderabad,5.6,1,2,0,57.0,52.0,4.0,1,2.2,HARVEST_PARTS
A09087,Server,Kolkata,3.9,1,3,0,67.0,,4.0,1,25.0,REFURBISH_RESELL
A09088,Desktop,Noida,4.6,2,4,0,60.0,,5.0,1,8.0,HARVEST_PARTS
A09089,Laptop,Hyderabad,4.0,1,4,0,73.0,61.0,3.0,1,2.2,REFURBISH_RESELL
A09090,Monitor,Bengaluru,10.0,2,2,1,13.0,,9.0,1,5.0,RECYCLE
A09091,Desktop,Noida,0.7,1,4,0,94.0,,0.0,1,8.0,REDEPLOY
A09092,Laptop,Bengaluru,1.9,1,4,0,83.0,84.0,1.0,1,2.2,REDEPLOY
A09093,Laptop,Chennai,2.2,1,2,0,83.0,80.0,3.0,1,2.2,REDEPLOY
A09094,Laptop,Bengaluru,3.9,1,4,1,61.0,71.0,5.0,1,2.2,HARVEST_PARTS
A09095,Desktop,Pune,4.0,1,2,0,81.0,,3.0,1,8.0,REDEPLOY
A09096,Desktop,Chennai,3.4,3,3,0,76.0,,3.0,1,8.0,REFURBISH_RESELL
A09097,Laptop,Noida,4.9,1,4,0,75.0,54.0,5.0,1,2.2,REFURBISH_RESELL
A09098,Desktop,Chennai,5.3,1,4,1,41.0,,6.0,1,8.0,RECYCLE
A09099,Mobile,Bengaluru,3.6,3,4,0,78.0,66.0,2.0,1,0.2,REFURBISH_RESELL
A09100,Laptop,Pune,5.6,1,4,1,27.0,51.0,5.0,1,2.2,RECYCLE
A09101,Desktop,Pune,3.3,2,4,0,78.0,,2.0,1,8.0,REDEPLOY
A09102,Desktop,Bengaluru,4.5,2,2,0,73.0,,4.0,1,8.0,HARVEST_PARTS
A09103,Monitor,Pune,0.9,1,1,1,59.0,,1.0,1,5.0,REFURBISH_RESELL
A09104,Monitor,Gurugram,3.6,1,4,0,77.0,,4.0,1,5.0,REDEPLOY
A09105,Monitor,Bengaluru,5.7,2,3,1,54.0,,5.0,1,5.0,RECYCLE
A09106,Laptop,Hyderabad,0.8,1,3,0,94.0,92.0,0.0,1,2.2,REDEPLOY
A09107,Laptop,Chennai,3.9,1,3,0,76.0,53.0,3.0,1,2.2,HARVEST_PARTS
A09108,Server,Bengaluru,2.2,1,1,0,87.0,,2.0,1,25.0,REDEPLOY
A09109,Laptop,Hyderabad,4.3,1,4,0,64.0,48.0,3.0,1,2.2,HARVEST_PARTS
A09110,Mobile,Pune,3.4,3,1,0,74.0,57.0,4.0,1,0.2,HARVEST_PARTS
A09111,Laptop,Hyderabad,4.5,3,3,0,64.0,45.0,3.0,1,2.2,HARVEST_PARTS
A09112,Desktop,Bengaluru,2.6,3,3,0,81.0,,4.0,1,8.0,REDEPLOY
A09113,Desktop,Pune,3.5,1,1,0,71.0,,4.0,1,8.0,REFURBISH_RESELL
A09114,Laptop,Noida,2.1,3,3,1,46.0,80.0,2.0,1,2.2,HARVEST_PARTS
A09115,Server,Chennai,2.9,2,2,0,88.0,,3.0,1,25.0,REDEPLOY
A09116,Laptop,Hyderabad,4.1,2,4,0,73.0,58.0,3.0,1,2.2,REFURBISH_RESELL
A09117,Desktop,Pune,1.4,2,3,0,90.0,,1.0,1,8.0,REDEPLOY
A09118,Monitor,Bengaluru,3.6,2,3,0,70.0,,4.0,1,5.0,REFURBISH_RESELL
A09119,Network,Chennai,1.9,1,3,0,88.0,,2.0,1,4.0,REDEPLOY
A09120,Monitor,Gurugram,3.3,2,4,1,59.0,,3.0,1,5.0,HARVEST_PARTS
A09121,Mobile,Kolkata,1.7,2,3,0,89.0,83.0,2.0,1,0.2,REDEPLOY
A09122,Network,Bengaluru,9.1,1,3,0,44.0,,8.0,1,4.0,RECYCLE
A09123,Laptop,Noida,5.7,1,4,0,61.0,42.0,5.0,1,2.2,HARVEST_PARTS
A09124,Network,Noida,3.4,1,2,0,82.0,,3.0,0,4.0,HARVEST_PARTS
A09125,Mobile,Chennai,7.2,2,4,1,38.0,35.0,7.0,1,0.2,RECYCLE
A09126,Laptop,Pune,2.6,2,3,0,77.0,72.0,2.0,1,2.2,REDEPLOY
A09127,Monitor,Bengaluru,6.4,2,2,0,59.0,,5.0,1,5.0,RECYCLE
A09128,Laptop,Bengaluru,4.6,2,3,0,62.0,57.0,2.0,1,2.2,REFURBISH_RESELL
A09129,Monitor,Noida,2.7,1,3,0,76.0,,2.0,1,5.0,REDEPLOY
A09130,Laptop,Pune,5.0,2,2,1,49.0,43.0,5.0,1,2.2,RECYCLE
A09131,Monitor,Mumbai,5.8,1,3,0,65.0,,6.0,1,5.0,HARVEST_PARTS
A09132,Laptop,Hyderabad,3.7,2,1,1,49.0,63.0,3.0,1,2.2,RECYCLE
A09133,Desktop,Mumbai,5.5,1,4,0,56.0,,4.0,0,8.0,HARVEST_PARTS
A09134,Laptop,Kolkata,5.3,3,3,0,62.0,52.0,3.0,1,2.2,HARVEST_PARTS
A09135,Monitor,Hyderabad,4.3,1,2,0,76.0,,4.0,1,5.0,REFURBISH_RESELL
A09136,Desktop,Hyderabad,1.7,2,3,0,86.0,,3.0,1,8.0,REDEPLOY
A09137,Monitor,Bengaluru,4.3,1,4,1,53.0,,4.0,1,5.0,HARVEST_PARTS
A09138,Laptop,Gurugram,0.8,1,3,0,94.0,93.0,2.0,1,2.2,REDEPLOY
A09139,Laptop,Pune,3.6,2,2,0,76.0,71.0,4.0,0,2.2,HARVEST_PARTS
A09140,Laptop,Bengaluru,4.8,1,2,0,66.0,56.0,4.0,1,2.2,REFURBISH_RESELL
A09141,Mobile,Bengaluru,2.2,1,3,0,87.0,81.0,1.0,1,0.2,REDEPLOY
A09142,Laptop,Hyderabad,5.6,1,2,1,57.0,44.0,5.0,1,2.2,RECYCLE
A09143,Monitor,Gurugram,2.9,1,3,0,78.0,,1.0,1,5.0,REDEPLOY
A09144,Laptop,Hyderabad,2.2,1,2,0,87.0,78.0,2.0,0,2.2,HARVEST_PARTS
A09145,Monitor,Hyderabad,5.2,1,4,0,69.0,,5.0,1,5.0,REFURBISH_RESELL
A09146,Laptop,Pune,7.3,1,1,0,60.0,48.0,7.0,1,2.2,RECYCLE
A09147,Desktop,Chennai,4.0,1,2,0,68.0,,3.0,1,8.0,REDEPLOY
A09148,Laptop,Mumbai,7.0,1,2,0,43.0,16.0,6.0,1,2.2,RECYCLE
A09149,Laptop,Mumbai,2.7,2,2,0,87.0,76.0,2.0,1,2.2,REFURBISH_RESELL
A09150,Laptop,Gurugram,2.4,1,2,0,82.0,70.0,2.0,1,2.2,REDEPLOY
A09151,Laptop,Mumbai,6.2,1,4,0,68.0,54.0,6.0,1,2.2,HARVEST_PARTS
A09152,Desktop,Bengaluru,4.9,2,1,0,74.0,,5.0,1,8.0,HARVEST_PARTS
A09153,Mobile,Noida,1.8,1,4,0,91.0,82.0,1.0,1,0.2,REDEPLOY
A09154,Desktop,Hyderabad,7.6,1,2,1,35.0,,8.0,1,8.0,RECYCLE
A09155,Mobile,Bengaluru,3.6,2,3,0,78.0,63.0,4.0,1,0.2,REFURBISH_RESELL
A09156,Desktop,Bengaluru,3.8,2,4,0,79.0,,3.0,1,8.0,REFURBISH_RESELL
A09157,Laptop,Hyderabad,8.1,1,3,0,59.0,5.0,7.0,1,2.2,RECYCLE
A09158,Laptop,Noida,7.1,1,4,0,49.0,12.0,6.0,1,2.2,HARVEST_PARTS
A09159,Laptop,Hyderabad,6.8,1,2,1,30.0,23.0,6.0,1,2.2,RECYCLE
A09160,Laptop,Pune,2.7,1,2,0,83.0,75.0,2.0,1,2.2,REDEPLOY
A09161,Network,Bengaluru,4.3,2,3,0,83.0,,3.0,1,4.0,REFURBISH_RESELL
A09162,Monitor,Bengaluru,4.7,2,3,1,29.0,,4.0,1,5.0,RECYCLE
A09163,Desktop,Hyderabad,2.3,1,4,0,81.0,,1.0,1,8.0,REDEPLOY
A09164,Desktop,Hyderabad,1.9,2,3,0,87.0,,1.0,1,8.0,REDEPLOY
A09165,Laptop,Gurugram,3.5,3,3,0,71.0,63.0,4.0,1,2.2,REFURBISH_RESELL
A09166,Monitor,Chennai,5.5,3,3,0,78.0,,6.0,1,5.0,HARVEST_PARTS
A09167,Laptop,Mumbai,0.8,1,4,0,96.0,92.0,1.0,1,2.2,REDEPLOY
A09168,Laptop,Bengaluru,3.9,3,2,0,72.0,58.0,3.0,1,2.2,REFURBISH_RESELL
A09169,Laptop,Noida,2.0,1,1,0,88.0,83.0,3.0,1,2.2,REFURBISH_RESELL
A09170,Laptop,Chennai,5.8,1,2,1,56.0,45.0,4.0,1,2.2,RECYCLE
A09171,Monitor,Mumbai,4.4,1,4,0,62.0,,4.0,1,5.0,REDEPLOY
A09172,Laptop,Hyderabad,2.0,1,2,0,88.0,79.0,1.0,1,2.2,REDEPLOY
A09173,Laptop,Bengaluru,5.8,1,4,0,52.0,40.0,5.0,1,2.2,HARVEST_PARTS
A09174,Mobile,Chennai,4.4,1,4,0,61.0,58.0,3.0,1,0.2,REFURBISH_RESELL
A09175,Mobile,Hyderabad,3.4,2,4,0,86.0,76.0,4.0,1,0.2,REFURBISH_RESELL
A09176,Desktop,Bengaluru,9.2,2,3,0,20.0,,8.0,1,8.0,RECYCLE
A09177,Desktop,Kolkata,3.5,2,2,0,73.0,,3.0,1,8.0,REFURBISH_RESELL
A09178,Monitor,Pune,2.9,1,2,1,51.0,,2.0,1,5.0,HARVEST_PARTS
A09179,Laptop,Kolkata,5.0,1,3,1,65.0,60.0,4.0,1,2.2,HARVEST_PARTS
A09180,Laptop,Gurugram,7.8,2,3,1,35.0,5.0,7.0,1,2.2,RECYCLE
A09181,Laptop,Noida,0.9,2,4,0,94.0,89.0,1.0,1,2.2,REDEPLOY
A09182,Laptop,Bengaluru,6.4,1,1,1,43.0,27.0,6.0,1,2.2,RECYCLE
A09183,Mobile,Chennai,5.1,3,4,0,61.0,54.0,6.0,1,0.2,HARVEST_PARTS
A09184,Monitor,Mumbai,7.2,2,4,1,15.0,,7.0,1,5.0,RECYCLE
A09185,Mobile,Bengaluru,6.6,2,1,0,42.0,33.0,8.0,1,0.2,RECYCLE
A09186,Monitor,Bengaluru,4.7,2,4,0,74.0,,4.0,1,5.0,REFURBISH_RESELL
A09187,Monitor,Pune,5.1,2,4,0,66.0,,5.0,1,5.0,REDEPLOY
A09188,Monitor,Gurugram,4.0,2,1,1,52.0,,4.0,1,5.0,RECYCLE
A09189,Monitor,Kolkata,7.3,2,4,0,59.0,,8.0,0,5.0,HARVEST_PARTS
A09190,Desktop,Gurugram,2.6,1,4,0,86.0,,3.0,1,8.0,REDEPLOY
A09191,Laptop,Mumbai,4.0,1,3,0,74.0,54.0,4.0,1,2.2,REFURBISH_RESELL
A09192,Desktop,Kolkata,5.6,1,4,0,70.0,,5.0,1,8.0,HARVEST_PARTS
A09193,Laptop,Gurugram,5.9,3,2,0,76.0,38.0,5.0,1,2.2,RECYCLE
A09194,Desktop,Bengaluru,5.9,1,2,0,69.0,,7.0,1,8.0,RECYCLE
A09195,Laptop,Kolkata,4.9,1,3,1,39.0,44.0,3.0,1,2.2,RECYCLE
A09196,Desktop,Noida,5.9,1,4,0,75.0,,5.0,1,8.0,REFURBISH_RESELL
A09197,Laptop,Noida,5.1,1,4,1,41.0,40.0,5.0,1,2.2,RECYCLE
A09198,Laptop,Gurugram,8.1,3,2,0,42.0,24.0,7.0,1,2.2,RECYCLE
A09199,Desktop,Gurugram,2.6,2,4,0,78.0,,2.0,1,8.0,REDEPLOY
A09200,Laptop,Kolkata,5.9,1,4,0,70.0,58.0,6.0,1,2.2,HARVEST_PARTS
A09201,Mobile,Bengaluru,3.7,2,4,0,84.0,62.0,3.0,1,0.2,REDEPLOY
A09202,Laptop,Kolkata,4.2,3,2,0,68.0,51.0,3.0,1,2.2,HARVEST_PARTS
A09203,Laptop,Mumbai,8.4,2,2,0,45.0,9.0,9.0,1,2.2,RECYCLE
A09204,Laptop,Chennai,8.4,2,4,0,28.0,7.0,8.0,1,2.2,RECYCLE
A09205,Server,Hyderabad,7.3,2,4,0,54.0,,6.0,1,25.0,HARVEST_PARTS
A09206,Monitor,Pune,3.1,2,2,0,74.0,,4.0,1,5.0,REDEPLOY
A09207,Laptop,Gurugram,2.9,3,4,0,87.0,79.0,2.0,1,2.2,REDEPLOY
A09208,Laptop,Hyderabad,2.0,2,3,1,65.0,85.0,1.0,1,2.2,HARVEST_PARTS
A09209,Monitor,Hyderabad,7.6,1,3,0,54.0,,7.0,1,5.0,HARVEST_PARTS
A09210,Mobile,Mumbai,2.3,1,3,0,81.0,80.0,2.0,1,0.2,REDEPLOY
A09211,Laptop,Hyderabad,3.4,1,4,0,86.0,73.0,2.0,1,2.2,REDEPLOY
A09212,Laptop,Chennai,3.1,1,2,0,85.0,72.0,2.0,1,2.2,REDEPLOY
A09213,Laptop,Kolkata,2.9,2,4,0,80.0,79.0,3.0,1,2.2,REDEPLOY
A09214,Laptop,Mumbai,1.4,3,3,1,71.0,85.0,1.0,1,2.2,REFURBISH_RESELL
A09215,Monitor,Noida,3.2,1,3,1,56.0,,2.0,1,5.0,HARVEST_PARTS
A09216,Mobile,Gurugram,4.3,1,2,1,50.0,65.0,3.0,0,0.2,RECYCLE
A09217,Mobile,Mumbai,2.1,2,3,0,86.0,75.0,2.0,1,0.2,REDEPLOY
A09218,Monitor,Chennai,2.7,1,3,0,79.0,,3.0,0,5.0,HARVEST_PARTS
A09219,Laptop,Hyderabad,7.1,1,4,0,49.0,21.0,6.0,1,2.2,RECYCLE
A09220,Mobile,Pune,2.5,2,3,0,81.0,69.0,1.0,1,0.2,REDEPLOY
A09221,Laptop,Chennai,3.8,1,3,0,78.0,67.0,3.0,1,2.2,REFURBISH_RESELL
A09222,Laptop,Hyderabad,3.9,2,3,0,70.0,66.0,4.0,1,2.2,REFURBISH_RESELL
A09223,Monitor,Noida,2.7,2,3,0,82.0,,2.0,1,5.0,REDEPLOY
A09224,Laptop,Gurugram,6.2,2,2,0,59.0,49.0,4.0,1,2.2,HARVEST_PARTS
A09225,Server,Noida,7.0,1,4,0,50.0,,8.0,1,25.0,RECYCLE
A09226,Mobile,Bengaluru,1.9,1,2,0,88.0,84.0,2.0,1,0.2,REDEPLOY
A09227,Monitor,Pune,3.1,1,3,0,81.0,,3.0,1,5.0,REDEPLOY
A09228,Monitor,Hyderabad,2.6,1,3,0,85.0,,2.0,1,5.0,REDEPLOY
A09229,Laptop,Bengaluru,3.4,1,2,0,76.0,76.0,3.0,1,2.2,REDEPLOY
A09230,Laptop,Kolkata,3.9,2,2,1,54.0,57.0,3.0,1,2.2,RECYCLE
A09231,Monitor,Hyderabad,1.5,1,2,0,94.0,,2.0,1,5.0,REDEPLOY
A09232,Desktop,Pune,3.9,2,3,0,83.0,,4.0,1,8.0,REFURBISH_RESELL
A09233,Mobile,Noida,1.2,2,3,0,90.0,89.0,-0.0,1,0.2,REDEPLOY
A09234,Laptop,Kolkata,8.4,1,3,0,31.0,7.0,9.0,1,2.2,RECYCLE
A09235,Laptop,Hyderabad,6.7,1,3,0,41.0,33.0,7.0,1,2.2,RECYCLE
A09236,Laptop,Pune,1.1,1,4,0,93.0,89.0,2.0,1,2.2,REDEPLOY
A09237,Monitor,Bengaluru,4.3,2,1,0,77.0,,3.0,0,5.0,HARVEST_PARTS
A09238,Monitor,Kolkata,1.6,1,4,0,86.0,,2.0,1,5.0,REDEPLOY
A09239,Mobile,Gurugram,5.8,1,3,0,59.0,59.0,4.0,1,0.2,HARVEST_PARTS
A09240,Laptop,Bengaluru,3.2,2,3,0,73.0,67.0,3.0,1,2.2,REDEPLOY
A09241,Desktop,Pune,6.4,1,2,1,26.0,,6.0,1,8.0,RECYCLE
A09242,Laptop,Bengaluru,6.0,1,3,0,53.0,48.0,6.0,1,2.2,HARVEST_PARTS
A09243,Laptop,Chennai,3.4,1,4,1,49.0,71.0,2.0,1,2.2,RECYCLE
A09244,Laptop,Bengaluru,3.8,1,4,1,39.0,63.0,3.0,1,2.2,HARVEST_PARTS
A09245,Desktop,Bengaluru,2.7,2,3,0,86.0,,2.0,1,8.0,REDEPLOY
A09246,Desktop,Bengaluru,1.7,2,3,1,72.0,,2.0,1,8.0,HARVEST_PARTS
A09247,Laptop,Pune,3.9,1,3,0,75.0,52.0,4.0,1,2.2,HARVEST_PARTS
A09248,Monitor,Gurugram,5.4,2,2,0,58.0,,6.0,1,5.0,HARVEST_PARTS
A09249,Server,Pune,4.1,1,3,1,33.0,,3.0,1,25.0,HARVEST_PARTS
A09250,Laptop,Bengaluru,3.7,1,2,0,83.0,73.0,3.0,1,2.2,REFURBISH_RESELL
A09251,Laptop,Bengaluru,5.1,2,4,1,49.0,52.0,6.0,1,2.2,RECYCLE
A09252,Monitor,Bengaluru,3.6,1,2,0,79.0,,3.0,1,5.0,REDEPLOY
A09253,Monitor,Hyderabad,4.3,2,4,0,63.0,,4.0,1,5.0,REFURBISH_RESELL
A09254,Server,Bengaluru,3.3,1,2,0,73.0,,2.0,1,25.0,REDEPLOY
A09255,Laptop,Noida,3.8,1,4,0,79.0,51.0,3.0,1,2.2,REFURBISH_RESELL
A09256,Desktop,Bengaluru,2.1,1,3,0,85.0,,3.0,1,8.0,REDEPLOY
A09257,Mobile,Kolkata,2.8,2,3,0,83.0,77.0,3.0,1,0.2,REFURBISH_RESELL
A09258,Laptop,Mumbai,8.3,1,3,1,26.0,29.0,8.0,1,2.2,RECYCLE
A09259,Laptop,Mumbai,2.0,2,1,0,88.0,76.0,3.0,1,2.2,REFURBISH_RESELL
A09260,Mobile,Hyderabad,8.5,1,3,1,10.0,5.0,8.0,1,0.2,RECYCLE
A09261,Laptop,Hyderabad,4.2,1,4,1,45.0,51.0,4.0,1,2.2,RECYCLE
A09262,Monitor,Noida,1.7,2,3,0,85.0,,1.0,1,5.0,REDEPLOY
A09263,Network,Bengaluru,5.9,1,4,0,75.0,,6.0,1,4.0,REFURBISH_RESELL
A09264,Laptop,Chennai,1.9,1,3,0,92.0,86.0,2.0,1,2.2,REDEPLOY
A09265,Monitor,Hyderabad,5.6,1,4,0,63.0,,5.0,1,5.0,REFURBISH_RESELL
A09266,Desktop,Kolkata,4.8,1,3,1,48.0,,6.0,1,8.0,RECYCLE
A09267,Network,Noida,4.1,2,1,0,65.0,,4.0,1,4.0,HARVEST_PARTS
A09268,Mobile,Bengaluru,4.5,2,4,1,57.0,63.0,3.0,1,0.2,RECYCLE
A09269,Network,Hyderabad,4.6,1,2,0,71.0,,5.0,0,4.0,HARVEST_PARTS
A09270,Laptop,Gurugram,3.6,2,2,0,71.0,54.0,3.0,1,2.2,HARVEST_PARTS
A09271,Monitor,Pune,8.8,1,3,1,26.0,,8.0,1,5.0,RECYCLE
A09272,Mobile,Gurugram,7.2,2,2,0,69.0,12.0,7.0,1,0.2,RECYCLE
A09273,Monitor,Pune,5.7,2,2,0,53.0,,6.0,1,5.0,HARVEST_PARTS
A09274,Monitor,Mumbai,3.3,3,3,0,82.0,,4.0,1,5.0,REFURBISH_RESELL
A09275,Laptop,Pune,3.2,2,1,0,71.0,64.0,2.0,1,2.2,REFURBISH_RESELL
A09276,Network,Chennai,4.6,2,3,0,76.0,,5.0,1,4.0,REFURBISH_RESELL
A09277,Laptop,Hyderabad,3.2,3,4,0,77.0,63.0,2.0,1,2.2,REDEPLOY
A09278,Laptop,Pune,3.6,2,2,0,69.0,54.0,3.0,1,2.2,HARVEST_PARTS
A09279,Mobile,Pune,5.8,2,3,0,69.0,46.0,4.0,1,0.2,RECYCLE
A09280,Mobile,Chennai,7.4,1,4,0,55.0,44.0,7.0,1,0.2,RECYCLE
A09281,Mobile,Chennai,4.7,2,4,0,71.0,64.0,4.0,1,0.2,REFURBISH_RESELL
A09282,Desktop,Bengaluru,1.3,2,3,0,91.0,,2.0,1,8.0,REDEPLOY
A09283,Laptop,Hyderabad,4.4,3,4,0,74.0,49.0,4.0,1,2.2,REFURBISH_RESELL
A09284,Desktop,Chennai,1.6,2,4,0,89.0,,2.0,1,8.0,REDEPLOY
A09285,Laptop,Chennai,5.7,1,4,0,59.0,53.0,5.0,0,2.2,HARVEST_PARTS
A09286,Network,Noida,6.0,1,3,1,48.0,,6.0,1,4.0,RECYCLE
A09287,Desktop,Pune,6.6,1,4,0,53.0,,5.0,1,8.0,HARVEST_PARTS
A09288,Laptop,Bengaluru,10.0,1,2,1,28.0,27.0,9.0,1,2.2,RECYCLE
A09289,Laptop,Chennai,3.1,2,2,0,84.0,66.0,1.0,1,2.2,REFURBISH_RESELL
A09290,Laptop,Noida,7.9,1,2,0,65.0,27.0,8.0,1,2.2,RECYCLE
A09291,Network,Hyderabad,7.5,1,4,0,38.0,,8.0,1,4.0,RECYCLE
A09292,Monitor,Gurugram,4.4,1,3,0,73.0,,4.0,1,5.0,REFURBISH_RESELL
A09293,Laptop,Chennai,1.9,2,4,0,90.0,80.0,2.0,1,2.2,REDEPLOY
A09294,Laptop,Gurugram,7.1,1,1,0,48.0,13.0,6.0,1,2.2,RECYCLE
A09295,Laptop,Bengaluru,8.0,1,4,0,53.0,17.0,8.0,1,2.2,RECYCLE
A09296,Laptop,Chennai,2.2,1,4,0,86.0,74.0,2.0,0,2.2,HARVEST_PARTS
A09297,Mobile,Chennai,5.4,1,4,0,68.0,57.0,5.0,1,0.2,REFURBISH_RESELL
A09298,Monitor,Noida,4.3,2,1,1,60.0,,4.0,1,5.0,RECYCLE
A09299,Laptop,Bengaluru,4.1,2,4,0,64.0,51.0,4.0,1,2.2,HARVEST_PARTS
A09300,Monitor,Noida,1.6,1,4,1,74.0,,1.0,1,5.0,REDEPLOY
A09301,Laptop,Gurugram,7.0,2,4,0,61.0,43.0,6.0,1,2.2,RECYCLE
A09302,Laptop,Hyderabad,3.4,2,2,0,75.0,59.0,4.0,1,2.2,REFURBISH_RESELL
A09303,Desktop,Noida,9.4,1,3,0,41.0,,9.0,1,8.0,RECYCLE
A09304,Laptop,Noida,3.7,1,1,0,76.0,59.0,3.0,1,2.2,REFURBISH_RESELL
A09305,Desktop,Kolkata,3.1,1,1,0,79.0,,4.0,1,8.0,REFURBISH_RESELL
A09306,Server,Bengaluru,3.3,1,2,0,74.0,,3.0,1,25.0,REFURBISH_RESELL
A09307,Mobile,Pune,3.8,1,4,0,83.0,51.0,4.0,1,0.2,REFURBISH_RESELL
A09308,Laptop,Chennai,3.7,3,1,1,52.0,61.0,4.0,1,2.2,RECYCLE
A09309,Monitor,Bengaluru,7.0,1,3,1,35.0,,8.0,1,5.0,RECYCLE
A09310,Laptop,Pune,3.7,3,3,0,77.0,63.0,3.0,1,2.2,HARVEST_PARTS
A09311,Desktop,Hyderabad,7.5,1,3,0,39.0,,6.0,1,8.0,HARVEST_PARTS
A09312,Laptop,Mumbai,6.9,1,2,0,72.0,41.0,6.0,1,2.2,RECYCLE
A09313,Desktop,Noida,6.5,2,1,0,53.0,,6.0,1,8.0,HARVEST_PARTS
A09314,Laptop,Bengaluru,5.9,2,1,0,66.0,46.0,6.0,1,2.2,RECYCLE
A09315,Mobile,Bengaluru,2.4,3,3,0,85.0,78.0,1.0,1,0.2,REDEPLOY
A09316,Network,Pune,6.1,1,4,0,58.0,,6.0,1,4.0,HARVEST_PARTS
A09317,Laptop,Bengaluru,6.9,1,1,0,65.0,51.0,6.0,1,2.2,RECYCLE
A09318,Monitor,Bengaluru,7.8,1,4,1,39.0,,8.0,1,5.0,RECYCLE
A09319,Laptop,Gurugram,1.7,1,3,1,65.0,87.0,3.0,0,2.2,HARVEST_PARTS
A09320,Monitor,Noida,6.8,1,4,1,15.0,,6.0,1,5.0,RECYCLE
A09321,Laptop,Gurugram,1.7,2,3,0,91.0,82.0,1.0,1,2.2,REDEPLOY
A09322,Laptop,Hyderabad,5.6,1,3,0,60.0,29.0,4.0,1,2.2,HARVEST_PARTS
A09323,Monitor,Gurugram,5.1,2,2,1,44.0,,4.0,1,5.0,RECYCLE
A09324,Desktop,Kolkata,2.6,2,1,0,82.0,,1.0,1,8.0,REFURBISH_RESELL
A09325,Desktop,Pune,4.4,1,1,0,63.0,,3.0,1,8.0,REFURBISH_RESELL
A09326,Desktop,Pune,3.9,1,3,0,73.0,,4.0,1,8.0,REFURBISH_RESELL
A09327,Laptop,Hyderabad,5.3,2,3,0,56.0,62.0,5.0,1,2.2,HARVEST_PARTS
A09328,Laptop,Mumbai,4.3,1,3,0,73.0,65.0,5.0,1,2.2,REFURBISH_RESELL
A09329,Monitor,Chennai,4.9,1,3,1,52.0,,5.0,1,5.0,RECYCLE
A09330,Monitor,Noida,3.6,1,3,0,83.0,,4.0,1,5.0,REDEPLOY
A09331,Laptop,Mumbai,10.0,1,1,1,10.0,5.0,10.0,1,2.2,RECYCLE
A09332,Laptop,Bengaluru,5.0,2,3,1,37.0,49.0,4.0,0,2.2,RECYCLE
A09333,Monitor,Mumbai,3.3,1,4,0,79.0,,3.0,1,5.0,REDEPLOY
A09334,Monitor,Noida,3.2,1,2,1,44.0,,4.0,1,5.0,HARVEST_PARTS
A09335,Server,Pune,6.0,2,4,0,57.0,,6.0,1,25.0,HARVEST_PARTS
A09336,Laptop,Bengaluru,10.0,2,4,1,5.0,5.0,9.0,1,2.2,RECYCLE
A09337,Desktop,Bengaluru,7.3,1,2,1,34.0,,7.0,1,8.0,RECYCLE
A09338,Desktop,Pune,4.2,1,4,0,64.0,,2.0,1,8.0,REFURBISH_RESELL
A09339,Laptop,Mumbai,1.6,1,3,0,91.0,81.0,0.0,1,2.2,REDEPLOY
A09340,Laptop,Chennai,2.7,1,2,1,68.0,79.0,2.0,1,2.2,HARVEST_PARTS
A09341,Laptop,Bengaluru,3.1,1,3,0,81.0,68.0,2.0,1,2.2,REFURBISH_RESELL
A09342,Server,Mumbai,1.5,2,3,1,67.0,,3.0,1,25.0,REFURBISH_RESELL
A09343,Laptop,Chennai,3.8,1,3,0,74.0,62.0,5.0,1,2.2,REFURBISH_RESELL
A09344,Monitor,Bengaluru,5.6,2,3,0,75.0,,5.0,1,5.0,REFURBISH_RESELL
A09345,Desktop,Bengaluru,3.5,1,1,0,85.0,,2.0,1,8.0,REFURBISH_RESELL
A09346,Laptop,Bengaluru,6.3,1,2,0,66.0,31.0,5.0,0,2.2,HARVEST_PARTS
A09347,Server,Bengaluru,3.2,3,4,0,80.0,,2.0,1,25.0,REDEPLOY
A09348,Monitor,Pune,2.0,2,3,0,90.0,,2.0,1,5.0,REDEPLOY
A09349,Laptop,Noida,2.9,1,4,1,50.0,65.0,1.0,1,2.2,HARVEST_PARTS
A09350,Monitor,Kolkata,2.8,1,4,1,57.0,,4.0,1,5.0,REFURBISH_RESELL
A09351,Desktop,Hyderabad,1.8,2,3,0,85.0,,1.0,1,8.0,REDEPLOY
A09352,Laptop,Chennai,2.5,2,3,0,85.0,69.0,2.0,1,2.2,REFURBISH_RESELL
A09353,Monitor,Hyderabad,1.4,1,3,0,89.0,,2.0,0,5.0,HARVEST_PARTS
A09354,Monitor,Noida,1.3,1,3,1,75.0,,1.0,1,5.0,REFURBISH_RESELL
A09355,Laptop,Pune,3.4,1,3,0,76.0,58.0,2.0,1,2.2,REDEPLOY
A09356,Mobile,Gurugram,3.1,2,2,1,49.0,68.0,4.0,1,0.2,RECYCLE
A09357,Monitor,Bengaluru,9.8,1,2,1,9.0,,8.0,1,5.0,RECYCLE
A09358,Monitor,Bengaluru,2.5,1,2,0,78.0,,2.0,1,5.0,REDEPLOY
A09359,Laptop,Noida,3.3,3,3,0,85.0,61.0,4.0,1,2.2,REFURBISH_RESELL
A09360,Laptop,Hyderabad,4.5,3,4,1,49.0,56.0,3.0,1,2.2,RECYCLE
A09361,Laptop,Noida,6.5,2,4,0,58.0,24.0,5.0,1,2.2,RECYCLE
A09362,Monitor,Chennai,7.6,1,4,0,38.0,,8.0,1,5.0,HARVEST_PARTS
A09363,Desktop,Kolkata,4.6,1,1,0,79.0,,4.0,1,8.0,HARVEST_PARTS
A09364,Monitor,Gurugram,3.9,2,3,1,45.0,,3.0,1,5.0,RECYCLE
A09365,Laptop,Pune,2.8,2,3,0,85.0,68.0,2.0,1,2.2,REDEPLOY
A09366,Monitor,Bengaluru,4.3,1,3,0,66.0,,3.0,1,5.0,HARVEST_PARTS
A09367,Server,Pune,7.3,1,3,0,68.0,,5.0,1,25.0,HARVEST_PARTS
A09368,Monitor,Bengaluru,4.2,3,1,0,66.0,,3.0,1,5.0,REFURBISH_RESELL
A09369,Monitor,Pune,5.1,1,4,0,80.0,,4.0,1,5.0,REDEPLOY
A09370,Network,Bengaluru,6.1,3,2,0,49.0,,4.0,0,4.0,RECYCLE
A09371,Laptop,Hyderabad,4.9,1,3,0,69.0,38.0,4.0,1,2.2,REFURBISH_RESELL
A09372,Monitor,Bengaluru,5.3,2,4,0,54.0,,4.0,1,5.0,HARVEST_PARTS
A09373,Mobile,Noida,4.8,1,3,0,81.0,62.0,4.0,1,0.2,REFURBISH_RESELL
A09374,Desktop,Mumbai,2.4,1,3,0,79.0,,3.0,1,8.0,REDEPLOY
A09375,Laptop,Bengaluru,4.3,3,4,0,71.0,69.0,3.0,1,2.2,REDEPLOY
A09376,Mobile,Noida,4.6,2,4,0,80.0,41.0,4.0,1,0.2,HARVEST_PARTS
A09377,Laptop,Kolkata,8.7,1,3,0,22.0,5.0,9.0,0,2.2,RECYCLE
A09378,Laptop,Bengaluru,2.9,1,2,0,84.0,72.0,2.0,1,2.2,REDEPLOY
A09379,Laptop,Noida,4.5,1,3,0,78.0,60.0,4.0,1,2.2,REDEPLOY
A09380,Desktop,Noida,3.4,2,3,0,85.0,,4.0,0,8.0,HARVEST_PARTS
A09381,Laptop,Bengaluru,8.3,1,3,0,45.0,5.0,9.0,1,2.2,RECYCLE
A09382,Desktop,Pune,6.9,1,1,0,49.0,,7.0,1,8.0,RECYCLE
A09383,Mobile,Bengaluru,4.4,1,1,0,76.0,58.0,3.0,1,0.2,REFURBISH_RESELL
A09384,Desktop,Noida,0.7,2,4,0,95.0,,-0.0,1,8.0,REDEPLOY
A09385,Desktop,Chennai,7.0,1,4,0,42.0,,7.0,1,8.0,HARVEST_PARTS
A09386,Network,Gurugram,1.8,3,3,0,89.0,,2.0,1,4.0,REDEPLOY
A09387,Server,Chennai,1.4,2,4,1,69.0,,2.0,1,25.0,HARVEST_PARTS
A09388,Laptop,Kolkata,6.3,3,2,0,71.0,23.0,4.0,1,2.2,RECYCLE
A09389,Laptop,Mumbai,5.2,1,4,0,60.0,50.0,3.0,1,2.2,REFURBISH_RESELL
A09390,Monitor,Pune,4.9,1,4,0,62.0,,5.0,1,5.0,REFURBISH_RESELL
A09391,Server,Gurugram,2.9,3,2,0,80.0,,3.0,1,25.0,REDEPLOY
A09392,Desktop,Pune,1.7,1,4,0,92.0,,2.0,1,8.0,REDEPLOY
A09393,Laptop,Bengaluru,0.8,3,4,0,95.0,93.0,0.0,1,2.2,REDEPLOY
A09394,Monitor,Mumbai,4.9,1,2,0,76.0,,4.0,1,5.0,REFURBISH_RESELL
A09395,Monitor,Hyderabad,2.0,2,4,0,91.0,,2.0,1,5.0,REDEPLOY
A09396,Desktop,Noida,5.3,2,3,0,64.0,,4.0,1,8.0,REFURBISH_RESELL
A09397,Network,Gurugram,2.2,2,3,0,85.0,,2.0,1,4.0,REDEPLOY
A09398,Monitor,Hyderabad,4.5,2,4,0,64.0,,6.0,1,5.0,REFURBISH_RESELL
A09399,Monitor,Gurugram,2.3,1,4,0,88.0,,2.0,1,5.0,REDEPLOY
A09400,Monitor,Hyderabad,6.0,1,4,0,48.0,,5.0,1,5.0,HARVEST_PARTS
A09401,Monitor,Chennai,4.8,1,3,1,57.0,,4.0,0,5.0,HARVEST_PARTS
A09402,Desktop,Bengaluru,4.3,3,1,1,59.0,,4.0,1,8.0,RECYCLE
A09403,Desktop,Gurugram,2.5,1,2,0,88.0,,1.0,1,8.0,REFURBISH_RESELL
A09404,Monitor,Gurugram,1.8,1,2,0,86.0,,2.0,1,5.0,REDEPLOY
A09405,Monitor,Pune,4.9,1,3,0,64.0,,6.0,1,5.0,REFURBISH_RESELL
A09406,Desktop,Mumbai,3.0,2,2,0,85.0,,3.0,1,8.0,REFURBISH_RESELL
A09407,Laptop,Hyderabad,4.2,3,3,0,73.0,51.0,3.0,1,2.2,REFURBISH_RESELL
A09408,Monitor,Gurugram,4.0,3,1,0,76.0,,3.0,1,5.0,HARVEST_PARTS
A09409,Monitor,Kolkata,3.9,1,3,0,65.0,,3.0,1,5.0,REFURBISH_RESELL
A09410,Laptop,Bengaluru,6.9,2,3,0,38.0,33.0,6.0,1,2.2,RECYCLE
A09411,Laptop,Pune,3.9,1,4,0,73.0,50.0,3.0,1,2.2,REFURBISH_RESELL
A09412,Laptop,Noida,2.4,2,2,0,86.0,82.0,2.0,1,2.2,REDEPLOY
A09413,Mobile,Gurugram,5.5,2,3,1,35.0,35.0,5.0,1,0.2,RECYCLE
A09414,Network,Mumbai,5.4,1,2,1,43.0,,6.0,1,4.0,RECYCLE
A09415,Desktop,Chennai,2.8,1,2,1,66.0,,1.0,1,8.0,HARVEST_PARTS
A09416,Laptop,Mumbai,2.6,1,4,0,83.0,78.0,1.0,1,2.2,REDEPLOY
A09417,Monitor,Bengaluru,4.8,1,3,1,37.0,,5.0,1,5.0,HARVEST_PARTS
A09418,Desktop,Chennai,2.1,1,1,0,91.0,,2.0,1,8.0,REFURBISH_RESELL
A09419,Mobile,Bengaluru,4.8,1,4,0,79.0,39.0,4.0,0,0.2,HARVEST_PARTS
A09420,Laptop,Bengaluru,7.8,1,2,1,38.0,6.0,7.0,1,2.2,RECYCLE
A09421,Laptop,Hyderabad,5.5,1,3,0,66.0,41.0,4.0,1,2.2,HARVEST_PARTS
A09422,Desktop,Chennai,8.0,2,3,0,50.0,,7.0,1,8.0,RECYCLE
A09423,Laptop,Hyderabad,4.2,2,1,0,65.0,59.0,4.0,1,2.2,HARVEST_PARTS
A09424,Monitor,Bengaluru,4.2,3,3,0,67.0,,6.0,1,5.0,HARVEST_PARTS
A09425,Monitor,Mumbai,4.4,1,3,1,48.0,,4.0,1,5.0,HARVEST_PARTS
A09426,Laptop,Bengaluru,5.1,2,2,0,79.0,40.0,6.0,1,2.2,RECYCLE
A09427,Laptop,Mumbai,4.9,3,4,0,67.0,64.0,4.0,1,2.2,HARVEST_PARTS
A09428,Monitor,Bengaluru,2.6,1,4,0,77.0,,3.0,1,5.0,REDEPLOY
A09429,Server,Bengaluru,4.0,2,3,0,74.0,,3.0,1,25.0,REFURBISH_RESELL
A09430,Desktop,Gurugram,6.8,3,2,0,54.0,,5.0,1,8.0,HARVEST_PARTS
A09431,Laptop,Bengaluru,2.3,2,2,0,90.0,83.0,1.0,1,2.2,REDEPLOY
A09432,Desktop,Pune,0.6,1,3,0,97.0,,0.0,1,8.0,REDEPLOY
A09433,Desktop,Gurugram,4.4,1,4,0,69.0,,4.0,1,8.0,REFURBISH_RESELL
A09434,Monitor,Gurugram,5.0,1,4,0,58.0,,4.0,1,5.0,REFURBISH_RESELL
A09435,Desktop,Bengaluru,5.0,2,4,1,50.0,,5.0,1,8.0,RECYCLE
A09436,Laptop,Pune,1.7,2,1,0,86.0,80.0,0.0,1,2.2,REDEPLOY
A09437,Monitor,Hyderabad,2.3,1,3,0,82.0,,3.0,1,5.0,REDEPLOY
A09438,Desktop,Noida,6.7,1,2,0,52.0,,6.0,1,8.0,RECYCLE
A09439,Laptop,Bengaluru,6.6,1,4,0,56.0,33.0,7.0,1,2.2,HARVEST_PARTS
A09440,Desktop,Bengaluru,4.1,2,3,0,76.0,,4.0,1,8.0,REFURBISH_RESELL
A09441,Mobile,Hyderabad,4.7,1,4,0,62.0,59.0,4.0,1,0.2,HARVEST_PARTS
A09442,Monitor,Bengaluru,2.4,1,1,0,85.0,,3.0,1,5.0,REFURBISH_RESELL
A09443,Laptop,Bengaluru,2.0,2,4,0,87.0,84.0,1.0,1,2.2,REDEPLOY
A09444,Monitor,Mumbai,1.5,1,4,0,87.0,,1.0,1,5.0,REDEPLOY
A09445,Laptop,Chennai,2.0,2,4,0,89.0,85.0,2.0,1,2.2,REDEPLOY
A09446,Desktop,Hyderabad,4.7,1,4,0,71.0,,4.0,1,8.0,REFURBISH_RESELL
A09447,Desktop,Hyderabad,3.8,1,3,0,83.0,,4.0,1,8.0,REFURBISH_RESELL
A09448,Laptop,Gurugram,4.3,2,1,0,76.0,53.0,3.0,1,2.2,HARVEST_PARTS
A09449,Laptop,Noida,4.2,1,1,0,64.0,57.0,3.0,1,2.2,HARVEST_PARTS
A09450,Mobile,Pune,2.2,1,3,1,72.0,77.0,3.0,1,0.2,HARVEST_PARTS
A09451,Laptop,Bengaluru,4.8,3,2,0,61.0,63.0,4.0,1,2.2,HARVEST_PARTS
A09452,Server,Hyderabad,7.1,2,3,0,53.0,,6.0,1,25.0,HARVEST_PARTS
A09453,Monitor,Pune,2.3,1,2,0,85.0,,2.0,1,5.0,REDEPLOY
A09454,Desktop,Bengaluru,3.9,2,4,0,65.0,,4.0,1,8.0,REFURBISH_RESELL
A09455,Laptop,Chennai,5.6,1,3,0,65.0,46.0,6.0,1,2.2,RECYCLE
A09456,Laptop,Kolkata,6.6,2,4,0,64.0,36.0,6.0,1,2.2,HARVEST_PARTS
A09457,Laptop,Mumbai,5.1,2,1,0,63.0,51.0,5.0,1,2.2,RECYCLE
A09458,Desktop,Chennai,2.4,1,3,0,84.0,,3.0,1,8.0,REDEPLOY
A09459,Mobile,Mumbai,1.4,2,4,0,91.0,86.0,2.0,1,0.2,REDEPLOY
A09460,Network,Hyderabad,3.4,1,4,0,71.0,,3.0,1,4.0,REFURBISH_RESELL
A09461,Laptop,Chennai,3.7,1,3,1,43.0,64.0,4.0,1,2.2,HARVEST_PARTS
A09462,Laptop,Hyderabad,6.6,1,3,0,60.0,44.0,7.0,1,2.2,HARVEST_PARTS
A09463,Laptop,Gurugram,3.3,3,3,1,47.0,65.0,4.0,1,2.2,RECYCLE
A09464,Mobile,Hyderabad,2.2,2,2,0,90.0,80.0,2.0,1,0.2,REFURBISH_RESELL
A09465,Laptop,Pune,2.7,2,2,0,86.0,80.0,4.0,1,2.2,REFURBISH_RESELL
A09466,Laptop,Pune,5.1,1,3,0,55.0,52.0,6.0,1,2.2,HARVEST_PARTS
A09467,Monitor,Bengaluru,4.1,1,3,0,81.0,,5.0,1,5.0,REFURBISH_RESELL
A09468,Desktop,Pune,3.7,2,1,0,67.0,,3.0,1,8.0,HARVEST_PARTS
A09469,Laptop,Kolkata,6.7,1,3,0,52.0,14.0,5.0,1,2.2,RECYCLE
A09470,Monitor,Noida,1.1,3,3,0,93.0,,2.0,1,5.0,REDEPLOY
A09471,Laptop,Pune,6.1,2,3,0,50.0,48.0,5.0,1,2.2,RECYCLE
A09472,Laptop,Bengaluru,0.7,3,3,0,96.0,91.0,0.0,1,2.2,REDEPLOY
A09473,Laptop,Hyderabad,6.0,1,1,0,74.0,50.0,6.0,1,2.2,RECYCLE
A09474,Laptop,Pune,4.4,1,3,0,79.0,47.0,5.0,1,2.2,HARVEST_PARTS
A09475,Mobile,Mumbai,4.2,1,3,0,66.0,65.0,3.0,1,0.2,REFURBISH_RESELL
A09476,Desktop,Gurugram,4.3,3,3,0,70.0,,5.0,1,8.0,REFURBISH_RESELL
A09477,Monitor,Gurugram,6.0,1,2,1,36.0,,5.0,1,5.0,RECYCLE
A09478,Laptop,Bengaluru,2.2,2,4,0,83.0,78.0,2.0,1,2.2,REDEPLOY
A09479,Monitor,Noida,5.3,2,1,0,66.0,,6.0,1,5.0,RECYCLE
A09480,Mobile,Noida,6.0,3,4,1,41.0,25.0,5.0,1,0.2,RECYCLE
A09481,Laptop,Hyderabad,3.8,3,4,1,45.0,62.0,4.0,1,2.2,RECYCLE
A09482,Mobile,Noida,2.9,2,2,0,80.0,70.0,2.0,1,0.2,REFURBISH_RESELL
A09483,Monitor,Gurugram,1.6,1,4,0,88.0,,2.0,1,5.0,REDEPLOY
A09484,Monitor,Bengaluru,10.0,2,4,0,28.0,,10.0,1,5.0,RECYCLE
A09485,Laptop,Mumbai,4.3,1,1,1,48.0,62.0,4.0,1,2.2,RECYCLE
A09486,Monitor,Gurugram,1.4,2,3,0,87.0,,1.0,1,5.0,REDEPLOY
A09487,Desktop,Bengaluru,2.4,1,1,0,90.0,,2.0,1,8.0,REFURBISH_RESELL
A09488,Mobile,Pune,3.0,2,4,0,83.0,69.0,3.0,1,0.2,REFURBISH_RESELL
A09489,Mobile,Gurugram,6.1,1,4,0,65.0,43.0,5.0,1,0.2,HARVEST_PARTS
A09490,Laptop,Bengaluru,2.4,2,4,0,79.0,79.0,3.0,1,2.2,REDEPLOY
A09491,Mobile,Kolkata,2.9,1,4,0,80.0,78.0,3.0,0,0.2,HARVEST_PARTS
A09492,Network,Kolkata,5.6,2,3,0,67.0,,5.0,1,4.0,REFURBISH_RESELL
A09493,Desktop,Pune,3.3,1,1,1,63.0,,3.0,1,8.0,RECYCLE
A09494,Laptop,Pune,4.2,1,3,0,81.0,58.0,4.0,1,2.2,REFURBISH_RESELL
A09495,Laptop,Noida,1.9,3,2,0,92.0,77.0,1.0,1,2.2,REFURBISH_RESELL
A09496,Laptop,Gurugram,2.1,2,3,0,90.0,79.0,-0.0,1,2.2,REDEPLOY
A09497,Laptop,Pune,2.2,1,4,0,86.0,72.0,3.0,1,2.2,REDEPLOY
A09498,Mobile,Hyderabad,3.9,2,4,0,79.0,69.0,2.0,1,0.2,REFURBISH_RESELL
A09499,Laptop,Bengaluru,4.2,2,3,1,51.0,46.0,4.0,1,2.2,RECYCLE
A09500,Monitor,Pune,4.4,2,4,0,76.0,,3.0,1,5.0,REDEPLOY
A09501,Monitor,Bengaluru,6.7,1,3,1,22.0,,7.0,1,5.0,RECYCLE
A09502,Monitor,Mumbai,2.9,2,3,0,76.0,,2.0,1,5.0,REDEPLOY
A09503,Laptop,Bengaluru,1.7,1,3,0,91.0,85.0,1.0,1,2.2,REDEPLOY
A09504,Desktop,Pune,5.7,2,3,1,54.0,,6.0,1,8.0,RECYCLE
A09505,Monitor,Hyderabad,4.5,1,2,0,66.0,,5.0,1,5.0,REDEPLOY
A09506,Desktop,Bengaluru,5.5,2,3,0,52.0,,6.0,1,8.0,HARVEST_PARTS
A09507,Laptop,Gurugram,4.5,1,3,1,49.0,54.0,3.0,1,2.2,RECYCLE
A09508,Monitor,Chennai,3.1,1,4,0,82.0,,2.0,1,5.0,REDEPLOY
A09509,Laptop,Chennai,3.1,3,2,0,87.0,74.0,3.0,1,2.2,REFURBISH_RESELL
A09510,Desktop,Mumbai,2.7,3,3,1,65.0,,2.0,1,8.0,HARVEST_PARTS
A09511,Laptop,Gurugram,7.2,3,1,0,62.0,33.0,6.0,1,2.2,RECYCLE
A09512,Laptop,Noida,10.0,2,2,1,39.0,5.0,9.0,1,2.2,RECYCLE
A09513,Server,Chennai,5.2,1,3,0,74.0,,7.0,1,25.0,REFURBISH_RESELL
A09514,Laptop,Pune,3.6,2,3,0,74.0,56.0,3.0,1,2.2,REFURBISH_RESELL
A09515,Mobile,Mumbai,2.8,1,3,0,83.0,75.0,2.0,1,0.2,REDEPLOY
A09516,Network,Kolkata,4.8,1,3,0,61.0,,4.0,1,4.0,HARVEST_PARTS
A09517,Laptop,Kolkata,1.9,1,3,0,92.0,85.0,1.0,1,2.2,REDEPLOY
A09518,Laptop,Chennai,5.1,1,3,0,62.0,37.0,5.0,1,2.2,HARVEST_PARTS
A09519,Laptop,Bengaluru,2.8,1,1,0,77.0,71.0,4.0,0,2.2,HARVEST_PARTS
A09520,Mobile,Gurugram,0.8,1,3,0,93.0,93.0,1.0,1,0.2,REDEPLOY
A09521,Monitor,Hyderabad,8.0,2,4,0,61.0,,7.0,1,5.0,HARVEST_PARTS
A09522,Laptop,Bengaluru,5.8,3,4,0,59.0,35.0,5.0,1,2.2,HARVEST_PARTS
A09523,Desktop,Noida,1.8,1,4,0,84.0,,3.0,1,8.0,REDEPLOY
A09524,Laptop,Bengaluru,6.2,1,1,0,50.0,32.0,6.0,1,2.2,RECYCLE
A09525,Desktop,Pune,2.7,1,3,0,78.0,,4.0,1,8.0,REFURBISH_RESELL
A09526,Desktop,Gurugram,6.2,2,2,0,46.0,,4.0,1,8.0,HARVEST_PARTS
A09527,Laptop,Chennai,3.9,1,3,0,82.0,60.0,5.0,1,2.2,REFURBISH_RESELL
A09528,Server,Noida,4.0,2,1,1,45.0,,4.0,1,25.0,RECYCLE
A09529,Laptop,Pune,4.2,1,3,1,32.0,58.0,5.0,1,2.2,RECYCLE
A09530,Desktop,Bengaluru,3.9,2,2,0,69.0,,5.0,1,8.0,REFURBISH_RESELL
A09531,Monitor,Bengaluru,2.3,2,3,0,90.0,,1.0,1,5.0,REDEPLOY
A09532,Mobile,Kolkata,8.1,1,4,1,16.0,31.0,8.0,1,0.2,RECYCLE
A09533,Desktop,Gurugram,5.2,3,3,1,50.0,,4.0,1,8.0,RECYCLE
A09534,Mobile,Hyderabad,2.0,1,4,0,83.0,82.0,3.0,1,0.2,REDEPLOY
A09535,Laptop,Bengaluru,2.9,1,4,0,88.0,64.0,2.0,1,2.2,REDEPLOY
A09536,Network,Pune,8.1,2,3,0,43.0,,6.0,1,4.0,RECYCLE
A09537,Laptop,Bengaluru,1.7,1,4,0,85.0,84.0,1.0,1,2.2,REDEPLOY
A09538,Monitor,Hyderabad,5.1,3,3,0,65.0,,4.0,1,5.0,REFURBISH_RESELL
A09539,Laptop,Chennai,2.2,1,3,0,90.0,72.0,1.0,1,2.2,REDEPLOY
A09540,Mobile,Gurugram,2.7,3,1,0,88.0,74.0,3.0,1,0.2,REFURBISH_RESELL
A09541,Mobile,Pune,3.9,2,3,1,39.0,58.0,4.0,1,0.2,RECYCLE
A09542,Laptop,Pune,4.9,2,2,1,43.0,56.0,3.0,1,2.2,RECYCLE
A09543,Desktop,Noida,4.2,1,3,0,66.0,,5.0,1,8.0,HARVEST_PARTS
A09544,Desktop,Bengaluru,2.1,1,3,0,85.0,,2.0,1,8.0,REDEPLOY
A09545,Laptop,Bengaluru,7.9,3,3,0,56.0,31.0,8.0,0,2.2,RECYCLE
A09546,Monitor,Kolkata,5.5,2,2,1,39.0,,5.0,1,5.0,RECYCLE
A09547,Monitor,Chennai,6.9,3,4,0,50.0,,7.0,1,5.0,HARVEST_PARTS
A09548,Desktop,Hyderabad,3.8,1,4,0,74.0,,3.0,1,8.0,REDEPLOY
A09549,Laptop,Chennai,5.7,2,2,0,70.0,55.0,5.0,1,2.2,HARVEST_PARTS
A09550,Mobile,Gurugram,6.9,3,4,1,12.0,17.0,6.0,1,0.2,RECYCLE
A09551,Laptop,Gurugram,4.7,2,4,0,68.0,42.0,5.0,1,2.2,HARVEST_PARTS
A09552,Monitor,Hyderabad,4.6,1,4,0,64.0,,5.0,1,5.0,REFURBISH_RESELL
A09553,Laptop,Pune,5.1,2,4,0,64.0,39.0,5.0,1,2.2,HARVEST_PARTS
A09554,Laptop,Bengaluru,5.1,1,4,1,43.0,58.0,5.0,1,2.2,RECYCLE
A09555,Laptop,Bengaluru,4.7,1,3,0,59.0,54.0,5.0,1,2.2,HARVEST_PARTS
A09556,Laptop,Kolkata,6.0,1,1,0,59.0,37.0,6.0,1,2.2,HARVEST_PARTS
A09557,Monitor,Chennai,3.8,3,2,0,72.0,,3.0,1,5.0,REFURBISH_RESELL
A09558,Desktop,Chennai,7.7,3,4,0,49.0,,8.0,1,8.0,RECYCLE
A09559,Monitor,Hyderabad,1.2,3,4,0,91.0,,0.0,1,5.0,REDEPLOY
A09560,Monitor,Chennai,5.6,1,1,0,51.0,,5.0,1,5.0,HARVEST_PARTS
A09561,Laptop,Mumbai,7.5,2,3,0,58.0,33.0,7.0,1,2.2,RECYCLE
A09562,Laptop,Kolkata,2.9,1,3,0,76.0,66.0,3.0,1,2.2,REFURBISH_RESELL
A09563,Monitor,Mumbai,3.3,1,3,1,70.0,,3.0,1,5.0,REFURBISH_RESELL
A09564,Monitor,Chennai,7.7,2,4,0,53.0,,8.0,1,5.0,RECYCLE
A09565,Desktop,Mumbai,5.6,1,4,0,52.0,,3.0,1,8.0,HARVEST_PARTS
A09566,Laptop,Pune,5.8,1,3,1,46.0,59.0,6.0,1,2.2,RECYCLE
A09567,Server,Bengaluru,3.7,2,3,0,84.0,,2.0,1,25.0,REDEPLOY
A09568,Laptop,Chennai,3.5,2,1,0,80.0,56.0,3.0,1,2.2,HARVEST_PARTS
A09569,Monitor,Gurugram,3.7,1,4,0,72.0,,4.0,1,5.0,REDEPLOY
A09570,Laptop,Mumbai,3.5,2,4,0,80.0,62.0,4.0,1,2.2,REDEPLOY
A09571,Monitor,Chennai,3.7,3,1,0,81.0,,3.0,1,5.0,REDEPLOY
A09572,Laptop,Bengaluru,5.3,1,2,0,58.0,44.0,5.0,1,2.2,HARVEST_PARTS
A09573,Monitor,Hyderabad,3.4,2,4,0,82.0,,2.0,1,5.0,REDEPLOY
A09574,Laptop,Noida,2.3,2,3,0,88.0,80.0,1.0,1,2.2,REDEPLOY
A09575,Desktop,Kolkata,7.3,1,3,1,8.0,,6.0,1,8.0,RECYCLE
A09576,Laptop,Bengaluru,2.9,1,4,0,78.0,73.0,2.0,1,2.2,REDEPLOY
A09577,Monitor,Hyderabad,3.3,1,2,0,87.0,,3.0,1,5.0,REDEPLOY
A09578,Laptop,Gurugram,1.9,2,4,0,87.0,86.0,4.0,1,2.2,REDEPLOY
A09579,Laptop,Hyderabad,4.6,1,4,0,80.0,60.0,4.0,1,2.2,REDEPLOY
A09580,Monitor,Noida,2.9,1,3,0,75.0,,2.0,1,5.0,REDEPLOY
A09581,Laptop,Bengaluru,2.2,1,2,1,53.0,78.0,1.0,1,2.2,HARVEST_PARTS
A09582,Laptop,Noida,6.3,2,1,1,17.0,20.0,5.0,1,2.2,RECYCLE
A09583,Server,Gurugram,8.8,1,3,0,32.0,,7.0,1,25.0,RECYCLE
A09584,Server,Hyderabad,3.1,1,4,0,85.0,,2.0,1,25.0,REDEPLOY
A09585,Network,Mumbai,5.6,3,3,1,61.0,,5.0,1,4.0,RECYCLE
A09586,Laptop,Pune,4.8,1,4,0,70.0,64.0,4.0,1,2.2,REFURBISH_RESELL
A09587,Desktop,Chennai,4.4,2,4,0,67.0,,3.0,1,8.0,REFURBISH_RESELL
A09588,Monitor,Pune,2.2,1,4,0,80.0,,3.0,1,5.0,REDEPLOY
A09589,Laptop,Pune,4.6,1,4,1,50.0,54.0,5.0,1,2.2,RECYCLE
A09590,Monitor,Mumbai,5.7,1,3,0,51.0,,5.0,1,5.0,HARVEST_PARTS
A09591,Laptop,Pune,10.0,3,2,0,56.0,5.0,7.0,1,2.2,RECYCLE
A09592,Mobile,Gurugram,1.3,2,4,0,93.0,90.0,1.0,1,0.2,REDEPLOY
A09593,Monitor,Hyderabad,5.6,1,3,0,66.0,,6.0,1,5.0,HARVEST_PARTS
A09594,Desktop,Pune,4.4,2,4,0,75.0,,3.0,1,8.0,REFURBISH_RESELL
A09595,Desktop,Noida,3.7,2,3,0,70.0,,2.0,1,8.0,REFURBISH_RESELL
A09596,Laptop,Hyderabad,7.3,1,3,0,55.0,20.0,8.0,1,2.2,RECYCLE
A09597,Laptop,Pune,3.0,1,4,0,76.0,62.0,2.0,1,2.2,REDEPLOY
A09598,Monitor,Hyderabad,8.7,1,2,0,27.0,,7.0,1,5.0,RECYCLE
A09599,Desktop,Bengaluru,1.2,1,3,0,92.0,,0.0,0,8.0,HARVEST_PARTS
A09600,Desktop,Chennai,3.4,2,1,0,80.0,,2.0,1,8.0,REFURBISH_RESELL
A09601,Laptop,Chennai,6.3,2,1,1,36.0,42.0,5.0,0,2.2,RECYCLE
A09602,Monitor,Kolkata,4.5,2,4,1,40.0,,4.0,1,5.0,HARVEST_PARTS
A09603,Laptop,Pune,2.9,2,2,0,74.0,72.0,2.0,1,2.2,REFURBISH_RESELL
A09604,Laptop,Mumbai,3.1,2,2,0,84.0,66.0,1.0,1,2.2,REDEPLOY
A09605,Mobile,Mumbai,5.1,2,3,0,56.0,63.0,5.0,1,0.2,HARVEST_PARTS
A09606,Desktop,Hyderabad,2.7,3,2,0,76.0,,2.0,1,8.0,HARVEST_PARTS
A09607,Desktop,Chennai,7.8,2,3,0,43.0,,6.0,1,8.0,RECYCLE
A09608,Mobile,Kolkata,4.0,2,3,0,71.0,48.0,4.0,1,0.2,REFURBISH_RESELL
A09609,Laptop,Bengaluru,3.8,2,3,0,69.0,67.0,3.0,1,2.2,REFURBISH_RESELL
A09610,Mobile,Kolkata,4.9,1,2,0,57.0,60.0,5.0,1,0.2,HARVEST_PARTS
A09611,Monitor,Hyderabad,1.9,2,1,1,48.0,,-0.0,1,5.0,HARVEST_PARTS
A09612,Monitor,Chennai,4.5,2,4,0,81.0,,4.0,1,5.0,REFURBISH_RESELL
A09613,Laptop,Pune,10.0,1,3,1,5.0,5.0,9.0,1,2.2,RECYCLE
A09614,Laptop,Pune,3.9,1,4,1,66.0,54.0,3.0,1,2.2,HARVEST_PARTS
A09615,Laptop,Bengaluru,4.4,1,2,0,71.0,50.0,5.0,1,2.2,HARVEST_PARTS
A09616,Laptop,Hyderabad,5.9,1,4,0,58.0,28.0,6.0,1,2.2,HARVEST_PARTS
A09617,Laptop,Bengaluru,7.7,1,4,0,55.0,34.0,7.0,1,2.2,RECYCLE
A09618,Desktop,Gurugram,4.5,1,2,0,79.0,,3.0,1,8.0,REFURBISH_RESELL
A09619,Monitor,Hyderabad,3.7,2,3,0,75.0,,4.0,1,5.0,REDEPLOY
A09620,Laptop,Noida,6.2,2,3,0,60.0,43.0,4.0,1,2.2,RECYCLE
A09621,Monitor,Hyderabad,2.6,1,3,0,77.0,,3.0,1,5.0,REFURBISH_RESELL
A09622,Mobile,Pune,7.6,1,2,1,38.0,28.0,6.0,1,0.2,RECYCLE
A09623,Monitor,Bengaluru,6.6,1,4,0,45.0,,6.0,1,5.0,HARVEST_PARTS
A09624,Monitor,Gurugram,6.1,1,3,1,33.0,,7.0,1,5.0,RECYCLE
A09625,Monitor,Noida,5.0,2,3,0,75.0,,6.0,1,5.0,HARVEST_PARTS
A09626,Laptop,Mumbai,5.5,2,3,0,70.0,32.0,5.0,1,2.2,HARVEST_PARTS
A09627,Laptop,Mumbai,5.5,1,3,0,78.0,47.0,5.0,1,2.2,HARVEST_PARTS
A09628,Mobile,Bengaluru,4.7,1,3,0,68.0,54.0,4.0,1,0.2,REFURBISH_RESELL
A09629,Monitor,Pune,3.1,3,3,1,38.0,,4.0,1,5.0,HARVEST_PARTS
A09630,Monitor,Bengaluru,5.6,3,4,0,57.0,,5.0,1,5.0,HARVEST_PARTS
A09631,Mobile,Kolkata,2.1,2,3,0,89.0,83.0,2.0,1,0.2,REDEPLOY
A09632,Laptop,Noida,2.4,1,3,0,86.0,79.0,1.0,1,2.2,REDEPLOY
A09633,Laptop,Noida,7.8,1,3,0,57.0,27.0,7.0,1,2.2,RECYCLE
A09634,Monitor,Hyderabad,2.3,1,1,1,69.0,,2.0,1,5.0,REFURBISH_RESELL
A09635,Laptop,Mumbai,7.0,1,1,0,66.0,26.0,6.0,1,2.2,RECYCLE
A09636,Desktop,Hyderabad,2.3,2,3,0,83.0,,2.0,1,8.0,REDEPLOY
A09637,Server,Hyderabad,3.8,1,4,0,74.0,,5.0,1,25.0,REFURBISH_RESELL
A09638,Monitor,Hyderabad,4.0,3,4,0,78.0,,4.0,1,5.0,REDEPLOY
A09639,Laptop,Noida,1.8,2,3,0,90.0,81.0,2.0,1,2.2,REDEPLOY
A09640,Monitor,Hyderabad,5.3,3,1,1,46.0,,4.0,1,5.0,RECYCLE
A09641,Laptop,Gurugram,2.0,3,4,0,91.0,74.0,1.0,1,2.2,REDEPLOY
A09642,Network,Chennai,2.0,1,3,0,90.0,,2.0,1,4.0,REDEPLOY
A09643,Laptop,Bengaluru,1.9,2,3,0,89.0,84.0,2.0,1,2.2,REDEPLOY
A09644,Network,Bengaluru,1.2,2,3,0,90.0,,2.0,1,4.0,REDEPLOY
A09645,Desktop,Noida,6.1,1,3,1,14.0,,5.0,1,8.0,RECYCLE
A09646,Laptop,Hyderabad,3.1,1,2,0,86.0,68.0,4.0,1,2.2,REFURBISH_RESELL
A09647,Desktop,Hyderabad,3.5,1,2,0,76.0,,3.0,1,8.0,REFURBISH_RESELL
A09648,Laptop,Pune,3.8,1,3,0,69.0,60.0,4.0,1,2.2,HARVEST_PARTS
A09649,Desktop,Kolkata,3.2,2,4,0,78.0,,5.0,1,8.0,REFURBISH_RESELL
A09650,Server,Mumbai,2.2,1,3,0,86.0,,4.0,1,25.0,REDEPLOY
A09651,Server,Bengaluru,3.0,1,3,0,75.0,,4.0,1,25.0,REDEPLOY
A09652,Laptop,Bengaluru,3.8,2,4,0,71.0,65.0,5.0,1,2.2,REFURBISH_RESELL
A09653,Monitor,Bengaluru,2.2,2,2,0,86.0,,1.0,1,5.0,REDEPLOY
A09654,Network,Pune,3.1,1,2,0,85.0,,2.0,1,4.0,REDEPLOY
A09655,Server,Pune,6.5,2,3,0,68.0,,6.0,1,25.0,HARVEST_PARTS
A09656,Laptop,Mumbai,3.0,3,1,0,84.0,67.0,3.0,1,2.2,HARVEST_PARTS
A09657,Laptop,Bengaluru,4.9,1,3,1,44.0,49.0,4.0,1,2.2,RECYCLE
A09658,Mobile,Bengaluru,0.4,2,1,0,97.0,97.0,0.0,1,0.2,REDEPLOY
A09659,Laptop,Noida,5.2,1,2,1,38.0,43.0,5.0,1,2.2,RECYCLE
A09660,Laptop,Mumbai,1.5,2,2,1,79.0,83.0,1.0,1,2.2,REFURBISH_RESELL
A09661,Monitor,Chennai,5.3,3,4,0,65.0,,4.0,1,5.0,REFURBISH_RESELL
A09662,Laptop,Pune,6.1,1,3,0,57.0,30.0,6.0,1,2.2,RECYCLE
A09663,Server,Pune,5.0,2,3,0,59.0,,5.0,1,25.0,HARVEST_PARTS
A09664,Laptop,Bengaluru,3.3,1,2,0,82.0,59.0,3.0,1,2.2,REDEPLOY
A09665,Monitor,Hyderabad,1.9,2,1,0,90.0,,1.0,1,5.0,REDEPLOY
A09666,Mobile,Kolkata,5.1,1,4,0,54.0,35.0,5.0,1,0.2,HARVEST_PARTS
A09667,Mobile,Bengaluru,3.1,1,2,0,87.0,73.0,2.0,1,0.2,REDEPLOY
A09668,Mobile,Chennai,3.6,3,4,0,77.0,59.0,2.0,1,0.2,REFURBISH_RESELL
A09669,Network,Hyderabad,2.6,2,2,0,78.0,,1.0,1,4.0,REFURBISH_RESELL
A09670,Laptop,Noida,3.8,1,3,0,74.0,53.0,2.0,1,2.2,REFURBISH_RESELL
A09671,Mobile,Bengaluru,3.7,2,3,0,74.0,66.0,2.0,1,0.2,REFURBISH_RESELL
A09672,Mobile,Pune,2.3,1,3,0,88.0,71.0,2.0,1,0.2,REDEPLOY
A09673,Desktop,Bengaluru,4.8,3,2,0,63.0,,4.0,1,8.0,RECYCLE
A09674,Laptop,Bengaluru,7.8,1,3,1,8.0,20.0,8.0,1,2.2,RECYCLE
A09675,Laptop,Noida,6.3,1,4,0,60.0,34.0,6.0,1,2.2,HARVEST_PARTS
A09676,Desktop,Bengaluru,8.1,1,3,0,33.0,,7.0,1,8.0,RECYCLE
A09677,Monitor,Gurugram,3.0,2,3,0,87.0,,3.0,1,5.0,REDEPLOY
A09678,Laptop,Bengaluru,2.4,1,3,0,80.0,81.0,3.0,1,2.2,REDEPLOY
A09679,Laptop,Bengaluru,1.4,1,4,0,88.0,85.0,1.0,1,2.2,REDEPLOY
A09680,Desktop,Noida,3.4,2,1,0,72.0,,3.0,1,8.0,HARVEST_PARTS
A09681,Laptop,Pune,3.6,1,4,0,84.0,64.0,4.0,1,2.2,REDEPLOY
A09682,Mobile,Hyderabad,4.0,2,4,0,71.0,58.0,4.0,1,0.2,REDEPLOY
A09683,Laptop,Noida,2.2,1,3,0,90.0,79.0,0.0,1,2.2,REDEPLOY
A09684,Laptop,Gurugram,4.4,2,3,0,81.0,58.0,4.0,1,2.2,REFURBISH_RESELL
A09685,Laptop,Mumbai,3.9,2,3,0,83.0,52.0,4.0,1,2.2,REFURBISH_RESELL
A09686,Network,Hyderabad,4.4,2,4,0,79.0,,3.0,1,4.0,REFURBISH_RESELL
A09687,Network,Noida,4.9,1,3,0,67.0,,4.0,1,4.0,REFURBISH_RESELL
A09688,Laptop,Pune,2.6,2,3,0,80.0,77.0,2.0,1,2.2,REDEPLOY
A09689,Laptop,Bengaluru,4.1,2,3,0,80.0,52.0,3.0,1,2.2,HARVEST_PARTS
A09690,Laptop,Noida,6.2,3,4,1,59.0,22.0,6.0,1,2.2,RECYCLE
A09691,Laptop,Chennai,4.7,1,3,1,52.0,60.0,4.0,0,2.2,HARVEST_PARTS
A09692,Monitor,Noida,4.0,2,2,0,75.0,,5.0,1,5.0,REFURBISH_RESELL
A09693,Laptop,Mumbai,2.8,2,2,1,69.0,78.0,2.0,1,2.2,HARVEST_PARTS
A09694,Desktop,Gurugram,3.5,3,4,0,76.0,,2.0,1,8.0,REFURBISH_RESELL
A09695,Laptop,Bengaluru,1.8,1,3,0,84.0,85.0,1.0,1,2.2,REDEPLOY
A09696,Desktop,Hyderabad,5.7,1,3,0,69.0,,5.0,1,8.0,HARVEST_PARTS
A09697,Laptop,Pune,2.8,3,4,0,81.0,66.0,3.0,1,2.2,REFURBISH_RESELL
A09698,Laptop,Bengaluru,2.4,1,3,0,80.0,82.0,2.0,1,2.2,REDEPLOY
A09699,Laptop,Noida,2.0,2,3,1,56.0,82.0,1.0,1,2.2,HARVEST_PARTS
A09700,Laptop,Mumbai,2.7,1,1,0,89.0,69.0,2.0,1,2.2,REFURBISH_RESELL
A09701,Laptop,Hyderabad,3.1,3,4,0,82.0,76.0,2.0,1,2.2,REDEPLOY
A09702,Mobile,Mumbai,6.8,1,3,1,35.0,52.0,7.0,1,0.2,RECYCLE
A09703,Laptop,Bengaluru,2.8,1,1,0,86.0,71.0,2.0,1,2.2,REFURBISH_RESELL
A09704,Laptop,Gurugram,7.6,2,3,0,44.0,35.0,7.0,1,2.2,RECYCLE
A09705,Laptop,Pune,6.9,1,2,1,54.0,40.0,6.0,1,2.2,RECYCLE
A09706,Monitor,Bengaluru,6.7,1,2,0,51.0,,7.0,1,5.0,RECYCLE
A09707,Mobile,Gurugram,5.1,2,2,0,67.0,40.0,5.0,1,0.2,RECYCLE
A09708,Monitor,Mumbai,1.6,1,2,0,88.0,,1.0,1,5.0,REDEPLOY
A09709,Monitor,Bengaluru,6.4,1,4,0,74.0,,7.0,1,5.0,REFURBISH_RESELL
A09710,Server,Pune,1.7,2,2,0,85.0,,2.0,1,25.0,REDEPLOY
A09711,Laptop,Gurugram,2.3,1,4,0,84.0,81.0,3.0,1,2.2,REDEPLOY
A09712,Network,Hyderabad,3.1,3,2,0,77.0,,3.0,1,4.0,REFURBISH_RESELL
A09713,Monitor,Chennai,2.8,2,3,0,77.0,,3.0,1,5.0,REFURBISH_RESELL
A09714,Laptop,Bengaluru,5.8,3,2,1,56.0,39.0,5.0,1,2.2,RECYCLE
A09715,Desktop,Bengaluru,5.5,2,4,0,74.0,,3.0,1,8.0,REFURBISH_RESELL
A09716,Laptop,Mumbai,3.7,3,4,0,82.0,52.0,2.0,1,2.2,HARVEST_PARTS
A09717,Laptop,Mumbai,5.1,1,4,0,76.0,49.0,5.0,0,2.2,HARVEST_PARTS
A09718,Server,Bengaluru,4.2,2,3,1,62.0,,5.0,1,25.0,HARVEST_PARTS
A09719,Laptop,Kolkata,3.9,3,4,0,66.0,70.0,3.0,1,2.2,REFURBISH_RESELL
A09720,Monitor,Pune,3.2,2,4,1,61.0,,3.0,1,5.0,HARVEST_PARTS
A09721,Mobile,Hyderabad,2.6,3,2,0,88.0,79.0,3.0,1,0.2,REFURBISH_RESELL
A09722,Desktop,Kolkata,0.9,3,2,0,93.0,,1.0,1,8.0,REDEPLOY
A09723,Laptop,Noida,5.7,1,3,0,67.0,53.0,5.0,1,2.2,HARVEST_PARTS
A09724,Monitor,Noida,2.7,1,2,0,86.0,,3.0,1,5.0,REFURBISH_RESELL
A09725,Server,Bengaluru,2.8,1,3,1,51.0,,1.0,1,25.0,REDEPLOY
A09726,Laptop,Hyderabad,2.6,3,2,0,79.0,81.0,4.0,1,2.2,REFURBISH_RESELL
A09727,Laptop,Hyderabad,4.4,3,3,1,31.0,68.0,6.0,1,2.2,RECYCLE
A09728,Monitor,Gurugram,4.9,2,4,1,55.0,,5.0,1,5.0,HARVEST_PARTS
A09729,Mobile,Noida,2.9,1,3,0,87.0,68.0,3.0,0,0.2,HARVEST_PARTS
A09730,Laptop,Bengaluru,4.0,1,1,1,62.0,60.0,4.0,1,2.2,RECYCLE
A09731,Laptop,Gurugram,3.0,1,4,0,82.0,73.0,4.0,1,2.2,REDEPLOY
A09732,Mobile,Bengaluru,5.7,1,4,0,63.0,52.0,5.0,1,0.2,HARVEST_PARTS
A09733,Laptop,Bengaluru,4.6,3,2,1,60.0,67.0,4.0,1,2.2,RECYCLE
A09734,Laptop,Bengaluru,1.2,1,4,0,92.0,85.0,2.0,1,2.2,REDEPLOY
A09735,Desktop,Gurugram,4.8,2,3,1,40.0,,5.0,0,8.0,RECYCLE
A09736,Laptop,Hyderabad,4.1,2,4,0,82.0,68.0,4.0,1,2.2,REDEPLOY
A09737,Laptop,Hyderabad,2.5,2,4,0,87.0,73.0,3.0,1,2.2,REDEPLOY
A09738,Monitor,Mumbai,2.3,1,2,1,56.0,,2.0,1,5.0,HARVEST_PARTS
A09739,Monitor,Mumbai,5.4,1,1,0,54.0,,4.0,1,5.0,REFURBISH_RESELL
A09740,Desktop,Bengaluru,5.6,1,3,0,51.0,,4.0,1,8.0,HARVEST_PARTS
A09741,Laptop,Hyderabad,4.2,1,2,0,71.0,53.0,4.0,1,2.2,HARVEST_PARTS
A09742,Desktop,Pune,2.9,1,4,0,80.0,,2.0,1,8.0,REDEPLOY
A09743,Monitor,Gurugram,2.5,1,4,0,83.0,,2.0,1,5.0,REDEPLOY
A09744,Server,Bengaluru,2.6,2,3,0,86.0,,3.0,1,25.0,REDEPLOY
A09745,Monitor,Noida,3.3,1,4,0,79.0,,4.0,1,5.0,REFURBISH_RESELL
A09746,Monitor,Mumbai,6.2,2,3,0,58.0,,5.0,1,5.0,HARVEST_PARTS
A09747,Network,Pune,1.5,1,1,1,70.0,,2.0,1,4.0,HARVEST_PARTS
A09748,Server,Gurugram,3.9,1,4,0,78.0,,3.0,1,25.0,REDEPLOY
A09749,Laptop,Bengaluru,3.3,1,1,0,83.0,73.0,3.0,1,2.2,REFURBISH_RESELL
A09750,Mobile,Bengaluru,4.7,1,3,0,78.0,55.0,4.0,1,0.2,REFURBISH_RESELL
A09751,Network,Noida,2.3,1,4,0,87.0,,1.0,1,4.0,REDEPLOY
A09752,Laptop,Mumbai,3.5,2,3,0,77.0,58.0,4.0,1,2.2,REFURBISH_RESELL
A09753,Laptop,Kolkata,5.5,1,3,0,51.0,36.0,4.0,1,2.2,HARVEST_PARTS
A09754,Monitor,Chennai,4.2,1,2,1,49.0,,5.0,1,5.0,HARVEST_PARTS
A09755,Laptop,Gurugram,3.0,1,2,0,87.0,78.0,3.0,1,2.2,REDEPLOY
A09756,Monitor,Noida,2.5,1,3,1,55.0,,3.0,1,5.0,REFURBISH_RESELL
A09757,Desktop,Chennai,6.9,2,3,1,18.0,,6.0,1,8.0,RECYCLE
A09758,Laptop,Pune,1.9,2,3,0,83.0,81.0,3.0,1,2.2,REDEPLOY
A09759,Laptop,Hyderabad,7.3,2,4,1,29.0,34.0,7.0,1,2.2,RECYCLE
A09760,Network,Pune,4.2,2,1,0,67.0,,3.0,1,4.0,REFURBISH_RESELL
A09761,Laptop,Pune,3.6,1,4,0,74.0,74.0,3.0,1,2.2,REDEPLOY
A09762,Monitor,Pune,6.1,1,3,0,46.0,,5.0,0,5.0,HARVEST_PARTS
A09763,Laptop,Pune,6.3,2,2,1,29.0,55.0,6.0,1,2.2,RECYCLE
A09764,Desktop,Kolkata,4.0,2,4,0,70.0,,4.0,1,8.0,REFURBISH_RESELL
A09765,Desktop,Chennai,4.7,2,3,1,47.0,,4.0,1,8.0,RECYCLE
A09766,Laptop,Hyderabad,2.1,2,4,0,86.0,74.0,1.0,1,2.2,REDEPLOY
A09767,Monitor,Noida,3.5,2,4,0,82.0,,2.0,1,5.0,REDEPLOY
A09768,Monitor,Gurugram,2.8,2,3,0,76.0,,3.0,1,5.0,REDEPLOY
A09769,Laptop,Hyderabad,6.9,2,1,0,53.0,26.0,4.0,1,2.2,RECYCLE
A09770,Laptop,Gurugram,6.6,3,3,0,47.0,26.0,7.0,1,2.2,RECYCLE
A09771,Monitor,Mumbai,2.1,1,2,0,87.0,,2.0,1,5.0,REDEPLOY
A09772,Monitor,Pune,2.1,1,3,1,58.0,,3.0,1,5.0,REFURBISH_RESELL
A09773,Desktop,Pune,3.6,2,2,0,71.0,,3.0,1,8.0,REFURBISH_RESELL
A09774,Monitor,Chennai,7.4,1,2,0,47.0,,8.0,1,5.0,RECYCLE
A09775,Laptop,Noida,3.1,1,3,0,76.0,73.0,2.0,1,2.2,REDEPLOY
A09776,Laptop,Chennai,9.8,2,3,1,5.0,21.0,10.0,0,2.2,RECYCLE
A09777,Monitor,Kolkata,1.9,1,3,0,84.0,,2.0,1,5.0,REDEPLOY
A09778,Monitor,Chennai,2.7,1,2,1,70.0,,1.0,1,5.0,REFURBISH_RESELL
A09779,Server,Gurugram,2.1,1,2,0,84.0,,1.0,1,25.0,REDEPLOY
A09780,Laptop,Gurugram,4.0,1,3,0,65.0,57.0,4.0,1,2.2,REFURBISH_RESELL
A09781,Desktop,Noida,3.1,2,2,0,79.0,,2.0,1,8.0,REFURBISH_RESELL
A09782,Monitor,Hyderabad,7.1,1,3,0,71.0,,7.0,1,5.0,HARVEST_PARTS
A09783,Laptop,Hyderabad,3.0,1,2,1,66.0,70.0,2.0,1,2.2,HARVEST_PARTS
A09784,Desktop,Pune,5.6,2,3,0,56.0,,4.0,1,8.0,HARVEST_PARTS
A09785,Monitor,Pune,2.2,3,4,0,91.0,,1.0,1,5.0,REDEPLOY
A09786,Laptop,Chennai,3.4,1,3,0,75.0,61.0,3.0,1,2.2,REFURBISH_RESELL
A09787,Laptop,Bengaluru,1.4,1,2,0,88.0,85.0,2.0,1,2.2,REFURBISH_RESELL
A09788,Laptop,Bengaluru,7.5,1,3,0,49.0,10.0,6.0,1,2.2,RECYCLE
A09789,Mobile,Bengaluru,3.6,1,3,0,81.0,74.0,4.0,1,0.2,REFURBISH_RESELL
A09790,Laptop,Chennai,5.6,2,2,0,52.0,46.0,6.0,1,2.2,RECYCLE
A09791,Laptop,Bengaluru,1.6,1,1,0,90.0,82.0,1.0,1,2.2,REFURBISH_RESELL
A09792,Laptop,Chennai,1.8,1,4,0,91.0,83.0,1.0,1,2.2,REDEPLOY
A09793,Laptop,Noida,2.2,3,4,0,87.0,82.0,2.0,1,2.2,REFURBISH_RESELL
A09794,Laptop,Mumbai,2.8,1,1,0,78.0,80.0,2.0,1,2.2,REFURBISH_RESELL
A09795,Monitor,Pune,6.2,1,4,1,35.0,,6.0,1,5.0,HARVEST_PARTS
A09796,Laptop,Bengaluru,3.0,3,2,0,80.0,76.0,2.0,0,2.2,HARVEST_PARTS
A09797,Laptop,Chennai,4.9,1,3,1,63.0,39.0,4.0,1,2.2,RECYCLE
A09798,Laptop,Pune,8.3,1,3,0,49.0,13.0,6.0,0,2.2,RECYCLE
A09799,Laptop,Mumbai,3.3,1,2,0,75.0,71.0,3.0,1,2.2,REFURBISH_RESELL
A09800,Laptop,Mumbai,1.7,3,2,0,92.0,81.0,1.0,1,2.2,REFURBISH_RESELL
A09801,Monitor,Chennai,2.2,3,4,0,80.0,,3.0,1,5.0,REDEPLOY
A09802,Monitor,Kolkata,5.1,1,4,0,79.0,,6.0,1,5.0,REDEPLOY
A09803,Monitor,Hyderabad,2.8,2,2,0,85.0,,2.0,1,5.0,REDEPLOY
A09804,Laptop,Mumbai,1.6,1,2,0,93.0,83.0,0.0,1,2.2,REDEPLOY
A09805,Network,Hyderabad,10.0,1,4,1,36.0,,9.0,0,4.0,RECYCLE
A09806,Monitor,Noida,6.5,3,4,0,64.0,,7.0,1,5.0,HARVEST_PARTS
A09807,Laptop,Bengaluru,2.4,1,3,0,85.0,80.0,1.0,1,2.2,REDEPLOY
A09808,Laptop,Hyderabad,9.4,1,3,0,22.0,5.0,8.0,1,2.2,RECYCLE
A09809,Monitor,Kolkata,10.0,1,2,0,45.0,,9.0,1,5.0,RECYCLE
A09810,Laptop,Hyderabad,8.6,3,2,0,57.0,23.0,9.0,1,2.2,RECYCLE
A09811,Laptop,Kolkata,3.4,2,3,0,83.0,71.0,2.0,1,2.2,REDEPLOY
A09812,Monitor,Pune,3.7,2,3,1,59.0,,4.0,1,5.0,RECYCLE
A09813,Laptop,Pune,5.0,2,3,0,76.0,57.0,4.0,1,2.2,HARVEST_PARTS
A09814,Mobile,Chennai,2.6,2,3,0,86.0,72.0,3.0,1,0.2,REFURBISH_RESELL
A09815,Laptop,Noida,6.2,3,1,0,68.0,32.0,6.0,1,2.2,RECYCLE
A09816,Laptop,Gurugram,4.5,2,4,0,80.0,68.0,5.0,1,2.2,REFURBISH_RESELL
A09817,Laptop,Pune,6.1,2,3,0,46.0,45.0,5.0,1,2.2,RECYCLE
A09818,Laptop,Mumbai,3.1,3,4,0,86.0,72.0,2.0,1,2.2,REDEPLOY
A09819,Network,Bengaluru,4.4,1,2,0,66.0,,4.0,1,4.0,HARVEST_PARTS
A09820,Server,Pune,2.0,1,2,0,89.0,,2.0,1,25.0,REDEPLOY
A09821,Mobile,Noida,2.9,3,4,0,80.0,78.0,2.0,1,0.2,REDEPLOY
A09822,Desktop,Gurugram,3.2,3,2,0,87.0,,3.0,1,8.0,REFURBISH_RESELL
A09823,Laptop,Pune,5.1,1,3,0,79.0,55.0,5.0,1,2.2,REFURBISH_RESELL
A09824,Laptop,Kolkata,5.9,2,1,1,32.0,52.0,4.0,1,2.2,RECYCLE
A09825,Laptop,Bengaluru,2.2,2,2,0,83.0,83.0,2.0,1,2.2,REFURBISH_RESELL
A09826,Mobile,Kolkata,6.9,1,2,0,39.0,28.0,6.0,1,0.2,RECYCLE
A09827,Desktop,Mumbai,4.8,1,4,0,70.0,,4.0,1,8.0,REFURBISH_RESELL
A09828,Desktop,Mumbai,5.3,1,1,0,61.0,,5.0,1,8.0,HARVEST_PARTS
A09829,Desktop,Gurugram,5.9,1,2,0,60.0,,4.0,1,8.0,HARVEST_PARTS
A09830,Monitor,Pune,2.4,1,2,0,79.0,,2.0,1,5.0,REDEPLOY
A09831,Laptop,Gurugram,6.8,1,2,0,54.0,17.0,5.0,1,2.2,RECYCLE
A09832,Monitor,Gurugram,2.8,2,2,0,85.0,,3.0,1,5.0,REDEPLOY
A09833,Monitor,Chennai,3.7,1,3,0,72.0,,3.0,1,5.0,REDEPLOY
A09834,Server,Hyderabad,3.4,1,4,0,72.0,,2.0,1,25.0,REDEPLOY
A09835,Laptop,Noida,9.5,2,3,0,22.0,5.0,8.0,1,2.2,RECYCLE
A09836,Laptop,Hyderabad,2.4,1,4,1,67.0,79.0,3.0,1,2.2,HARVEST_PARTS
A09837,Desktop,Pune,8.6,3,3,1,28.0,,8.0,1,8.0,RECYCLE
A09838,Network,Gurugram,7.5,1,4,0,53.0,,7.0,1,4.0,HARVEST_PARTS
A09839,Mobile,Gurugram,1.9,2,3,0,88.0,83.0,1.0,1,0.2,REDEPLOY
A09840,Desktop,Hyderabad,2.8,1,2,0,75.0,,1.0,1,8.0,REFURBISH_RESELL
A09841,Laptop,Pune,2.8,3,2,0,87.0,67.0,4.0,1,2.2,REFURBISH_RESELL
A09842,Laptop,Bengaluru,5.3,1,2,0,67.0,60.0,5.0,1,2.2,HARVEST_PARTS
A09843,Monitor,Gurugram,6.8,3,4,0,48.0,,7.0,1,5.0,HARVEST_PARTS
A09844,Laptop,Hyderabad,2.8,1,2,0,88.0,74.0,1.0,1,2.2,REDEPLOY
A09845,Desktop,Hyderabad,1.7,2,1,0,86.0,,4.0,1,8.0,REFURBISH_RESELL
A09846,Server,Noida,5.3,1,2,0,60.0,,5.0,1,25.0,REFURBISH_RESELL
A09847,Laptop,Bengaluru,4.1,1,4,0,81.0,63.0,6.0,1,2.2,REDEPLOY
A09848,Laptop,Mumbai,1.9,1,1,0,86.0,78.0,2.0,1,2.2,REFURBISH_RESELL
A09849,Laptop,Pune,5.0,2,3,0,64.0,57.0,5.0,1,2.2,HARVEST_PARTS
A09850,Laptop,Pune,3.9,1,3,0,82.0,60.0,4.0,1,2.2,REFURBISH_RESELL
A09851,Monitor,Bengaluru,2.2,2,4,0,81.0,,1.0,1,5.0,REDEPLOY
A09852,Laptop,Chennai,3.0,1,2,0,80.0,63.0,3.0,1,2.2,REFURBISH_RESELL
A09853,Laptop,Chennai,8.3,1,2,1,28.0,21.0,8.0,1,2.2,RECYCLE
A09854,Laptop,Hyderabad,0.9,2,2,0,93.0,91.0,1.0,1,2.2,REDEPLOY
A09855,Laptop,Gurugram,2.3,1,4,0,88.0,72.0,2.0,1,2.2,REDEPLOY
A09856,Monitor,Chennai,1.8,1,4,0,87.0,,2.0,1,5.0,REDEPLOY
A09857,Monitor,Bengaluru,3.4,3,1,0,81.0,,4.0,1,5.0,REFURBISH_RESELL
A09858,Desktop,Gurugram,4.3,1,2,1,25.0,,4.0,0,8.0,RECYCLE
A09859,Desktop,Bengaluru,3.7,2,2,0,69.0,,3.0,1,8.0,REFURBISH_RESELL
A09860,Laptop,Mumbai,3.9,1,2,0,70.0,52.0,4.0,1,2.2,HARVEST_PARTS
A09861,Desktop,Bengaluru,4.4,2,4,1,57.0,,4.0,1,8.0,HARVEST_PARTS
A09862,Laptop,Hyderabad,3.0,2,3,0,81.0,69.0,3.0,1,2.2,REFURBISH_RESELL
A09863,Mobile,Noida,10.0,2,4,1,5.0,13.0,9.0,1,0.2,RECYCLE
A09864,Laptop,Bengaluru,4.1,2,3,0,76.0,62.0,3.0,1,2.2,REDEPLOY
A09865,Laptop,Hyderabad,2.0,1,4,1,67.0,79.0,1.0,1,2.2,REDEPLOY
A09866,Laptop,Hyderabad,3.8,1,3,0,81.0,63.0,4.0,1,2.2,REDEPLOY
A09867,Monitor,Mumbai,5.4,1,3,0,76.0,,4.0,1,5.0,REFURBISH_RESELL
A09868,Laptop,Hyderabad,5.7,2,2,0,75.0,42.0,5.0,1,2.2,RECYCLE
A09869,Mobile,Chennai,5.0,1,4,0,76.0,57.0,5.0,1,0.2,REFURBISH_RESELL
A09870,Laptop,Pune,4.2,1,2,0,75.0,53.0,5.0,1,2.2,HARVEST_PARTS
A09871,Server,Mumbai,2.4,1,4,0,84.0,,2.0,1,25.0,REDEPLOY
A09872,Monitor,Bengaluru,4.6,2,1,0,69.0,,5.0,1,5.0,HARVEST_PARTS
A09873,Laptop,Chennai,3.7,1,3,0,77.0,65.0,2.0,1,2.2,REFURBISH_RESELL
A09874,Laptop,Gurugram,2.7,3,4,0,77.0,70.0,3.0,1,2.2,REDEPLOY
A09875,Laptop,Bengaluru,4.1,3,2,0,67.0,62.0,4.0,1,2.2,REFURBISH_RESELL
A09876,Server,Chennai,5.9,1,4,0,65.0,,6.0,1,25.0,REFURBISH_RESELL
A09877,Network,Chennai,1.7,3,3,0,89.0,,1.0,1,4.0,REDEPLOY
A09878,Laptop,Pune,2.4,2,2,0,80.0,76.0,3.0,1,2.2,REDEPLOY
A09879,Laptop,Bengaluru,0.5,1,3,1,61.0,95.0,2.0,1,2.2,REFURBISH_RESELL
A09880,Laptop,Hyderabad,5.5,2,2,0,68.0,44.0,5.0,1,2.2,HARVEST_PARTS
A09881,Laptop,Pune,2.1,1,3,0,85.0,79.0,2.0,1,2.2,REDEPLOY
A09882,Monitor,Gurugram,6.6,2,4,0,59.0,,6.0,1,5.0,HARVEST_PARTS
A09883,Laptop,Bengaluru,3.5,3,2,0,76.0,67.0,3.0,1,2.2,REFURBISH_RESELL
A09884,Laptop,Hyderabad,4.9,2,1,0,79.0,58.0,4.0,1,2.2,HARVEST_PARTS
A09885,Network,Chennai,5.4,2,3,0,65.0,,4.0,1,4.0,HARVEST_PARTS
A09886,Monitor,Bengaluru,3.8,2,4,1,27.0,,4.0,1,5.0,RECYCLE
A09887,Monitor,Mumbai,6.9,1,4,1,10.0,,6.0,1,5.0,RECYCLE
A09888,Laptop,Hyderabad,4.1,1,3,1,47.0,68.0,3.0,1,2.2,HARVEST_PARTS
A09889,Mobile,Noida,4.3,2,1,0,63.0,48.0,5.0,1,0.2,HARVEST_PARTS
A09890,Desktop,Bengaluru,1.9,2,2,0,85.0,,2.0,1,8.0,REDEPLOY
A09891,Desktop,Hyderabad,8.4,2,2,0,58.0,,7.0,1,8.0,RECYCLE
A09892,Laptop,Noida,5.9,1,3,0,56.0,29.0,4.0,1,2.2,HARVEST_PARTS
A09893,Network,Mumbai,2.3,1,3,0,79.0,,0.0,1,4.0,REDEPLOY
A09894,Desktop,Gurugram,1.9,1,3,1,52.0,,1.0,1,8.0,REFURBISH_RESELL
A09895,Server,Bengaluru,3.2,2,4,0,74.0,,2.0,1,25.0,REDEPLOY
A09896,Monitor,Noida,3.4,1,3,0,75.0,,3.0,1,5.0,REFURBISH_RESELL
A09897,Monitor,Pune,4.0,1,3,0,83.0,,3.0,1,5.0,REDEPLOY
A09898,Monitor,Mumbai,6.7,3,2,1,38.0,,5.0,1,5.0,RECYCLE
A09899,Mobile,Bengaluru,6.9,3,2,1,20.0,46.0,7.0,1,0.2,RECYCLE
A09900,Laptop,Kolkata,5.8,1,3,0,68.0,48.0,4.0,1,2.2,HARVEST_PARTS
A09901,Laptop,Hyderabad,1.3,2,3,1,82.0,87.0,2.0,1,2.2,REFURBISH_RESELL
A09902,Monitor,Noida,7.9,1,2,0,55.0,,6.0,1,5.0,HARVEST_PARTS
A09903,Desktop,Pune,6.2,2,4,1,51.0,,6.0,1,8.0,RECYCLE
A09904,Desktop,Bengaluru,5.2,1,3,0,71.0,,4.0,0,8.0,HARVEST_PARTS
A09905,Monitor,Hyderabad,3.5,1,1,1,45.0,,3.0,0,5.0,HARVEST_PARTS
A09906,Desktop,Mumbai,5.0,2,2,0,73.0,,6.0,1,8.0,HARVEST_PARTS
A09907,Monitor,Kolkata,1.7,1,1,0,85.0,,1.0,1,5.0,REDEPLOY
A09908,Laptop,Noida,4.9,2,2,1,24.0,50.0,5.0,1,2.2,RECYCLE
A09909,Network,Gurugram,6.1,1,2,0,72.0,,5.0,1,4.0,RECYCLE
A09910,Laptop,Kolkata,4.5,1,4,0,77.0,64.0,3.0,1,2.2,REFURBISH_RESELL
A09911,Monitor,Hyderabad,3.5,3,3,0,84.0,,3.0,1,5.0,REFURBISH_RESELL
A09912,Network,Chennai,7.0,1,3,1,35.0,,7.0,1,4.0,RECYCLE
A09913,Laptop,Pune,10.0,1,3,1,5.0,5.0,8.0,1,2.2,RECYCLE
A09914,Laptop,Hyderabad,5.1,1,2,0,76.0,45.0,5.0,1,2.2,REFURBISH_RESELL
A09915,Laptop,Noida,0.9,1,3,0,93.0,90.0,1.0,1,2.2,REDEPLOY
A09916,Desktop,Bengaluru,6.0,2,4,0,65.0,,5.0,1,8.0,REFURBISH_RESELL
A09917,Laptop,Bengaluru,3.9,1,3,0,75.0,63.0,4.0,1,2.2,HARVEST_PARTS
A09918,Laptop,Pune,3.2,3,2,0,76.0,69.0,3.0,1,2.2,HARVEST_PARTS
A09919,Network,Bengaluru,6.2,1,3,0,74.0,,6.0,1,4.0,REFURBISH_RESELL
A09920,Laptop,Pune,9.0,1,4,0,24.0,26.0,8.0,1,2.2,RECYCLE
A09921,Desktop,Pune,2.8,1,3,0,87.0,,3.0,1,8.0,REDEPLOY
A09922,Desktop,Hyderabad,2.3,1,4,0,85.0,,2.0,1,8.0,REDEPLOY
A09923,Laptop,Gurugram,3.0,1,4,0,74.0,78.0,3.0,1,2.2,REDEPLOY
A09924,Laptop,Mumbai,2.7,1,3,0,76.0,70.0,4.0,1,2.2,REFURBISH_RESELL
A09925,Mobile,Kolkata,7.2,1,2,0,44.0,9.0,4.0,1,0.2,RECYCLE
A09926,Monitor,Gurugram,6.9,2,4,0,50.0,,5.0,1,5.0,HARVEST_PARTS
A09927,Laptop,Noida,3.0,3,4,0,80.0,74.0,2.0,1,2.2,REDEPLOY
A09928,Monitor,Gurugram,4.4,1,4,0,79.0,,3.0,1,5.0,REDEPLOY
A09929,Desktop,Mumbai,2.3,1,2,0,85.0,,1.0,1,8.0,REDEPLOY
A09930,Laptop,Bengaluru,3.8,2,4,1,43.0,56.0,4.0,1,2.2,RECYCLE
A09931,Monitor,Bengaluru,2.3,1,3,1,45.0,,3.0,0,5.0,HARVEST_PARTS
A09932,Desktop,Gurugram,3.5,1,4,1,53.0,,3.0,1,8.0,HARVEST_PARTS
A09933,Laptop,Mumbai,2.3,3,2,0,84.0,72.0,3.0,1,2.2,REDEPLOY
A09934,Network,Bengaluru,7.0,1,4,1,17.0,,8.0,1,4.0,RECYCLE
A09935,Laptop,Gurugram,4.5,1,3,1,47.0,62.0,5.0,1,2.2,RECYCLE
A09936,Laptop,Hyderabad,4.8,1,3,0,67.0,65.0,4.0,1,2.2,REFURBISH_RESELL
A09937,Laptop,Bengaluru,2.8,1,3,0,81.0,74.0,1.0,1,2.2,REDEPLOY
A09938,Monitor,Hyderabad,3.3,3,4,0,86.0,,3.0,1,5.0,REDEPLOY
A09939,Monitor,Noida,4.3,1,4,0,68.0,,4.0,1,5.0,REDEPLOY
A09940,Mobile,Gurugram,9.0,1,3,0,45.0,18.0,8.0,1,0.2,RECYCLE
A09941,Laptop,Hyderabad,4.1,1,1,1,45.0,52.0,5.0,1,2.2,RECYCLE
A09942,Monitor,Noida,7.6,2,2,1,55.0,,9.0,1,5.0,RECYCLE
A09943,Desktop,Noida,3.4,1,1,0,80.0,,4.0,1,8.0,REFURBISH_RESELL
A09944,Laptop,Bengaluru,4.2,1,3,0,81.0,54.0,4.0,1,2.2,REFURBISH_RESELL
A09945,Laptop,Chennai,6.7,1,3,0,49.0,52.0,6.0,1,2.2,RECYCLE
A09946,Server,Gurugram,5.7,1,2,0,55.0,,4.0,1,25.0,HARVEST_PARTS
A09947,Laptop,Mumbai,2.7,3,3,0,87.0,81.0,3.0,1,2.2,REDEPLOY
A09948,Monitor,Hyderabad,4.9,1,4,0,78.0,,4.0,1,5.0,REFURBISH_RESELL
A09949,Desktop,Gurugram,5.0,1,4,0,56.0,,4.0,1,8.0,REFURBISH_RESELL
A09950,Laptop,Gurugram,5.4,3,1,0,66.0,60.0,4.0,1,2.2,RECYCLE
A09951,Mobile,Hyderabad,2.8,3,2,0,78.0,68.0,3.0,1,0.2,REFURBISH_RESELL
A09952,Server,Bengaluru,2.1,1,4,1,68.0,,1.0,1,25.0,REFURBISH_RESELL
A09953,Desktop,Pune,7.8,1,2,1,37.0,,8.0,1,8.0,RECYCLE
A09954,Monitor,Pune,10.0,3,2,1,9.0,,8.0,1,5.0,RECYCLE
A09955,Desktop,Kolkata,5.3,1,3,0,59.0,,6.0,1,8.0,HARVEST_PARTS
A09956,Monitor,Chennai,3.3,1,4,0,78.0,,2.0,1,5.0,REDEPLOY
A09957,Laptop,Pune,7.2,1,2,0,41.0,45.0,5.0,1,2.2,RECYCLE
A09958,Laptop,Bengaluru,2.5,2,4,0,90.0,69.0,3.0,1,2.2,REDEPLOY
A09959,Laptop,Noida,2.6,1,4,0,82.0,72.0,3.0,1,2.2,REDEPLOY
A09960,Desktop,Pune,8.1,1,3,0,50.0,,7.0,1,8.0,HARVEST_PARTS
A09961,Desktop,Bengaluru,9.8,2,4,0,53.0,,9.0,1,8.0,RECYCLE
A09962,Laptop,Mumbai,3.1,2,2,0,82.0,77.0,3.0,1,2.2,REFURBISH_RESELL
A09963,Mobile,Noida,2.8,1,4,0,82.0,77.0,2.0,1,0.2,REDEPLOY
A09964,Laptop,Kolkata,4.1,1,2,0,76.0,47.0,3.0,1,2.2,HARVEST_PARTS
A09965,Laptop,Bengaluru,2.4,2,3,0,79.0,74.0,1.0,1,2.2,REDEPLOY
A09966,Laptop,Kolkata,1.9,1,3,0,89.0,86.0,2.0,1,2.2,REDEPLOY
A09967,Monitor,Noida,2.0,2,4,1,48.0,,2.0,0,5.0,HARVEST_PARTS
A09968,Laptop,Bengaluru,4.8,1,4,0,67.0,49.0,5.0,1,2.2,HARVEST_PARTS
A09969,Desktop,Hyderabad,4.0,2,4,1,55.0,,3.0,1,8.0,RECYCLE
A09970,Monitor,Gurugram,6.7,1,3,0,53.0,,7.0,1,5.0,HARVEST_PARTS
A09971,Laptop,Gurugram,8.1,1,4,0,36.0,8.0,9.0,1,2.2,RECYCLE
A09972,Mobile,Pune,5.2,1,3,1,54.0,45.0,5.0,1,0.2,RECYCLE
A09973,Laptop,Bengaluru,2.4,1,3,0,89.0,81.0,1.0,1,2.2,REDEPLOY
A09974,Monitor,Bengaluru,1.4,2,2,0,90.0,,0.0,1,5.0,REDEPLOY
A09975,Laptop,Pune,3.4,2,3,0,82.0,71.0,3.0,1,2.2,REFURBISH_RESELL
A09976,Monitor,Hyderabad,3.2,2,3,1,50.0,,1.0,1,5.0,HARVEST_PARTS
A09977,Server,Noida,2.5,2,1,1,69.0,,2.0,1,25.0,HARVEST_PARTS
A09978,Laptop,Noida,5.2,1,3,0,63.0,55.0,5.0,0,2.2,HARVEST_PARTS
A09979,Laptop,Chennai,5.4,2,4,0,59.0,37.0,5.0,1,2.2,HARVEST_PARTS
A09980,Laptop,Hyderabad,4.7,1,4,0,69.0,39.0,3.0,1,2.2,REFURBISH_RESELL
A09981,Laptop,Gurugram,10.0,2,4,0,42.0,25.0,7.0,1,2.2,RECYCLE
A09982,Mobile,Pune,2.0,1,2,0,86.0,76.0,2.0,0,0.2,HARVEST_PARTS
A09983,Desktop,Mumbai,3.5,1,4,1,38.0,,5.0,1,8.0,RECYCLE
A09984,Monitor,Noida,4.1,2,3,0,77.0,,5.0,1,5.0,REDEPLOY
A09985,Mobile,Kolkata,3.3,3,4,0,85.0,72.0,3.0,0,0.2,HARVEST_PARTS
A09986,Server,Hyderabad,3.1,1,3,0,79.0,,2.0,1,25.0,REDEPLOY
A09987,Server,Noida,5.8,2,3,0,64.0,,5.0,1,25.0,HARVEST_PARTS
A09988,Laptop,Noida,2.8,1,4,1,42.0,64.0,3.0,0,2.2,HARVEST_PARTS
A09989,Laptop,Kolkata,2.6,1,4,0,84.0,71.0,2.0,1,2.2,REFURBISH_RESELL
A09990,Laptop,Chennai,5.3,1,2,0,63.0,36.0,4.0,1,2.2,HARVEST_PARTS
A09991,Laptop,Hyderabad,5.3,1,2,0,54.0,52.0,5.0,1,2.2,RECYCLE
A09992,Laptop,Noida,1.8,1,1,0,91.0,83.0,3.0,1,2.2,REDEPLOY
A09993,Laptop,Pune,6.8,2,4,0,65.0,18.0,7.0,1,2.2,RECYCLE
A09994,Laptop,Gurugram,9.3,1,3,0,16.0,5.0,10.0,1,2.2,RECYCLE
A09995,Laptop,Chennai,1.5,1,4,0,87.0,87.0,0.0,1,2.2,REDEPLOY
A09996,Laptop,Chennai,5.8,1,3,1,52.0,45.0,5.0,1,2.2,RECYCLE
A09997,Laptop,Mumbai,4.6,1,2,1,45.0,66.0,4.0,1,2.2,RECYCLE
A09998,Laptop,Chennai,4.4,2,4,0,70.0,50.0,4.0,1,2.2,HARVEST_PARTS
A09999,Desktop,Noida,7.0,2,3,0,53.0,,6.0,1,8.0,HARVEST_PARTS
A10000,Monitor,Bengaluru,4.6,1,4,0,65.0,,5.0,0,5.0,HARVEST_PARTS
A10001,Monitor,Bengaluru,4.5,2,4,1,33.0,,6.0,1,5.0,RECYCLE
A10002,Laptop,Chennai,3.2,2,2,1,38.0,77.0,2.0,1,2.2,HARVEST_PARTS
A10003,Laptop,Chennai,7.1,1,4,0,44.0,20.0,6.0,1,2.2,RECYCLE
A10004,Laptop,Gurugram,1.8,1,3,0,90.0,85.0,1.0,1,2.2,REDEPLOY
A10005,Laptop,Hyderabad,6.3,1,2,0,53.0,35.0,5.0,1,2.2,HARVEST_PARTS
A10006,Laptop,Bengaluru,2.8,1,3,0,81.0,73.0,4.0,1,2.2,REDEPLOY
A10007,Mobile,Bengaluru,4.0,1,4,0,65.0,61.0,3.0,1,0.2,REFURBISH_RESELL
A10008,Laptop,Chennai,2.4,1,4,1,68.0,73.0,2.0,1,2.2,HARVEST_PARTS
A10009,Laptop,Noida,3.4,1,3,0,73.0,58.0,5.0,1,2.2,REFURBISH_RESELL
A10010,Monitor,Hyderabad,2.6,1,1,0,88.0,,3.0,1,5.0,REDEPLOY
A10011,Desktop,Noida,3.6,1,1,1,46.0,,4.0,1,8.0,RECYCLE
A10012,Laptop,Kolkata,6.5,3,3,0,70.0,16.0,5.0,1,2.2,RECYCLE
A10013,Laptop,Bengaluru,3.2,3,3,0,76.0,70.0,3.0,1,2.2,REFURBISH_RESELL
A10014,Mobile,Pune,1.7,3,3,0,90.0,81.0,2.0,1,0.2,REDEPLOY
A10015,Laptop,Pune,5.1,2,2,1,34.0,46.0,5.0,1,2.2,RECYCLE
A10016,Monitor,Mumbai,3.0,3,3,0,81.0,,2.0,1,5.0,REDEPLOY
A10017,Monitor,Gurugram,2.6,1,2,0,79.0,,3.0,1,5.0,REDEPLOY
A10018,Laptop,Hyderabad,4.1,1,4,0,81.0,60.0,3.0,1,2.2,REFURBISH_RESELL
A10019,Monitor,Gurugram,1.0,2,2,0,95.0,,-0.0,1,5.0,REDEPLOY
A10020,Laptop,Bengaluru,3.1,1,3,0,81.0,77.0,2.0,1,2.2,REDEPLOY
A10021,Laptop,Kolkata,7.2,1,3,0,59.0,14.0,7.0,1,2.2,RECYCLE
A10022,Laptop,Pune,5.0,2,4,0,78.0,59.0,5.0,1,2.2,HARVEST_PARTS
A10023,Mobile,Kolkata,4.0,3,4,0,75.0,65.0,4.0,1,0.2,HARVEST_PARTS
A10024,Laptop,Gurugram,3.8,1,3,0,74.0,61.0,4.0,1,2.2,HARVEST_PARTS
A10025,Laptop,Hyderabad,6.5,1,1,0,50.0,53.0,5.0,1,2.2,RECYCLE
A10026,Mobile,Noida,3.0,1,3,0,85.0,78.0,2.0,1,0.2,REFURBISH_RESELL
A10027,Laptop,Mumbai,3.5,1,3,1,69.0,60.0,4.0,1,2.2,HARVEST_PARTS
A10028,Network,Noida,1.1,2,4,0,93.0,,2.0,1,4.0,REDEPLOY
A10029,Monitor,Chennai,3.9,1,4,0,68.0,,4.0,1,5.0,REDEPLOY
A10030,Desktop,Gurugram,5.1,1,3,0,70.0,,4.0,1,8.0,HARVEST_PARTS
A10031,Monitor,Pune,3.1,3,1,0,76.0,,4.0,1,5.0,REFURBISH_RESELL
A10032,Monitor,Mumbai,4.8,1,3,1,45.0,,4.0,1,5.0,RECYCLE
A10033,Laptop,Gurugram,3.5,2,4,0,83.0,75.0,5.0,1,2.2,REFURBISH_RESELL
A10034,Mobile,Mumbai,4.9,2,3,1,51.0,43.0,5.0,1,0.2,RECYCLE
A10035,Mobile,Mumbai,4.3,2,3,0,79.0,47.0,4.0,1,0.2,HARVEST_PARTS
A10036,Network,Chennai,2.8,3,2,0,78.0,,4.0,1,4.0,REFURBISH_RESELL
A10037,Monitor,Chennai,3.5,3,3,0,80.0,,2.0,1,5.0,REFURBISH_RESELL
A10038,Desktop,Chennai,3.9,1,1,0,72.0,,4.0,0,8.0,HARVEST_PARTS
A10039,Desktop,Bengaluru,3.8,1,3,1,32.0,,3.0,1,8.0,HARVEST_PARTS
A10040,Laptop,Mumbai,8.1,3,4,0,58.0,25.0,7.0,1,2.2,RECYCLE
A10041,Desktop,Pune,3.8,2,4,0,73.0,,2.0,1,8.0,REFURBISH_RESELL
A10042,Monitor,Mumbai,7.3,1,3,0,51.0,,8.0,1,5.0,HARVEST_PARTS
A10043,Monitor,Noida,2.4,3,2,0,82.0,,3.0,1,5.0,REFURBISH_RESELL
A10044,Laptop,Bengaluru,4.8,2,3,1,50.0,62.0,4.0,1,2.2,RECYCLE
A10045,Desktop,Hyderabad,5.8,1,2,1,53.0,,6.0,1,8.0,RECYCLE
A10046,Monitor,Gurugram,1.8,1,4,0,85.0,,2.0,1,5.0,REDEPLOY
A10047,Laptop,Noida,5.2,3,3,0,72.0,43.0,5.0,1,2.2,HARVEST_PARTS
A10048,Mobile,Bengaluru,1.3,2,4,1,54.0,84.0,0.0,1,0.2,REFURBISH_RESELL
A10049,Monitor,Hyderabad,3.0,3,3,0,78.0,,3.0,1,5.0,REDEPLOY
A10050,Laptop,Mumbai,4.1,2,3,0,80.0,53.0,3.0,1,2.2,HARVEST_PARTS
A10051,Laptop,Bengaluru,8.2,1,1,1,37.0,6.0,8.0,1,2.2,RECYCLE
A10052,Monitor,Bengaluru,5.2,1,3,0,76.0,,5.0,1,5.0,HARVEST_PARTS
A10053,Laptop,Pune,2.9,1,3,0,87.0,78.0,2.0,1,2.2,REDEPLOY
A10054,Server,Gurugram,6.4,1,3,0,46.0,,7.0,1,25.0,HARVEST_PARTS
A10055,Laptop,Pune,1.7,2,2,0,88.0,87.0,3.0,1,2.2,REDEPLOY
A10056,Laptop,Bengaluru,2.1,1,4,0,88.0,83.0,1.0,1,2.2,REDEPLOY
A10057,Laptop,Bengaluru,1.5,1,2,0,90.0,82.0,1.0,1,2.2,REDEPLOY
A10058,Monitor,Mumbai,4.8,3,3,0,66.0,,4.0,1,5.0,REFURBISH_RESELL
A10059,Mobile,Mumbai,3.1,2,3,1,57.0,75.0,3.0,1,0.2,RECYCLE
A10060,Network,Kolkata,4.2,1,1,1,45.0,,3.0,1,4.0,RECYCLE
A10061,Desktop,Hyderabad,2.0,1,2,1,66.0,,2.0,1,8.0,HARVEST_PARTS
A10062,Server,Mumbai,6.8,1,2,0,61.0,,7.0,1,25.0,HARVEST_PARTS
A10063,Laptop,Hyderabad,6.5,2,2,0,64.0,49.0,7.0,1,2.2,RECYCLE
A10064,Desktop,Mumbai,1.8,3,3,0,89.0,,0.0,1,8.0,REDEPLOY
A10065,Mobile,Kolkata,2.3,1,4,0,82.0,72.0,0.0,1,0.2,REDEPLOY
A10066,Laptop,Bengaluru,7.3,1,3,0,44.0,36.0,6.0,1,2.2,RECYCLE
A10067,Mobile,Bengaluru,3.1,2,2,0,78.0,68.0,2.0,1,0.2,REFURBISH_RESELL
A10068,Laptop,Bengaluru,2.1,1,4,0,84.0,81.0,1.0,1,2.2,REDEPLOY
A10069,Laptop,Hyderabad,4.4,2,1,0,79.0,44.0,4.0,1,2.2,HARVEST_PARTS
A10070,Desktop,Mumbai,3.2,1,4,0,85.0,,4.0,1,8.0,REDEPLOY
A10071,Mobile,Noida,2.1,1,3,0,84.0,81.0,2.0,1,0.2,REDEPLOY
A10072,Laptop,Hyderabad,8.3,1,4,0,55.0,15.0,7.0,1,2.2,RECYCLE
A10073,Server,Gurugram,1.4,2,2,0,93.0,,1.0,1,25.0,REDEPLOY
A10074,Laptop,Mumbai,3.7,1,3,1,65.0,72.0,3.0,1,2.2,HARVEST_PARTS
A10075,Monitor,Mumbai,5.9,1,3,0,63.0,,5.0,1,5.0,REFURBISH_RESELL
A10076,Desktop,Hyderabad,7.0,2,4,1,19.0,,6.0,1,8.0,RECYCLE
A10077,Laptop,Noida,5.3,1,3,0,71.0,53.0,4.0,1,2.2,HARVEST_PARTS
A10078,Monitor,Noida,6.0,1,3,0,65.0,,6.0,1,5.0,HARVEST_PARTS
A10079,Monitor,Bengaluru,5.6,1,4,0,51.0,,6.0,1,5.0,HARVEST_PARTS
A10080,Desktop,Hyderabad,4.1,1,4,0,78.0,,3.0,1,8.0,REFURBISH_RESELL
A10081,Laptop,Hyderabad,2.6,1,2,0,84.0,71.0,2.0,1,2.2,REDEPLOY
A10082,Laptop,Noida,3.3,1,3,0,81.0,72.0,2.0,1,2.2,REFURBISH_RESELL
A10083,Mobile,Bengaluru,2.3,1,4,1,72.0,74.0,3.0,1,0.2,HARVEST_PARTS
A10084,Monitor,Gurugram,4.3,3,4,0,65.0,,4.0,1,5.0,REFURBISH_RESELL
A10085,Server,Bengaluru,2.6,1,3,0,78.0,,2.0,1,25.0,REDEPLOY
A10086,Monitor,Hyderabad,3.7,2,3,0,78.0,,3.0,1,5.0,REFURBISH_RESELL
A10087,Server,Pune,3.5,2,4,0,79.0,,1.0,0,25.0,HARVEST_PARTS
A10088,Laptop,Hyderabad,4.6,1,4,0,68.0,62.0,4.0,1,2.2,HARVEST_PARTS
A10089,Desktop,Gurugram,3.7,1,4,0,69.0,,4.0,1,8.0,REFURBISH_RESELL
A10090,Monitor,Pune,3.9,2,2,1,51.0,,4.0,1,5.0,RECYCLE
A10091,Laptop,Gurugram,1.9,1,2,0,83.0,77.0,1.0,1,2.2,REDEPLOY
A10092,Laptop,Chennai,2.9,1,2,0,77.0,65.0,3.0,1,2.2,REDEPLOY
A10093,Monitor,Bengaluru,0.5,1,3,0,97.0,,1.0,1,5.0,REDEPLOY
A10094,Network,Noida,5.1,1,3,0,64.0,,5.0,1,4.0,HARVEST_PARTS
A10095,Monitor,Kolkata,3.4,1,3,0,70.0,,3.0,1,5.0,REDEPLOY
A10096,Laptop,Gurugram,3.2,1,2,0,84.0,71.0,3.0,1,2.2,REFURBISH_RESELL
A10097,Mobile,Pune,4.3,1,2,0,63.0,64.0,3.0,1,0.2,REFURBISH_RESELL
A10098,Laptop,Pune,4.0,1,1,0,80.0,62.0,4.0,1,2.2,REFURBISH_RESELL
A10099,Laptop,Bengaluru,4.3,2,1,1,29.0,48.0,4.0,1,2.2,RECYCLE
A10100,Mobile,Mumbai,4.6,1,2,0,81.0,51.0,3.0,1,0.2,REFURBISH_RESELL
A10101,Monitor,Gurugram,3.7,2,4,0,72.0,,3.0,1,5.0,REDEPLOY
A10102,Mobile,Pune,2.2,2,1,0,91.0,79.0,3.0,1,0.2,REFURBISH_RESELL
A10103,Server,Hyderabad,2.0,1,4,0,87.0,,1.0,1,25.0,REDEPLOY
A10104,Monitor,Hyderabad,2.8,1,4,1,57.0,,3.0,1,5.0,HARVEST_PARTS
A10105,Laptop,Mumbai,7.8,1,2,0,67.0,29.0,8.0,1,2.2,RECYCLE
A10106,Laptop,Hyderabad,3.9,1,3,0,69.0,59.0,4.0,1,2.2,HARVEST_PARTS
A10107,Mobile,Noida,4.9,1,4,0,58.0,50.0,5.0,1,0.2,HARVEST_PARTS
A10108,Network,Mumbai,3.3,2,3,1,63.0,,3.0,1,4.0,HARVEST_PARTS
A10109,Laptop,Kolkata,3.6,2,2,0,70.0,55.0,4.0,1,2.2,REFURBISH_RESELL
A10110,Laptop,Noida,2.6,1,4,0,88.0,73.0,2.0,1,2.2,REDEPLOY
A10111,Laptop,Pune,5.0,3,3,0,65.0,38.0,4.0,1,2.2,HARVEST_PARTS
A10112,Laptop,Kolkata,3.4,3,4,0,78.0,76.0,3.0,1,2.2,REFURBISH_RESELL
A10113,Network,Chennai,5.3,1,3,1,27.0,,3.0,1,4.0,RECYCLE
A10114,Laptop,Hyderabad,1.1,2,4,0,93.0,91.0,1.0,1,2.2,REDEPLOY
A10115,Laptop,Gurugram,5.4,1,2,0,54.0,43.0,5.0,1,2.2,RECYCLE
A10116,Mobile,Gurugram,2.4,2,3,0,79.0,74.0,1.0,1,0.2,REDEPLOY
A10117,Desktop,Hyderabad,2.6,2,3,0,85.0,,4.0,1,8.0,REFURBISH_RESELL
A10118,Desktop,Hyderabad,6.0,1,2,1,20.0,,5.0,1,8.0,RECYCLE
A10119,Laptop,Hyderabad,6.4,1,4,0,46.0,46.0,6.0,1,2.2,RECYCLE
A10120,Laptop,Pune,4.1,2,3,1,42.0,50.0,4.0,1,2.2,RECYCLE
A10121,Laptop,Chennai,6.2,1,3,0,51.0,43.0,5.0,1,2.2,RECYCLE
A10122,Laptop,Mumbai,2.9,2,3,0,88.0,67.0,2.0,0,2.2,HARVEST_PARTS
A10123,Laptop,Bengaluru,3.2,3,2,0,80.0,76.0,2.0,1,2.2,REFURBISH_RESELL
A10124,Laptop,Kolkata,7.1,1,1,0,49.0,48.0,7.0,1,2.2,RECYCLE
A10125,Laptop,Chennai,1.3,1,2,0,92.0,85.0,2.0,1,2.2,REDEPLOY
A10126,Laptop,Hyderabad,5.0,2,1,0,58.0,64.0,6.0,1,2.2,RECYCLE
A10127,Mobile,Pune,3.7,2,4,0,73.0,67.0,4.0,1,0.2,REFURBISH_RESELL
A10128,Laptop,Pune,4.4,1,3,0,71.0,64.0,3.0,1,2.2,REDEPLOY
A10129,Laptop,Bengaluru,4.1,1,2,0,66.0,56.0,4.0,0,2.2,HARVEST_PARTS
A10130,Network,Chennai,0.4,2,2,0,97.0,,0.0,0,4.0,HARVEST_PARTS
A10131,Laptop,Bengaluru,4.3,1,3,0,78.0,63.0,4.0,1,2.2,REFURBISH_RESELL
A10132,Desktop,Bengaluru,3.6,1,4,0,71.0,,2.0,1,8.0,REFURBISH_RESELL
A10133,Server,Bengaluru,4.3,1,3,0,72.0,,3.0,1,25.0,REDEPLOY
A10134,Desktop,Bengaluru,5.0,2,2,0,75.0,,5.0,1,8.0,HARVEST_PARTS
A10135,Laptop,Pune,8.7,3,2,0,23.0,7.0,8.0,1,2.2,RECYCLE
A10136,Monitor,Hyderabad,3.3,2,4,0,80.0,,3.0,1,5.0,REDEPLOY
A10137,Monitor,Bengaluru,3.7,2,4,0,85.0,,3.0,1,5.0,REFURBISH_RESELL
A10138,Laptop,Kolkata,4.2,1,2,0,64.0,50.0,3.0,1,2.2,HARVEST_PARTS
A10139,Laptop,Bengaluru,6.2,2,3,0,71.0,21.0,7.0,1,2.2,RECYCLE
A10140,Laptop,Bengaluru,1.7,2,2,1,52.0,80.0,1.0,1,2.2,HARVEST_PARTS
A10141,Server,Bengaluru,2.3,2,2,0,85.0,,1.0,1,25.0,REDEPLOY
A10142,Laptop,Pune,8.4,2,1,0,34.0,34.0,9.0,1,2.2,RECYCLE
A10143,Laptop,Noida,4.7,1,3,0,79.0,66.0,6.0,1,2.2,REFURBISH_RESELL
A10144,Desktop,Hyderabad,4.6,1,3,0,64.0,,3.0,1,8.0,REFURBISH_RESELL
A10145,Mobile,Chennai,10.0,2,3,0,25.0,5.0,9.0,1,0.2,RECYCLE
A10146,Laptop,Gurugram,4.6,1,4,1,36.0,66.0,7.0,1,2.2,RECYCLE
A10147,Laptop,Kolkata,3.1,1,3,1,42.0,61.0,1.0,0,2.2,HARVEST_PARTS
A10148,Laptop,Bengaluru,1.0,3,3,1,76.0,90.0,1.0,1,2.2,REFURBISH_RESELL
A10149,Monitor,Pune,3.6,3,4,1,45.0,,4.0,1,5.0,HARVEST_PARTS
A10150,Desktop,Noida,4.0,1,3,1,46.0,,3.0,1,8.0,RECYCLE
A10151,Network,Bengaluru,5.7,1,3,1,28.0,,6.0,1,4.0,RECYCLE
A10152,Laptop,Gurugram,5.9,1,2,0,66.0,58.0,6.0,1,2.2,HARVEST_PARTS
A10153,Laptop,Pune,5.0,1,2,0,69.0,56.0,4.0,1,2.2,REFURBISH_RESELL
A10154,Laptop,Pune,6.3,1,2,0,51.0,32.0,5.0,1,2.2,RECYCLE
A10155,Laptop,Pune,4.3,1,2,0,78.0,52.0,3.0,1,2.2,HARVEST_PARTS
A10156,Desktop,Pune,1.7,2,4,0,91.0,,1.0,1,8.0,REDEPLOY
A10157,Monitor,Bengaluru,3.4,1,3,1,51.0,,3.0,1,5.0,HARVEST_PARTS
A10158,Laptop,Bengaluru,3.5,1,4,0,72.0,63.0,5.0,1,2.2,REDEPLOY
A10159,Monitor,Gurugram,4.1,2,3,1,56.0,,3.0,1,5.0,HARVEST_PARTS
A10160,Laptop,Mumbai,6.4,1,2,0,71.0,37.0,6.0,0,2.2,RECYCLE
A10161,Desktop,Noida,3.8,3,1,0,68.0,,5.0,1,8.0,REFURBISH_RESELL
A10162,Laptop,Pune,3.9,1,3,0,66.0,64.0,4.0,1,2.2,REFURBISH_RESELL
A10163,Desktop,Pune,10.0,1,3,1,17.0,,9.0,1,8.0,RECYCLE
A10164,Laptop,Kolkata,2.4,1,4,1,58.0,70.0,2.0,1,2.2,HARVEST_PARTS
A10165,Mobile,Hyderabad,4.5,1,2,0,78.0,54.0,3.0,1,0.2,HARVEST_PARTS
A10166,Mobile,Kolkata,2.9,1,4,0,76.0,74.0,2.0,1,0.2,REDEPLOY
A10167,Server,Bengaluru,4.7,3,3,1,44.0,,6.0,1,25.0,RECYCLE
A10168,Network,Mumbai,6.8,3,3,0,68.0,,6.0,1,4.0,RECYCLE
A10169,Laptop,Hyderabad,5.4,3,4,0,58.0,39.0,6.0,1,2.2,HARVEST_PARTS
A10170,Desktop,Pune,4.5,2,2,0,77.0,,3.0,1,8.0,REFURBISH_RESELL
A10171,Laptop,Chennai,3.9,1,3,0,76.0,51.0,4.0,1,2.2,REFURBISH_RESELL
A10172,Network,Noida,6.3,3,2,1,54.0,,6.0,1,4.0,RECYCLE
A10173,Laptop,Bengaluru,5.6,2,1,1,37.0,54.0,5.0,1,2.2,RECYCLE
A10174,Laptop,Gurugram,3.9,1,3,0,75.0,58.0,3.0,1,2.2,REFURBISH_RESELL
A10175,Monitor,Hyderabad,10.0,2,2,0,19.0,,10.0,1,5.0,RECYCLE
A10176,Laptop,Hyderabad,2.7,2,3,0,81.0,74.0,3.0,1,2.2,REDEPLOY
A10177,Monitor,Noida,10.0,2,3,0,36.0,,10.0,1,5.0,RECYCLE
A10178,Laptop,Hyderabad,6.4,2,2,0,53.0,46.0,6.0,1,2.2,RECYCLE
A10179,Monitor,Hyderabad,2.1,3,2,0,92.0,,1.0,1,5.0,REDEPLOY
A10180,Network,Mumbai,2.9,2,3,0,81.0,,3.0,1,4.0,REFURBISH_RESELL
A10181,Monitor,Hyderabad,4.5,3,2,0,78.0,,3.0,1,5.0,REFURBISH_RESELL
A10182,Laptop,Mumbai,1.8,2,2,0,86.0,80.0,2.0,1,2.2,REDEPLOY
A10183,Laptop,Hyderabad,5.7,1,4,0,53.0,44.0,4.0,1,2.2,HARVEST_PARTS
A10184,Laptop,Hyderabad,3.8,2,3,0,71.0,65.0,3.0,1,2.2,REFURBISH_RESELL
A10185,Laptop,Kolkata,5.8,2,3,0,50.0,49.0,5.0,1,2.2,HARVEST_PARTS
A10186,Desktop,Gurugram,5.4,1,4,0,75.0,,6.0,1,8.0,REFURBISH_RESELL
A10187,Laptop,Mumbai,3.5,2,3,0,82.0,61.0,2.0,0,2.2,HARVEST_PARTS
A10188,Laptop,Gurugram,2.9,1,1,1,64.0,69.0,2.0,1,2.2,HARVEST_PARTS
A10189,Laptop,Bengaluru,1.2,1,2,0,94.0,92.0,1.0,1,2.2,REDEPLOY
A10190,Mobile,Chennai,10.0,2,4,1,12.0,5.0,9.0,0,0.2,RECYCLE
A10191,Laptop,Mumbai,5.3,3,4,0,61.0,42.0,4.0,1,2.2,HARVEST_PARTS
A10192,Laptop,Kolkata,2.2,1,3,0,89.0,76.0,1.0,1,2.2,REDEPLOY
A10193,Desktop,Pune,3.8,2,4,0,77.0,,3.0,1,8.0,REDEPLOY
A10194,Laptop,Mumbai,6.3,1,4,0,49.0,50.0,6.0,1,2.2,HARVEST_PARTS
A10195,Mobile,Pune,4.1,2,2,0,76.0,60.0,2.0,1,0.2,REFURBISH_RESELL
A10196,Laptop,Hyderabad,1.9,2,3,0,86.0,84.0,3.0,1,2.2,REDEPLOY
A10197,Monitor,Gurugram,5.6,3,2,0,51.0,,6.0,1,5.0,RECYCLE
A10198,Monitor,Gurugram,1.9,1,2,0,85.0,,2.0,1,5.0,REDEPLOY
A10199,Server,Noida,6.0,2,4,0,52.0,,6.0,1,25.0,REFURBISH_RESELL
A10200,Monitor,Chennai,4.8,3,1,1,62.0,,4.0,1,5.0,RECYCLE
A10201,Monitor,Hyderabad,3.9,1,1,1,53.0,,3.0,1,5.0,RECYCLE
A10202,Laptop,Gurugram,3.8,1,4,0,71.0,56.0,3.0,1,2.2,REFURBISH_RESELL
A10203,Desktop,Kolkata,3.4,2,4,0,79.0,,3.0,0,8.0,HARVEST_PARTS
A10204,Monitor,Chennai,5.3,1,2,1,30.0,,4.0,1,5.0,RECYCLE
A10205,Desktop,Hyderabad,2.1,2,3,0,88.0,,3.0,1,8.0,REDEPLOY
A10206,Desktop,Mumbai,3.0,1,1,0,85.0,,2.0,1,8.0,REFURBISH_RESELL
A10207,Laptop,Chennai,7.4,1,4,0,52.0,29.0,6.0,1,2.2,HARVEST_PARTS
A10208,Laptop,Hyderabad,9.8,1,2,0,55.0,5.0,9.0,1,2.2,RECYCLE
A10209,Laptop,Hyderabad,3.6,1,3,0,75.0,75.0,3.0,1,2.2,REFURBISH_RESELL
A10210,Laptop,Gurugram,4.2,1,3,0,78.0,51.0,3.0,1,2.2,HARVEST_PARTS
A10211,Laptop,Gurugram,2.3,3,4,0,89.0,72.0,1.0,1,2.2,REDEPLOY
A10212,Laptop,Pune,2.7,2,3,1,53.0,72.0,3.0,1,2.2,HARVEST_PARTS
A10213,Desktop,Bengaluru,1.3,1,3,0,91.0,,4.0,1,8.0,REDEPLOY
A10214,Monitor,Pune,1.7,2,4,0,86.0,,3.0,1,5.0,REDEPLOY
A10215,Desktop,Hyderabad,3.2,1,2,0,83.0,,3.0,1,8.0,REFURBISH_RESELL
A10216,Monitor,Bengaluru,6.1,1,4,1,37.0,,4.0,1,5.0,HARVEST_PARTS
A10217,Laptop,Bengaluru,3.9,1,3,1,53.0,64.0,2.0,1,2.2,HARVEST_PARTS
A10218,Laptop,Bengaluru,7.3,1,4,1,49.0,47.0,7.0,1,2.2,RECYCLE
A10219,Monitor,Gurugram,3.0,1,3,0,88.0,,3.0,1,5.0,REFURBISH_RESELL
A10220,Server,Chennai,6.6,2,4,0,54.0,,6.0,1,25.0,HARVEST_PARTS
A10221,Monitor,Pune,10.0,3,1,1,16.0,,9.0,1,5.0,RECYCLE
A10222,Monitor,Bengaluru,4.7,1,2,0,59.0,,4.0,1,5.0,REFURBISH_RESELL
A10223,Monitor,Bengaluru,1.2,1,1,0,92.0,,1.0,1,5.0,REDEPLOY
A10224,Monitor,Gurugram,1.2,2,4,0,94.0,,2.0,0,5.0,HARVEST_PARTS
A10225,Monitor,Noida,1.7,2,3,0,87.0,,3.0,1,5.0,REDEPLOY
A10226,Monitor,Bengaluru,2.6,1,2,1,78.0,,4.0,1,5.0,HARVEST_PARTS
A10227,Laptop,Bengaluru,5.9,2,1,0,56.0,47.0,6.0,1,2.2,RECYCLE
A10228,Laptop,Gurugram,3.2,3,3,0,74.0,71.0,3.0,1,2.2,REFURBISH_RESELL
A10229,Laptop,Gurugram,6.6,1,1,1,47.0,31.0,6.0,1,2.2,RECYCLE
A10230,Desktop,Gurugram,2.9,1,4,0,84.0,,4.0,1,8.0,REDEPLOY
A10231,Monitor,Mumbai,10.0,2,4,1,23.0,,10.0,1,5.0,RECYCLE
A10232,Laptop,Kolkata,7.5,1,3,0,63.0,16.0,8.0,1,2.2,RECYCLE
A10233,Laptop,Hyderabad,3.1,1,3,1,73.0,78.0,2.0,1,2.2,HARVEST_PARTS
A10234,Monitor,Chennai,2.5,2,1,1,48.0,,3.0,1,5.0,HARVEST_PARTS
A10235,Laptop,Pune,7.5,2,4,0,53.0,40.0,6.0,1,2.2,HARVEST_PARTS
A10236,Server,Gurugram,2.2,2,3,1,55.0,,3.0,1,25.0,HARVEST_PARTS
A10237,Laptop,Bengaluru,2.9,2,3,0,87.0,66.0,4.0,1,2.2,REDEPLOY
A10238,Laptop,Kolkata,2.1,1,2,1,63.0,80.0,3.0,1,2.2,HARVEST_PARTS
A10239,Laptop,Pune,4.4,2,4,0,78.0,68.0,4.0,1,2.2,REDEPLOY
A10240,Laptop,Bengaluru,6.8,3,2,0,47.0,36.0,5.0,1,2.2,RECYCLE
A10241,Laptop,Kolkata,3.1,2,1,0,73.0,72.0,3.0,1,2.2,REFURBISH_RESELL
A10242,Laptop,Mumbai,6.2,1,3,0,62.0,48.0,6.0,1,2.2,RECYCLE
A10243,Laptop,Kolkata,4.6,2,4,0,61.0,60.0,3.0,1,2.2,HARVEST_PARTS
A10244,Laptop,Hyderabad,2.1,2,4,0,83.0,83.0,0.0,1,2.2,REDEPLOY
A10245,Monitor,Pune,3.0,1,4,0,83.0,,4.0,1,5.0,REDEPLOY
A10246,Laptop,Bengaluru,1.7,1,4,0,92.0,82.0,1.0,1,2.2,REDEPLOY
A10247,Laptop,Gurugram,2.1,1,3,0,81.0,84.0,2.0,1,2.2,REDEPLOY
A10248,Laptop,Pune,8.6,1,3,0,31.0,5.0,8.0,0,2.2,RECYCLE
A10249,Mobile,Mumbai,4.2,1,4,0,68.0,63.0,3.0,1,0.2,REFURBISH_RESELL
A10250,Monitor,Noida,3.9,1,2,0,76.0,,3.0,1,5.0,REFURBISH_RESELL
A10251,Mobile,Mumbai,4.1,1,3,0,79.0,51.0,5.0,1,0.2,REFURBISH_RESELL
A10252,Mobile,Bengaluru,2.4,1,3,0,86.0,75.0,1.0,1,0.2,REDEPLOY
A10253,Laptop,Hyderabad,3.2,2,2,0,80.0,74.0,4.0,1,2.2,REFURBISH_RESELL
A10254,Monitor,Chennai,4.7,2,2,0,66.0,,4.0,1,5.0,REDEPLOY
A10255,Laptop,Hyderabad,1.5,2,3,0,93.0,84.0,1.0,1,2.2,REDEPLOY
A10256,Network,Chennai,1.1,2,4,0,92.0,,1.0,1,4.0,REDEPLOY
A10257,Laptop,Pune,2.9,1,3,1,63.0,74.0,2.0,0,2.2,HARVEST_PARTS
A10258,Laptop,Pune,2.6,2,3,0,77.0,75.0,2.0,1,2.2,REDEPLOY
A10259,Mobile,Gurugram,7.1,2,4,1,24.0,27.0,7.0,1,0.2,RECYCLE
A10260,Server,Gurugram,2.4,2,1,0,79.0,,3.0,1,25.0,REFURBISH_RESELL
A10261,Mobile,Bengaluru,4.8,2,4,0,79.0,51.0,4.0,1,0.2,REDEPLOY
A10262,Laptop,Gurugram,2.6,1,2,0,78.0,71.0,3.0,1,2.2,REDEPLOY
A10263,Laptop,Noida,4.6,2,1,0,63.0,57.0,6.0,1,2.2,HARVEST_PARTS
A10264,Laptop,Hyderabad,4.2,2,4,0,71.0,57.0,3.0,1,2.2,REFURBISH_RESELL
A10265,Laptop,Chennai,7.9,1,3,0,54.0,9.0,6.0,1,2.2,RECYCLE
A10266,Desktop,Pune,2.3,1,4,0,89.0,,1.0,1,8.0,REDEPLOY
A10267,Laptop,Noida,2.3,1,2,0,90.0,82.0,3.0,1,2.2,REDEPLOY
A10268,Monitor,Gurugram,10.0,1,2,0,42.0,,9.0,1,5.0,RECYCLE
A10269,Laptop,Noida,6.7,3,2,1,44.0,36.0,6.0,0,2.2,RECYCLE
A10270,Monitor,Bengaluru,3.0,2,4,0,77.0,,3.0,1,5.0,REDEPLOY
A10271,Network,Noida,2.4,1,2,1,66.0,,3.0,1,4.0,RECYCLE
A10272,Monitor,Hyderabad,2.2,1,3,0,88.0,,2.0,1,5.0,REDEPLOY
A10273,Laptop,Noida,6.6,2,3,0,68.0,18.0,7.0,1,2.2,HARVEST_PARTS
A10274,Laptop,Pune,2.7,2,2,0,76.0,68.0,2.0,1,2.2,REFURBISH_RESELL
A10275,Laptop,Noida,2.5,1,2,0,88.0,68.0,1.0,1,2.2,REDEPLOY
A10276,Monitor,Gurugram,2.4,1,2,0,84.0,,3.0,1,5.0,REDEPLOY
A10277,Desktop,Bengaluru,5.1,3,4,0,70.0,,4.0,1,8.0,REFURBISH_RESELL
A10278,Laptop,Mumbai,3.4,1,4,0,77.0,59.0,2.0,1,2.2,REDEPLOY
A10279,Mobile,Chennai,6.7,1,4,0,73.0,19.0,4.0,1,0.2,HARVEST_PARTS
A10280,Monitor,Hyderabad,9.5,1,4,0,21.0,,7.0,1,5.0,RECYCLE
A10281,Server,Noida,4.2,2,2,1,55.0,,3.0,1,25.0,HARVEST_PARTS
A10282,Laptop,Bengaluru,4.4,2,3,0,77.0,61.0,4.0,0,2.2,HARVEST_PARTS
A10283,Mobile,Noida,3.3,1,4,0,82.0,76.0,3.0,1,0.2,REDEPLOY
A10284,Laptop,Pune,4.1,1,4,0,64.0,61.0,2.0,1,2.2,REDEPLOY
A10285,Laptop,Hyderabad,1.3,3,4,0,92.0,90.0,1.0,1,2.2,REDEPLOY
A10286,Network,Gurugram,4.7,1,3,0,70.0,,4.0,1,4.0,REFURBISH_RESELL
A10287,Network,Mumbai,6.0,1,4,0,50.0,,6.0,1,4.0,HARVEST_PARTS
A10288,Desktop,Bengaluru,2.1,1,3,0,81.0,,3.0,1,8.0,REDEPLOY
A10289,Laptop,Hyderabad,8.7,1,4,0,23.0,5.0,9.0,1,2.2,RECYCLE
A10290,Laptop,Hyderabad,2.9,3,4,0,86.0,64.0,4.0,1,2.2,REDEPLOY
A10291,Monitor,Mumbai,7.5,1,3,1,27.0,,6.0,1,5.0,RECYCLE
A10292,Server,Hyderabad,5.3,1,3,0,63.0,,5.0,1,25.0,REFURBISH_RESELL
A10293,Laptop,Hyderabad,2.0,1,3,0,84.0,81.0,2.0,1,2.2,REDEPLOY
A10294,Laptop,Bengaluru,6.5,1,1,1,35.0,48.0,6.0,1,2.2,RECYCLE
A10295,Monitor,Noida,3.9,1,4,1,38.0,,3.0,1,5.0,HARVEST_PARTS
A10296,Monitor,Bengaluru,4.9,3,2,1,60.0,,6.0,1,5.0,RECYCLE
A10297,Laptop,Pune,3.4,1,1,0,74.0,59.0,4.0,1,2.2,REFURBISH_RESELL
A10298,Desktop,Gurugram,3.6,1,1,0,74.0,,3.0,1,8.0,REFURBISH_RESELL
A10299,Mobile,Hyderabad,1.5,1,2,1,63.0,82.0,1.0,1,0.2,REFURBISH_RESELL
A10300,Laptop,Gurugram,5.1,3,2,0,65.0,52.0,4.0,1,2.2,RECYCLE
A10301,Desktop,Noida,3.8,3,4,0,67.0,,4.0,1,8.0,REFURBISH_RESELL
A10302,Monitor,Pune,4.5,3,4,0,60.0,,4.0,1,5.0,REFURBISH_RESELL
A10303,Desktop,Mumbai,5.0,1,3,0,79.0,,4.0,1,8.0,HARVEST_PARTS
A10304,Network,Noida,4.8,2,3,0,80.0,,3.0,1,4.0,HARVEST_PARTS
A10305,Monitor,Noida,5.2,2,2,0,54.0,,6.0,1,5.0,RECYCLE
A10306,Desktop,Noida,1.4,1,4,0,90.0,,1.0,1,8.0,REDEPLOY
A10307,Laptop,Bengaluru,3.4,2,4,0,82.0,68.0,4.0,1,2.2,REFURBISH_RESELL
A10308,Monitor,Hyderabad,2.0,2,3,0,88.0,,2.0,1,5.0,REDEPLOY
A10309,Laptop,Bengaluru,0.8,2,3,0,95.0,94.0,2.0,1,2.2,REDEPLOY
A10310,Laptop,Kolkata,4.8,1,3,0,78.0,38.0,3.0,1,2.2,REFURBISH_RESELL
A10311,Desktop,Hyderabad,9.4,1,4,0,20.0,,10.0,1,8.0,RECYCLE
A10312,Desktop,Pune,0.9,2,2,0,95.0,,2.0,1,8.0,REFURBISH_RESELL
A10313,Mobile,Bengaluru,5.1,1,2,0,66.0,38.0,4.0,1,0.2,HARVEST_PARTS
A10314,Monitor,Hyderabad,3.2,1,4,0,73.0,,4.0,1,5.0,REDEPLOY
A10315,Server,Pune,3.6,2,2,1,49.0,,2.0,1,25.0,HARVEST_PARTS
A10316,Laptop,Hyderabad,5.0,1,4,1,48.0,60.0,4.0,1,2.2,RECYCLE
A10317,Desktop,Noida,4.7,1,3,0,77.0,,3.0,1,8.0,HARVEST_PARTS
A10318,Mobile,Bengaluru,3.4,1,3,0,84.0,64.0,3.0,1,0.2,REDEPLOY
A10319,Laptop,Noida,2.9,1,3,0,85.0,72.0,2.0,1,2.2,REDEPLOY
A10320,Server,Noida,4.7,1,3,0,74.0,,4.0,1,25.0,REFURBISH_RESELL
A10321,Desktop,Hyderabad,1.1,2,3,0,92.0,,0.0,1,8.0,REDEPLOY
A10322,Laptop,Gurugram,5.0,2,2,1,57.0,61.0,5.0,1,2.2,RECYCLE
A10323,Desktop,Noida,3.2,1,3,0,84.0,,3.0,1,8.0,REDEPLOY
A10324,Laptop,Noida,7.2,2,3,0,58.0,42.0,7.0,1,2.2,RECYCLE
A10325,Laptop,Mumbai,3.8,1,3,0,84.0,67.0,3.0,1,2.2,REDEPLOY
A10326,Laptop,Pune,7.0,1,1,1,42.0,20.0,5.0,0,2.2,RECYCLE
A10327,Laptop,Pune,2.3,2,2,0,85.0,81.0,1.0,1,2.2,REFURBISH_RESELL
A10328,Laptop,Hyderabad,2.2,3,2,0,85.0,78.0,2.0,1,2.2,REFURBISH_RESELL
A10329,Network,Mumbai,2.6,1,3,0,81.0,,2.0,1,4.0,REFURBISH_RESELL
A10330,Laptop,Gurugram,7.8,2,4,0,53.0,16.0,8.0,1,2.2,RECYCLE
A10331,Server,Chennai,3.7,1,4,0,75.0,,5.0,1,25.0,REDEPLOY
A10332,Desktop,Noida,2.8,2,2,0,77.0,,3.0,1,8.0,REFURBISH_RESELL
A10333,Laptop,Bengaluru,4.6,2,2,1,52.0,46.0,6.0,1,2.2,RECYCLE
A10334,Laptop,Mumbai,2.6,1,2,0,82.0,67.0,2.0,1,2.2,REDEPLOY
A10335,Mobile,Bengaluru,4.6,2,3,0,64.0,63.0,5.0,1,0.2,HARVEST_PARTS
A10336,Monitor,Hyderabad,3.7,2,4,1,41.0,,4.0,1,5.0,RECYCLE
A10337,Mobile,Bengaluru,2.8,3,3,0,75.0,68.0,3.0,1,0.2,REFURBISH_RESELL
A10338,Laptop,Bengaluru,3.8,1,3,0,72.0,58.0,3.0,1,2.2,REFURBISH_RESELL
A10339,Monitor,Gurugram,3.8,3,3,0,72.0,,3.0,1,5.0,REDEPLOY
A10340,Monitor,Pune,5.7,2,3,0,55.0,,5.0,1,5.0,HARVEST_PARTS
A10341,Mobile,Mumbai,1.9,1,3,0,92.0,75.0,1.0,1,0.2,REDEPLOY
A10342,Laptop,Mumbai,3.0,1,3,0,86.0,72.0,3.0,1,2.2,REDEPLOY
A10343,Mobile,Gurugram,4.3,3,4,0,70.0,45.0,2.0,1,0.2,HARVEST_PARTS
A10344,Laptop,Hyderabad,2.5,2,3,0,82.0,82.0,3.0,1,2.2,REFURBISH_RESELL
A10345,Server,Bengaluru,3.5,1,4,0,70.0,,3.0,0,25.0,HARVEST_PARTS
A10346,Desktop,Chennai,2.7,1,3,0,82.0,,2.0,1,8.0,REDEPLOY
A10347,Desktop,Mumbai,3.2,1,4,0,83.0,,3.0,1,8.0,REDEPLOY
A10348,Laptop,Bengaluru,2.2,1,4,0,86.0,74.0,2.0,1,2.2,REDEPLOY
A10349,Server,Hyderabad,9.4,1,1,0,48.0,,9.0,1,25.0,RECYCLE
A10350,Laptop,Gurugram,1.1,2,4,0,92.0,87.0,2.0,1,2.2,REDEPLOY
A10351,Desktop,Mumbai,2.7,1,3,1,56.0,,2.0,1,8.0,HARVEST_PARTS
A10352,Desktop,Chennai,3.8,1,3,0,81.0,,3.0,1,8.0,REFURBISH_RESELL
A10353,Monitor,Mumbai,3.8,1,3,1,48.0,,5.0,0,5.0,HARVEST_PARTS
A10354,Desktop,Hyderabad,6.6,1,2,0,51.0,,5.0,1,8.0,HARVEST_PARTS
A10355,Monitor,Hyderabad,1.9,2,3,0,83.0,,1.0,1,5.0,REDEPLOY
A10356,Desktop,Mumbai,1.5,1,2,0,91.0,,3.0,1,8.0,REDEPLOY
A10357,Monitor,Chennai,2.9,3,4,1,53.0,,2.0,1,5.0,REFURBISH_RESELL
A10358,Monitor,Chennai,3.8,2,4,0,77.0,,4.0,1,5.0,REDEPLOY
A10359,Monitor,Mumbai,3.3,2,3,0,81.0,,4.0,1,5.0,REFURBISH_RESELL
A10360,Server,Noida,5.9,1,3,0,58.0,,4.0,1,25.0,HARVEST_PARTS
A10361,Desktop,Gurugram,2.0,2,4,0,82.0,,3.0,1,8.0,REDEPLOY
A10362,Laptop,Bengaluru,2.8,2,3,0,84.0,68.0,3.0,1,2.2,REFURBISH_RESELL
A10363,Monitor,Pune,4.9,3,3,1,54.0,,3.0,1,5.0,RECYCLE
A10364,Laptop,Pune,3.8,2,2,0,84.0,66.0,3.0,1,2.2,REFURBISH_RESELL
A10365,Laptop,Hyderabad,6.7,3,4,0,52.0,32.0,6.0,1,2.2,HARVEST_PARTS
A10366,Monitor,Bengaluru,3.8,3,4,0,78.0,,4.0,1,5.0,REFURBISH_RESELL
A10367,Laptop,Kolkata,1.9,3,4,0,91.0,84.0,1.0,1,2.2,REDEPLOY
A10368,Desktop,Noida,6.3,2,1,0,55.0,,6.0,1,8.0,RECYCLE
A10369,Mobile,Bengaluru,6.0,1,4,0,56.0,29.0,5.0,1,0.2,HARVEST_PARTS
A10370,Laptop,Bengaluru,4.6,2,4,0,79.0,53.0,3.0,1,2.2,REFURBISH_RESELL
A10371,Laptop,Noida,10.0,3,3,1,5.0,5.0,9.0,1,2.2,RECYCLE
A10372,Laptop,Gurugram,3.9,3,4,0,68.0,62.0,4.0,1,2.2,REFURBISH_RESELL
A10373,Laptop,Gurugram,4.1,3,2,0,72.0,71.0,3.0,1,2.2,HARVEST_PARTS
A10374,Monitor,Mumbai,5.9,1,4,1,16.0,,5.0,1,5.0,RECYCLE
A10375,Monitor,Mumbai,4.4,2,3,1,55.0,,4.0,1,5.0,HARVEST_PARTS
A10376,Desktop,Bengaluru,4.0,1,4,1,53.0,,2.0,1,8.0,HARVEST_PARTS
A10377,Laptop,Gurugram,1.5,2,3,0,93.0,89.0,1.0,1,2.2,REDEPLOY
A10378,Desktop,Chennai,1.8,1,4,0,91.0,,1.0,1,8.0,REDEPLOY
A10379,Laptop,Noida,1.8,1,4,1,47.0,80.0,2.0,1,2.2,REFURBISH_RESELL
A10380,Monitor,Gurugram,3.2,1,2,0,83.0,,3.0,1,5.0,REDEPLOY
A10381,Monitor,Pune,6.9,1,1,1,42.0,,5.0,1,5.0,RECYCLE
A10382,Laptop,Bengaluru,8.5,1,3,0,32.0,5.0,8.0,0,2.2,RECYCLE
A10383,Server,Mumbai,7.3,2,3,0,67.0,,6.0,1,25.0,RECYCLE
A10384,Monitor,Chennai,7.4,1,3,1,32.0,,7.0,1,5.0,RECYCLE
A10385,Laptop,Bengaluru,2.3,2,2,0,82.0,81.0,1.0,1,2.2,REDEPLOY
A10386,Monitor,Gurugram,3.8,1,3,0,84.0,,3.0,1,5.0,REDEPLOY
A10387,Monitor,Chennai,2.2,1,3,0,89.0,,3.0,1,5.0,REDEPLOY
A10388,Laptop,Gurugram,4.5,1,2,0,72.0,57.0,3.0,1,2.2,HARVEST_PARTS
A10389,Laptop,Kolkata,3.2,1,3,0,72.0,73.0,2.0,1,2.2,REFURBISH_RESELL
A10390,Monitor,Gurugram,1.5,2,3,0,90.0,,1.0,1,5.0,REDEPLOY
A10391,Mobile,Pune,4.8,2,4,0,77.0,56.0,5.0,1,0.2,HARVEST_PARTS
A10392,Desktop,Bengaluru,2.6,2,2,0,82.0,,2.0,1,8.0,REFURBISH_RESELL
A10393,Desktop,Bengaluru,3.6,2,3,0,79.0,,2.0,1,8.0,REFURBISH_RESELL
A10394,Monitor,Chennai,2.9,2,3,0,88.0,,1.0,1,5.0,REDEPLOY
A10395,Laptop,Gurugram,5.1,2,3,0,67.0,36.0,6.0,1,2.2,HARVEST_PARTS
A10396,Laptop,Gurugram,4.1,1,3,0,71.0,52.0,4.0,1,2.2,HARVEST_PARTS
A10397,Laptop,Kolkata,3.8,1,3,0,67.0,67.0,2.0,1,2.2,REFURBISH_RESELL
A10398,Mobile,Gurugram,7.2,3,3,0,45.0,13.0,6.0,1,0.2,RECYCLE
A10399,Server,Kolkata,3.0,1,4,0,76.0,,4.0,1,25.0,REDEPLOY
A10400,Mobile,Pune,4.7,3,2,1,40.0,52.0,4.0,1,0.2,RECYCLE
A10401,Laptop,Hyderabad,3.1,3,4,0,83.0,64.0,2.0,0,2.2,HARVEST_PARTS
A10402,Desktop,Mumbai,10.0,1,1,1,13.0,,8.0,1,8.0,RECYCLE
A10403,Desktop,Bengaluru,6.4,3,1,1,5.0,,5.0,1,8.0,RECYCLE
A10404,Laptop,Mumbai,8.3,1,2,0,44.0,12.0,8.0,1,2.2,RECYCLE
A10405,Laptop,Pune,4.1,2,4,0,81.0,52.0,5.0,1,2.2,HARVEST_PARTS
A10406,Monitor,Hyderabad,6.5,2,4,0,43.0,,7.0,1,5.0,HARVEST_PARTS
A10407,Monitor,Bengaluru,2.1,2,3,0,88.0,,2.0,1,5.0,REDEPLOY
A10408,Monitor,Pune,1.9,1,4,0,90.0,,2.0,1,5.0,REDEPLOY
A10409,Laptop,Gurugram,3.4,1,1,0,76.0,73.0,2.0,1,2.2,REFURBISH_RESELL
A10410,Desktop,Pune,4.5,1,3,0,74.0,,4.0,1,8.0,REFURBISH_RESELL
A10411,Laptop,Hyderabad,6.9,1,2,0,58.0,10.0,5.0,1,2.2,HARVEST_PARTS
A10412,Laptop,Noida,3.9,1,1,0,80.0,68.0,4.0,0,2.2,HARVEST_PARTS
A10413,Desktop,Mumbai,3.4,1,1,0,86.0,,3.0,1,8.0,REDEPLOY
A10414,Laptop,Gurugram,5.6,2,4,0,76.0,46.0,5.0,0,2.2,HARVEST_PARTS
A10415,Mobile,Bengaluru,8.0,1,1,0,57.0,22.0,6.0,1,0.2,RECYCLE
A10416,Desktop,Chennai,5.8,1,4,0,65.0,,5.0,1,8.0,REFURBISH_RESELL
A10417,Laptop,Pune,4.8,1,2,0,61.0,60.0,4.0,1,2.2,REFURBISH_RESELL
A10418,Laptop,Gurugram,6.5,3,2,1,48.0,18.0,6.0,1,2.2,RECYCLE
A10419,Monitor,Chennai,6.3,2,4,1,23.0,,6.0,1,5.0,RECYCLE
A10420,Laptop,Mumbai,5.8,1,3,0,50.0,33.0,6.0,1,2.2,RECYCLE
A10421,Laptop,Bengaluru,6.3,1,3,0,62.0,48.0,4.0,1,2.2,HARVEST_PARTS
A10422,Laptop,Chennai,4.5,1,3,0,60.0,45.0,4.0,1,2.2,HARVEST_PARTS
A10423,Laptop,Bengaluru,8.8,1,2,1,16.0,16.0,9.0,0,2.2,RECYCLE
A10424,Monitor,Pune,1.9,2,4,1,52.0,,2.0,1,5.0,REFURBISH_RESELL
A10425,Desktop,Chennai,5.2,1,3,0,72.0,,5.0,1,8.0,REFURBISH_RESELL
A10426,Laptop,Hyderabad,2.7,1,2,0,80.0,67.0,4.0,1,2.2,REFURBISH_RESELL
A10427,Monitor,Bengaluru,4.3,2,4,0,79.0,,3.0,1,5.0,REFURBISH_RESELL
A10428,Laptop,Hyderabad,2.0,2,3,1,56.0,78.0,1.0,1,2.2,REFURBISH_RESELL
A10429,Monitor,Pune,3.2,1,3,0,82.0,,3.0,1,5.0,REDEPLOY
A10430,Laptop,Mumbai,3.4,2,1,0,84.0,64.0,4.0,1,2.2,HARVEST_PARTS
A10431,Monitor,Pune,4.9,3,1,1,30.0,,5.0,0,5.0,RECYCLE
A10432,Laptop,Chennai,3.0,3,2,0,85.0,66.0,4.0,1,2.2,REFURBISH_RESELL
A10433,Desktop,Mumbai,3.5,1,3,0,81.0,,4.0,1,8.0,REDEPLOY
A10434,Laptop,Hyderabad,5.7,1,3,0,66.0,44.0,5.0,1,2.2,HARVEST_PARTS
A10435,Mobile,Bengaluru,7.0,2,3,1,50.0,17.0,7.0,1,0.2,RECYCLE
A10436,Laptop,Pune,3.3,3,2,0,86.0,67.0,4.0,1,2.2,REFURBISH_RESELL
A10437,Mobile,Hyderabad,7.5,2,3,0,56.0,7.0,7.0,1,0.2,RECYCLE
A10438,Mobile,Hyderabad,5.5,3,4,0,72.0,38.0,5.0,1,0.2,HARVEST_PARTS
A10439,Laptop,Mumbai,7.4,2,3,0,46.0,34.0,6.0,1,2.2,HARVEST_PARTS
A10440,Laptop,Gurugram,4.2,1,3,0,83.0,57.0,4.0,1,2.2,REFURBISH_RESELL
A10441,Laptop,Bengaluru,3.5,1,2,0,75.0,64.0,4.0,1,2.2,HARVEST_PARTS
A10442,Mobile,Noida,3.9,3,4,0,74.0,65.0,2.0,1,0.2,REDEPLOY
A10443,Monitor,Noida,4.9,1,3,0,68.0,,5.0,1,5.0,REDEPLOY
A10444,Desktop,Gurugram,4.1,2,4,1,56.0,,3.0,1,8.0,HARVEST_PARTS
A10445,Laptop,Bengaluru,4.2,1,3,0,72.0,53.0,4.0,1,2.2,HARVEST_PARTS
A10446,Server,Kolkata,5.5,1,3,0,64.0,,5.0,1,25.0,HARVEST_PARTS
A10447,Laptop,Pune,3.0,2,3,1,70.0,64.0,3.0,1,2.2,HARVEST_PARTS
A10448,Laptop,Gurugram,4.4,1,2,1,56.0,59.0,5.0,1,2.2,RECYCLE
A10449,Laptop,Bengaluru,2.0,3,2,0,88.0,77.0,-0.0,1,2.2,REDEPLOY
A10450,Desktop,Gurugram,4.0,1,3,0,82.0,,3.0,1,8.0,REFURBISH_RESELL
A10451,Network,Pune,3.3,2,3,1,61.0,,3.0,1,4.0,HARVEST_PARTS
A10452,Monitor,Gurugram,3.4,1,3,0,78.0,,3.0,1,5.0,REDEPLOY
A10453,Laptop,Bengaluru,2.2,1,3,0,83.0,82.0,1.0,1,2.2,REDEPLOY
A10454,Laptop,Hyderabad,3.0,1,2,0,81.0,73.0,3.0,1,2.2,REFURBISH_RESELL
A10455,Monitor,Chennai,4.9,1,2,1,46.0,,3.0,1,5.0,RECYCLE
A10456,Desktop,Pune,2.5,2,2,0,80.0,,3.0,1,8.0,REFURBISH_RESELL
A10457,Laptop,Bengaluru,1.4,1,3,0,92.0,85.0,1.0,1,2.2,REDEPLOY
A10458,Laptop,Kolkata,5.3,1,2,0,66.0,38.0,4.0,1,2.2,RECYCLE
A10459,Monitor,Bengaluru,9.9,3,3,0,44.0,,10.0,1,5.0,RECYCLE
A10460,Mobile,Bengaluru,2.9,2,4,0,87.0,76.0,2.0,1,0.2,REDEPLOY
A10461,Monitor,Chennai,2.1,3,3,1,43.0,,1.0,1,5.0,REFURBISH_RESELL
A10462,Laptop,Bengaluru,8.7,2,3,0,30.0,10.0,8.0,0,2.2,RECYCLE
A10463,Monitor,Pune,1.3,2,2,0,94.0,,2.0,0,5.0,HARVEST_PARTS
A10464,Laptop,Noida,5.1,1,2,0,63.0,63.0,4.0,1,2.2,HARVEST_PARTS
A10465,Network,Pune,2.7,3,2,0,78.0,,1.0,1,4.0,REFURBISH_RESELL
A10466,Laptop,Noida,9.8,1,2,0,59.0,25.0,9.0,1,2.2,RECYCLE
A10467,Laptop,Kolkata,3.7,1,3,0,78.0,70.0,3.0,1,2.2,REDEPLOY
A10468,Desktop,Pune,3.0,1,4,0,84.0,,2.0,1,8.0,REDEPLOY
A10469,Laptop,Gurugram,0.7,1,4,0,96.0,93.0,1.0,1,2.2,REDEPLOY
A10470,Laptop,Pune,5.9,2,4,1,57.0,37.0,6.0,1,2.2,RECYCLE
A10471,Desktop,Pune,5.7,1,4,0,76.0,,5.0,1,8.0,REFURBISH_RESELL
A10472,Monitor,Bengaluru,7.3,1,2,0,70.0,,7.0,1,5.0,HARVEST_PARTS
A10473,Server,Hyderabad,4.5,2,2,1,37.0,,4.0,1,25.0,RECYCLE
A10474,Laptop,Mumbai,3.5,2,3,0,85.0,60.0,3.0,1,2.2,REFURBISH_RESELL
A10475,Laptop,Bengaluru,6.7,3,4,0,66.0,51.0,6.0,1,2.2,RECYCLE
A10476,Desktop,Bengaluru,3.2,2,3,1,64.0,,3.0,1,8.0,HARVEST_PARTS
A10477,Laptop,Pune,1.9,1,2,0,86.0,85.0,3.0,1,2.2,REDEPLOY
A10478,Laptop,Hyderabad,5.0,1,3,0,78.0,48.0,4.0,1,2.2,HARVEST_PARTS
A10479,Network,Hyderabad,6.3,1,4,1,47.0,,5.0,1,4.0,RECYCLE
A10480,Mobile,Bengaluru,1.7,1,2,1,52.0,83.0,2.0,1,0.2,REFURBISH_RESELL
A10481,Laptop,Hyderabad,4.4,3,4,0,77.0,50.0,3.0,1,2.2,REFURBISH_RESELL
A10482,Monitor,Noida,5.9,2,3,0,53.0,,6.0,1,5.0,HARVEST_PARTS
A10483,Monitor,Chennai,3.0,1,1,0,74.0,,1.0,1,5.0,REDEPLOY
A10484,Laptop,Hyderabad,8.7,1,4,0,52.0,19.0,7.0,1,2.2,RECYCLE
A10485,Monitor,Hyderabad,2.9,3,4,0,85.0,,3.0,1,5.0,REDEPLOY
A10486,Laptop,Pune,2.9,1,3,0,83.0,65.0,2.0,1,2.2,REDEPLOY
A10487,Laptop,Hyderabad,3.2,1,4,0,73.0,60.0,3.0,1,2.2,REFURBISH_RESELL
A10488,Mobile,Hyderabad,2.4,1,2,1,48.0,76.0,3.0,1,0.2,HARVEST_PARTS
A10489,Monitor,Kolkata,2.9,1,4,1,51.0,,2.0,1,5.0,REFURBISH_RESELL
A10490,Laptop,Hyderabad,4.3,1,4,0,63.0,62.0,4.0,1,2.2,REDEPLOY
A10491,Desktop,Hyderabad,2.6,2,3,0,87.0,,2.0,1,8.0,REDEPLOY
A10492,Mobile,Hyderabad,5.3,1,2,1,28.0,57.0,4.0,1,0.2,RECYCLE
A10493,Laptop,Bengaluru,1.8,1,3,0,85.0,82.0,2.0,1,2.2,REDEPLOY
A10494,Mobile,Hyderabad,2.6,1,4,0,81.0,74.0,3.0,1,0.2,REDEPLOY
A10495,Network,Mumbai,8.8,1,3,1,33.0,,7.0,1,4.0,RECYCLE
A10496,Laptop,Gurugram,2.8,1,4,0,76.0,78.0,4.0,1,2.2,REDEPLOY
A10497,Monitor,Noida,4.0,1,4,0,83.0,,5.0,1,5.0,REDEPLOY
A10498,Monitor,Hyderabad,4.1,1,3,0,78.0,,4.0,1,5.0,REFURBISH_RESELL
A10499,Monitor,Hyderabad,2.3,1,2,0,90.0,,1.0,1,5.0,REFURBISH_RESELL
A10500,Laptop,Mumbai,2.7,3,2,0,84.0,70.0,2.0,1,2.2,REDEPLOY
A10501,Laptop,Bengaluru,4.8,1,2,0,63.0,62.0,4.0,1,2.2,HARVEST_PARTS
A10502,Laptop,Hyderabad,2.8,2,2,0,83.0,75.0,3.0,1,2.2,REFURBISH_RESELL
A10503,Monitor,Noida,2.7,3,3,0,82.0,,4.0,1,5.0,REDEPLOY
A10504,Monitor,Gurugram,2.7,1,1,0,84.0,,4.0,1,5.0,REDEPLOY
A10505,Monitor,Hyderabad,7.2,1,2,0,70.0,,7.0,1,5.0,HARVEST_PARTS
A10506,Desktop,Mumbai,6.5,1,3,0,72.0,,4.0,1,8.0,HARVEST_PARTS
A10507,Laptop,Chennai,4.3,3,4,0,82.0,64.0,3.0,1,2.2,REFURBISH_RESELL
A10508,Laptop,Pune,3.6,1,2,0,71.0,58.0,2.0,1,2.2,REDEPLOY
A10509,Monitor,Bengaluru,4.2,1,2,0,81.0,,5.0,1,5.0,HARVEST_PARTS
A10510,Desktop,Chennai,4.9,1,3,0,72.0,,4.0,1,8.0,REFURBISH_RESELL
A10511,Monitor,Gurugram,4.9,1,3,0,67.0,,3.0,1,5.0,HARVEST_PARTS
A10512,Laptop,Noida,2.8,2,3,0,81.0,71.0,4.0,1,2.2,REFURBISH_RESELL
A10513,Laptop,Bengaluru,3.3,2,2,1,44.0,69.0,3.0,1,2.2,RECYCLE
A10514,Mobile,Hyderabad,3.1,1,1,0,79.0,72.0,3.0,1,0.2,REFURBISH_RESELL
A10515,Laptop,Bengaluru,4.5,1,3,0,71.0,63.0,4.0,1,2.2,HARVEST_PARTS
A10516,Laptop,Bengaluru,7.1,2,4,0,48.0,39.0,7.0,1,2.2,RECYCLE
A10517,Monitor,Bengaluru,4.0,3,4,0,78.0,,2.0,1,5.0,REDEPLOY
A10518,Desktop,Chennai,4.1,1,2,0,74.0,,3.0,1,8.0,REFURBISH_RESELL
A10519,Mobile,Gurugram,2.6,2,3,0,84.0,70.0,3.0,1,0.2,REFURBISH_RESELL
A10520,Mobile,Hyderabad,1.6,3,2,0,91.0,86.0,1.0,1,0.2,REDEPLOY
A10521,Monitor,Noida,3.2,1,4,0,71.0,,3.0,1,5.0,REDEPLOY
A10522,Laptop,Kolkata,5.4,1,4,0,54.0,36.0,6.0,1,2.2,HARVEST_PARTS
A10523,Desktop,Mumbai,2.6,1,3,0,81.0,,4.0,1,8.0,REDEPLOY
A10524,Network,Bengaluru,1.4,1,3,0,89.0,,2.0,1,4.0,REDEPLOY
A10525,Laptop,Bengaluru,5.0,1,1,0,58.0,54.0,4.0,1,2.2,HARVEST_PARTS
A10526,Mobile,Chennai,4.8,2,4,0,72.0,43.0,5.0,1,0.2,HARVEST_PARTS
A10527,Monitor,Mumbai,2.9,3,2,0,81.0,,2.0,1,5.0,REDEPLOY
A10528,Laptop,Mumbai,2.7,2,1,0,84.0,70.0,3.0,1,2.2,REFURBISH_RESELL
A10529,Desktop,Chennai,3.4,3,2,0,71.0,,4.0,1,8.0,REFURBISH_RESELL
A10530,Monitor,Chennai,3.0,3,1,0,79.0,,2.0,1,5.0,REFURBISH_RESELL
A10531,Laptop,Hyderabad,7.9,2,4,0,46.0,9.0,9.0,1,2.2,RECYCLE
A10532,Laptop,Chennai,3.3,3,2,0,79.0,65.0,4.0,1,2.2,HARVEST_PARTS
A10533,Monitor,Kolkata,4.6,3,3,0,68.0,,4.0,1,5.0,HARVEST_PARTS
A10534,Laptop,Bengaluru,3.6,1,2,0,80.0,56.0,4.0,1,2.2,REFURBISH_RESELL
A10535,Laptop,Bengaluru,4.7,3,2,0,69.0,40.0,4.0,1,2.2,HARVEST_PARTS
A10536,Monitor,Bengaluru,2.9,3,2,0,85.0,,3.0,1,5.0,REDEPLOY
A10537,Monitor,Bengaluru,2.9,1,3,0,85.0,,2.0,1,5.0,REDEPLOY
A10538,Desktop,Kolkata,3.9,2,3,0,81.0,,4.0,1,8.0,REFURBISH_RESELL
A10539,Mobile,Chennai,2.7,1,2,0,87.0,73.0,4.0,1,0.2,REFURBISH_RESELL
A10540,Mobile,Bengaluru,3.2,1,4,0,80.0,63.0,3.0,1,0.2,REDEPLOY
A10541,Desktop,Noida,5.3,2,4,1,37.0,,5.0,1,8.0,RECYCLE
A10542,Laptop,Bengaluru,6.7,1,3,0,62.0,48.0,5.0,1,2.2,RECYCLE
A10543,Monitor,Hyderabad,9.2,2,2,0,41.0,,8.0,1,5.0,RECYCLE
A10544,Laptop,Hyderabad,5.1,1,3,0,76.0,62.0,5.0,1,2.2,REFURBISH_RESELL
A10545,Server,Hyderabad,4.5,1,4,0,74.0,,5.0,1,25.0,REFURBISH_RESELL
A10546,Desktop,Gurugram,2.4,2,1,1,63.0,,2.0,1,8.0,HARVEST_PARTS
A10547,Laptop,Mumbai,6.3,3,4,0,46.0,21.0,6.0,1,2.2,HARVEST_PARTS
A10548,Desktop,Mumbai,7.8,1,2,0,56.0,,7.0,1,8.0,RECYCLE
A10549,Desktop,Chennai,3.2,1,2,0,87.0,,2.0,1,8.0,REFURBISH_RESELL
A10550,Mobile,Gurugram,8.8,1,3,0,35.0,5.0,9.0,1,0.2,RECYCLE
A10551,Laptop,Pune,6.6,1,4,1,10.0,18.0,6.0,1,2.2,RECYCLE
A10552,Mobile,Bengaluru,5.1,1,3,0,54.0,50.0,5.0,1,0.2,HARVEST_PARTS
A10553,Laptop,Chennai,3.6,1,3,1,63.0,73.0,2.0,1,2.2,HARVEST_PARTS
A10554,Monitor,Chennai,2.0,2,4,0,90.0,,3.0,1,5.0,REDEPLOY
A10555,Mobile,Gurugram,7.9,1,3,1,25.0,19.0,7.0,1,0.2,RECYCLE
A10556,Laptop,Bengaluru,1.9,2,4,0,85.0,85.0,1.0,1,2.2,REDEPLOY
A10557,Laptop,Gurugram,8.1,1,1,1,16.0,31.0,7.0,1,2.2,RECYCLE
A10558,Server,Mumbai,8.6,3,3,0,50.0,,7.0,1,25.0,RECYCLE
A10559,Server,Hyderabad,2.4,1,4,0,86.0,,2.0,1,25.0,REDEPLOY
A10560,Laptop,Bengaluru,1.9,1,3,0,88.0,82.0,2.0,1,2.2,REDEPLOY
A10561,Desktop,Pune,3.1,1,3,0,84.0,,2.0,1,8.0,REDEPLOY
A10562,Server,Hyderabad,3.8,1,4,0,77.0,,5.0,1,25.0,REFURBISH_RESELL
A10563,Laptop,Chennai,3.0,3,4,0,76.0,74.0,3.0,1,2.2,REFURBISH_RESELL
A10564,Monitor,Pune,3.1,1,4,0,79.0,,3.0,1,5.0,REDEPLOY
A10565,Laptop,Pune,3.8,1,3,0,80.0,65.0,4.0,1,2.2,REFURBISH_RESELL
A10566,Laptop,Bengaluru,7.8,2,4,1,7.0,9.0,7.0,1,2.2,RECYCLE
A10567,Server,Pune,3.6,1,4,1,67.0,,3.0,1,25.0,REFURBISH_RESELL
A10568,Laptop,Gurugram,5.3,2,2,0,74.0,62.0,5.0,1,2.2,HARVEST_PARTS
A10569,Mobile,Noida,2.1,1,4,0,91.0,82.0,0.0,1,0.2,REDEPLOY
A10570,Desktop,Pune,4.1,2,3,0,66.0,,4.0,1,8.0,REFURBISH_RESELL
A10571,Desktop,Hyderabad,3.2,3,3,0,78.0,,3.0,1,8.0,REFURBISH_RESELL
A10572,Laptop,Mumbai,5.3,1,2,0,78.0,56.0,5.0,1,2.2,HARVEST_PARTS
A10573,Laptop,Pune,2.0,1,3,0,87.0,76.0,1.0,1,2.2,REDEPLOY
A10574,Server,Pune,7.0,2,4,0,62.0,,6.0,1,25.0,HARVEST_PARTS
A10575,Monitor,Bengaluru,3.2,2,3,0,83.0,,5.0,1,5.0,REFURBISH_RESELL
A10576,Monitor,Chennai,2.6,2,2,0,78.0,,0.0,1,5.0,REDEPLOY
A10577,Laptop,Mumbai,8.5,1,4,0,25.0,32.0,8.0,1,2.2,RECYCLE
A10578,Laptop,Gurugram,4.4,1,4,1,43.0,66.0,6.0,1,2.2,HARVEST_PARTS
A10579,Laptop,Pune,3.8,2,2,0,80.0,70.0,2.0,1,2.2,REDEPLOY
A10580,Monitor,Bengaluru,2.0,1,3,0,91.0,,1.0,1,5.0,REDEPLOY
A10581,Laptop,Pune,2.4,1,4,1,58.0,79.0,3.0,1,2.2,HARVEST_PARTS
A10582,Desktop,Hyderabad,2.0,1,3,0,92.0,,1.0,1,8.0,REDEPLOY
A10583,Desktop,Bengaluru,4.0,1,4,0,65.0,,3.0,1,8.0,REFURBISH_RESELL
A10584,Laptop,Gurugram,6.6,2,3,0,68.0,44.0,6.0,1,2.2,HARVEST_PARTS
A10585,Monitor,Noida,4.6,1,2,0,65.0,,2.0,1,5.0,REFURBISH_RESELL
A10586,Monitor,Gurugram,4.1,1,4,0,77.0,,4.0,1,5.0,REFURBISH_RESELL
A10587,Mobile,Noida,3.8,3,3,1,41.0,52.0,4.0,1,0.2,RECYCLE
A10588,Laptop,Mumbai,5.8,2,3,1,22.0,55.0,6.0,1,2.2,RECYCLE
A10589,Desktop,Hyderabad,3.5,2,2,0,81.0,,4.0,1,8.0,REFURBISH_RESELL
A10590,Laptop,Noida,1.8,3,3,1,58.0,85.0,2.0,1,2.2,RECYCLE
A10591,Server,Bengaluru,6.2,2,3,1,30.0,,6.0,1,25.0,RECYCLE
A10592,Monitor,Hyderabad,2.2,1,3,0,91.0,,1.0,1,5.0,REDEPLOY
A10593,Laptop,Noida,1.6,1,3,1,77.0,86.0,1.0,1,2.2,REFURBISH_RESELL
A10594,Server,Chennai,4.5,1,1,0,64.0,,4.0,1,25.0,HARVEST_PARTS
A10595,Desktop,Noida,1.3,1,2,0,92.0,,1.0,1,8.0,REDEPLOY
A10596,Laptop,Gurugram,3.9,1,2,0,75.0,70.0,3.0,1,2.2,REFURBISH_RESELL
A10597,Desktop,Gurugram,4.2,1,1,0,70.0,,3.0,1,8.0,REFURBISH_RESELL
A10598,Laptop,Hyderabad,4.8,1,4,0,73.0,55.0,5.0,1,2.2,REFURBISH_RESELL
A10599,Network,Gurugram,4.6,1,3,0,64.0,,4.0,1,4.0,REDEPLOY
A10600,Monitor,Bengaluru,1.9,1,1,0,92.0,,1.0,1,5.0,REDEPLOY
A10601,Monitor,Hyderabad,5.8,1,2,0,73.0,,6.0,1,5.0,HARVEST_PARTS
A10602,Network,Noida,3.8,2,4,0,67.0,,4.0,1,4.0,REDEPLOY
A10603,Monitor,Gurugram,3.2,3,3,0,73.0,,2.0,1,5.0,REFURBISH_RESELL
A10604,Laptop,Bengaluru,2.0,2,4,0,91.0,77.0,2.0,1,2.2,REDEPLOY
A10605,Laptop,Chennai,6.4,3,2,0,57.0,36.0,6.0,1,2.2,RECYCLE
A10606,Laptop,Pune,6.1,1,3,0,53.0,44.0,5.0,1,2.2,HARVEST_PARTS
A10607,Mobile,Noida,3.0,2,3,0,84.0,68.0,3.0,1,0.2,REFURBISH_RESELL
A10608,Mobile,Mumbai,4.8,1,1,1,49.0,45.0,4.0,1,0.2,RECYCLE
A10609,Monitor,Bengaluru,5.4,1,4,0,61.0,,4.0,1,5.0,REFURBISH_RESELL
A10610,Laptop,Gurugram,3.4,2,1,0,73.0,73.0,3.0,1,2.2,REFURBISH_RESELL
A10611,Laptop,Noida,6.1,2,3,0,53.0,33.0,7.0,1,2.2,RECYCLE
A10612,Network,Mumbai,6.3,1,4,0,69.0,,6.0,1,4.0,REFURBISH_RESELL
A10613,Laptop,Noida,1.5,1,1,0,90.0,86.0,1.0,1,2.2,REDEPLOY
A10614,Desktop,Hyderabad,5.3,2,1,0,73.0,,5.0,1,8.0,REFURBISH_RESELL
A10615,Laptop,Gurugram,3.0,1,1,0,79.0,71.0,3.0,1,2.2,REFURBISH_RESELL
A10616,Laptop,Gurugram,2.5,1,2,0,84.0,73.0,3.0,1,2.2,REFURBISH_RESELL
A10617,Monitor,Gurugram,1.3,1,4,0,91.0,,1.0,1,5.0,REDEPLOY
A10618,Mobile,Bengaluru,4.1,1,4,1,47.0,68.0,3.0,1,0.2,HARVEST_PARTS
A10619,Monitor,Pune,3.4,1,3,0,77.0,,3.0,1,5.0,REDEPLOY
A10620,Desktop,Chennai,2.9,1,4,0,81.0,,3.0,1,8.0,REDEPLOY
A10621,Laptop,Kolkata,5.5,1,1,0,73.0,55.0,3.0,1,2.2,REFURBISH_RESELL
A10622,Mobile,Gurugram,10.0,2,3,0,59.0,5.0,9.0,1,0.2,RECYCLE
A10623,Desktop,Noida,4.9,2,4,0,64.0,,6.0,0,8.0,HARVEST_PARTS
A10624,Desktop,Gurugram,3.3,1,2,0,83.0,,3.0,1,8.0,REFURBISH_RESELL
A10625,Monitor,Pune,6.2,1,3,0,59.0,,3.0,1,5.0,REFURBISH_RESELL
A10626,Laptop,Gurugram,2.3,3,3,0,91.0,74.0,2.0,1,2.2,REFURBISH_RESELL
A10627,Laptop,Gurugram,3.0,3,1,0,84.0,70.0,5.0,0,2.2,HARVEST_PARTS
A10628,Network,Gurugram,4.2,3,3,0,82.0,,3.0,1,4.0,REFURBISH_RESELL
A10629,Monitor,Hyderabad,4.2,2,3,1,39.0,,5.0,1,5.0,RECYCLE
A10630,Laptop,Pune,5.9,3,4,1,37.0,48.0,5.0,1,2.2,RECYCLE
A10631,Laptop,Bengaluru,7.7,1,3,0,45.0,26.0,7.0,1,2.2,RECYCLE
A10632,Mobile,Bengaluru,5.8,1,3,0,72.0,47.0,5.0,1,0.2,HARVEST_PARTS
A10633,Monitor,Hyderabad,7.7,1,2,0,65.0,,6.0,0,5.0,RECYCLE
A10634,Monitor,Noida,7.9,1,4,0,64.0,,6.0,1,5.0,HARVEST_PARTS
A10635,Laptop,Bengaluru,4.5,1,3,0,63.0,48.0,5.0,1,2.2,HARVEST_PARTS
A10636,Mobile,Hyderabad,3.6,2,4,1,47.0,66.0,4.0,1,0.2,HARVEST_PARTS
A10637,Network,Kolkata,5.2,1,1,1,30.0,,5.0,1,4.0,RECYCLE
A10638,Desktop,Chennai,1.6,1,3,0,89.0,,1.0,1,8.0,REDEPLOY
A10639,Laptop,Gurugram,5.9,3,4,0,47.0,37.0,5.0,1,2.2,HARVEST_PARTS
A10640,Monitor,Bengaluru,5.5,2,2,0,71.0,,5.0,1,5.0,REFURBISH_RESELL
A10641,Server,Chennai,2.2,1,2,0,81.0,,2.0,1,25.0,REDEPLOY
A10642,Monitor,Pune,7.3,1,2,0,37.0,,6.0,1,5.0,RECYCLE
A10643,Mobile,Bengaluru,6.4,1,2,0,69.0,51.0,5.0,1,0.2,HARVEST_PARTS
A10644,Monitor,Pune,5.1,1,2,0,54.0,,4.0,1,5.0,HARVEST_PARTS
A10645,Laptop,Mumbai,3.6,1,1,0,79.0,57.0,3.0,1,2.2,HARVEST_PARTS
A10646,Desktop,Gurugram,7.5,2,3,0,64.0,,8.0,1,8.0,RECYCLE
A10647,Server,Bengaluru,1.7,3,3,1,75.0,,3.0,1,25.0,REFURBISH_RESELL
A10648,Laptop,Hyderabad,3.8,1,4,0,83.0,69.0,4.0,0,2.2,HARVEST_PARTS
A10649,Laptop,Noida,5.4,1,2,0,62.0,46.0,5.0,1,2.2,HARVEST_PARTS
A10650,Monitor,Kolkata,6.7,1,1,0,53.0,,5.0,1,5.0,RECYCLE
A10651,Laptop,Gurugram,6.3,2,4,0,64.0,19.0,5.0,1,2.2,HARVEST_PARTS
A10652,Server,Mumbai,2.1,1,3,0,88.0,,2.0,1,25.0,REDEPLOY
A10653,Laptop,Hyderabad,4.8,2,4,0,80.0,57.0,5.0,1,2.2,HARVEST_PARTS
A10654,Laptop,Noida,4.2,1,2,0,69.0,63.0,4.0,1,2.2,REFURBISH_RESELL
A10655,Laptop,Noida,1.5,1,4,0,92.0,86.0,1.0,1,2.2,REDEPLOY
A10656,Monitor,Kolkata,2.1,2,2,0,87.0,,2.0,1,5.0,REDEPLOY
A10657,Monitor,Chennai,1.3,1,3,0,92.0,,2.0,1,5.0,REDEPLOY
A10658,Desktop,Gurugram,1.5,2,4,0,88.0,,2.0,1,8.0,REDEPLOY
A10659,Desktop,Kolkata,2.1,1,1,1,55.0,,2.0,0,8.0,HARVEST_PARTS
A10660,Laptop,Chennai,3.7,2,3,0,67.0,72.0,3.0,1,2.2,REFURBISH_RESELL
A10661,Monitor,Chennai,3.8,3,3,0,73.0,,3.0,1,5.0,REFURBISH_RESELL
A10662,Mobile,Chennai,4.7,1,4,1,55.0,53.0,4.0,1,0.2,HARVEST_PARTS
A10663,Monitor,Mumbai,2.8,2,3,0,77.0,,2.0,1,5.0,REDEPLOY
A10664,Laptop,Hyderabad,6.8,2,4,0,55.0,26.0,5.0,1,2.2,RECYCLE
A10665,Monitor,Pune,6.1,1,3,0,70.0,,5.0,1,5.0,REFURBISH_RESELL
A10666,Laptop,Chennai,4.6,1,3,0,69.0,46.0,4.0,1,2.2,HARVEST_PARTS
A10667,Laptop,Gurugram,8.3,1,4,0,62.0,5.0,8.0,1,2.2,RECYCLE
A10668,Laptop,Pune,4.4,2,1,0,75.0,59.0,4.0,1,2.2,REFURBISH_RESELL
A10669,Laptop,Kolkata,1.8,2,3,0,93.0,81.0,2.0,1,2.2,REDEPLOY
A10670,Laptop,Bengaluru,5.3,1,3,1,39.0,35.0,5.0,1,2.2,RECYCLE
A10671,Monitor,Gurugram,4.1,2,1,0,79.0,,3.0,1,5.0,REFURBISH_RESELL
A10672,Laptop,Kolkata,3.2,2,2,1,62.0,73.0,1.0,1,2.2,HARVEST_PARTS
A10673,Monitor,Noida,3.4,1,2,0,78.0,,2.0,1,5.0,REDEPLOY
A10674,Mobile,Bengaluru,4.9,1,4,1,48.0,47.0,5.0,1,0.2,HARVEST_PARTS
A10675,Desktop,Noida,4.6,1,3,0,68.0,,6.0,1,8.0,REFURBISH_RESELL
A10676,Desktop,Noida,9.1,3,2,1,35.0,,8.0,1,8.0,RECYCLE
A10677,Monitor,Bengaluru,4.3,1,3,0,68.0,,4.0,1,5.0,REFURBISH_RESELL
A10678,Laptop,Mumbai,4.4,1,3,1,48.0,45.0,3.0,1,2.2,RECYCLE
A10679,Laptop,Pune,4.1,1,1,1,55.0,69.0,3.0,1,2.2,RECYCLE
A10680,Desktop,Chennai,10.0,1,3,1,11.0,,9.0,1,8.0,RECYCLE
A10681,Server,Kolkata,4.1,1,2,0,81.0,,5.0,1,25.0,REDEPLOY
A10682,Server,Gurugram,2.2,1,2,0,84.0,,2.0,1,25.0,REDEPLOY
A10683,Server,Pune,3.0,1,2,0,85.0,,1.0,1,25.0,REDEPLOY
A10684,Monitor,Bengaluru,4.8,1,4,0,80.0,,4.0,1,5.0,REFURBISH_RESELL
A10685,Desktop,Bengaluru,1.8,2,2,0,91.0,,1.0,1,8.0,REDEPLOY
A10686,Server,Pune,3.5,2,2,1,42.0,,3.0,1,25.0,HARVEST_PARTS
A10687,Network,Hyderabad,7.1,2,3,0,46.0,,6.0,1,4.0,RECYCLE
A10688,Desktop,Noida,3.4,1,3,1,44.0,,4.0,1,8.0,HARVEST_PARTS
A10689,Mobile,Mumbai,8.0,3,4,0,53.0,11.0,6.0,1,0.2,RECYCLE
A10690,Network,Bengaluru,3.4,1,3,0,79.0,,2.0,1,4.0,REDEPLOY
A10691,Desktop,Pune,6.3,2,2,0,48.0,,7.0,1,8.0,RECYCLE
A10692,Laptop,Pune,4.2,2,1,0,66.0,56.0,3.0,1,2.2,REFURBISH_RESELL
A10693,Laptop,Mumbai,2.2,1,3,0,81.0,75.0,3.0,1,2.2,REDEPLOY
A10694,Monitor,Bengaluru,8.9,1,4,0,29.0,,7.0,1,5.0,RECYCLE
A10695,Laptop,Pune,2.1,2,2,0,87.0,80.0,1.0,1,2.2,REDEPLOY
A10696,Desktop,Pune,3.1,2,1,0,79.0,,3.0,1,8.0,REFURBISH_RESELL
A10697,Monitor,Hyderabad,9.5,3,4,1,5.0,,9.0,1,5.0,RECYCLE
A10698,Network,Pune,4.4,2,4,0,61.0,,3.0,1,4.0,REFURBISH_RESELL
A10699,Server,Gurugram,2.7,3,2,0,79.0,,2.0,1,25.0,REFURBISH_RESELL
A10700,Monitor,Pune,4.1,2,4,0,73.0,,2.0,1,5.0,REDEPLOY
A10701,Laptop,Kolkata,5.2,1,3,0,62.0,48.0,3.0,1,2.2,HARVEST_PARTS
A10702,Laptop,Gurugram,3.4,3,1,0,70.0,59.0,3.0,1,2.2,HARVEST_PARTS
A10703,Monitor,Hyderabad,7.4,2,2,0,63.0,,6.0,1,5.0,HARVEST_PARTS
A10704,Laptop,Pune,2.8,1,4,0,76.0,66.0,4.0,1,2.2,REFURBISH_RESELL
A10705,Desktop,Bengaluru,1.3,2,1,0,93.0,,1.0,1,8.0,REDEPLOY
A10706,Mobile,Bengaluru,6.0,1,2,0,66.0,49.0,4.0,1,0.2,HARVEST_PARTS
A10707,Desktop,Hyderabad,3.7,3,1,1,49.0,,3.0,1,8.0,RECYCLE
A10708,Monitor,Mumbai,6.3,2,3,0,64.0,,5.0,1,5.0,HARVEST_PARTS
A10709,Monitor,Bengaluru,3.3,1,3,0,78.0,,3.0,1,5.0,REFURBISH_RESELL
A10710,Server,Hyderabad,4.8,3,3,0,77.0,,4.0,1,25.0,REFURBISH_RESELL
A10711,Laptop,Pune,3.2,1,3,0,85.0,59.0,3.0,1,2.2,REDEPLOY
A10712,Desktop,Chennai,3.6,1,3,0,80.0,,3.0,1,8.0,REDEPLOY
A10713,Laptop,Hyderabad,1.8,1,3,0,93.0,80.0,3.0,1,2.2,REDEPLOY
A10714,Monitor,Chennai,2.2,1,3,0,84.0,,4.0,1,5.0,REDEPLOY
A10715,Laptop,Noida,4.6,1,3,0,77.0,66.0,4.0,1,2.2,REFURBISH_RESELL
A10716,Desktop,Bengaluru,6.0,2,4,1,23.0,,5.0,1,8.0,RECYCLE
A10717,Monitor,Kolkata,4.8,1,1,1,40.0,,6.0,1,5.0,RECYCLE
A10718,Laptop,Mumbai,2.4,3,2,0,85.0,80.0,1.0,1,2.2,HARVEST_PARTS
A10719,Desktop,Kolkata,5.0,1,3,0,57.0,,6.0,1,8.0,HARVEST_PARTS
A10720,Laptop,Noida,2.5,1,2,0,90.0,78.0,3.0,1,2.2,REDEPLOY
A10721,Laptop,Hyderabad,4.6,1,1,0,65.0,47.0,3.0,1,2.2,HARVEST_PARTS
A10722,Laptop,Noida,2.8,1,3,0,82.0,69.0,2.0,1,2.2,REDEPLOY
A10723,Laptop,Mumbai,3.7,2,2,1,52.0,63.0,5.0,1,2.2,HARVEST_PARTS
A10724,Mobile,Kolkata,2.9,3,4,0,74.0,73.0,3.0,1,0.2,REFURBISH_RESELL
A10725,Mobile,Noida,5.1,1,1,1,47.0,39.0,4.0,0,0.2,RECYCLE
A10726,Monitor,Mumbai,3.2,1,4,0,76.0,,2.0,1,5.0,REDEPLOY
A10727,Monitor,Bengaluru,5.2,1,2,0,61.0,,3.0,1,5.0,HARVEST_PARTS
A10728,Monitor,Mumbai,1.1,2,3,0,93.0,,1.0,1,5.0,REDEPLOY
A10729,Network,Hyderabad,6.1,1,3,0,70.0,,6.0,0,4.0,HARVEST_PARTS
A10730,Desktop,Bengaluru,2.4,1,3,1,70.0,,3.0,1,8.0,HARVEST_PARTS
A10731,Laptop,Pune,7.7,2,3,0,53.0,9.0,7.0,1,2.2,RECYCLE
A10732,Monitor,Noida,3.3,2,1,0,76.0,,3.0,1,5.0,REDEPLOY
A10733,Mobile,Chennai,7.0,1,3,0,53.0,43.0,6.0,1,0.2,RECYCLE
A10734,Laptop,Mumbai,1.5,2,4,0,93.0,85.0,2.0,0,2.2,HARVEST_PARTS
A10735,Desktop,Hyderabad,6.6,2,2,0,72.0,,5.0,1,8.0,HARVEST_PARTS
A10736,Laptop,Pune,2.6,1,4,0,85.0,79.0,1.0,1,2.2,REDEPLOY
A10737,Laptop,Hyderabad,6.5,2,4,0,70.0,44.0,5.0,1,2.2,HARVEST_PARTS
A10738,Monitor,Hyderabad,3.9,1,4,0,82.0,,2.0,1,5.0,REDEPLOY
A10739,Laptop,Mumbai,3.4,1,3,0,75.0,60.0,4.0,1,2.2,REFURBISH_RESELL
A10740,Mobile,Mumbai,7.1,1,2,0,55.0,34.0,6.0,1,0.2,HARVEST_PARTS
A10741,Monitor,Chennai,3.0,2,3,0,78.0,,3.0,1,5.0,REDEPLOY
A10742,Laptop,Pune,8.0,1,4,0,54.0,28.0,8.0,1,2.2,RECYCLE
A10743,Server,Chennai,3.5,2,3,0,84.0,,3.0,1,25.0,REDEPLOY
A10744,Monitor,Kolkata,4.1,1,3,0,82.0,,2.0,1,5.0,REFURBISH_RESELL
A10745,Desktop,Mumbai,4.3,1,2,0,82.0,,3.0,1,8.0,REFURBISH_RESELL
A10746,Desktop,Noida,2.2,3,3,0,82.0,,2.0,1,8.0,REDEPLOY
A10747,Server,Bengaluru,4.7,1,3,0,59.0,,4.0,1,25.0,REDEPLOY
A10748,Laptop,Hyderabad,2.6,2,1,0,88.0,76.0,2.0,1,2.2,REFURBISH_RESELL
A10749,Laptop,Gurugram,2.4,2,4,0,79.0,78.0,2.0,1,2.2,REDEPLOY
A10750,Laptop,Kolkata,2.3,3,1,0,88.0,84.0,2.0,1,2.2,REDEPLOY
A10751,Laptop,Noida,3.3,2,4,0,76.0,70.0,3.0,1,2.2,REFURBISH_RESELL
A10752,Monitor,Gurugram,7.3,2,3,0,57.0,,8.0,1,5.0,HARVEST_PARTS
A10753,Laptop,Noida,2.8,2,4,0,80.0,71.0,3.0,1,2.2,REDEPLOY
A10754,Monitor,Mumbai,4.7,3,2,0,61.0,,4.0,1,5.0,HARVEST_PARTS
A10755,Desktop,Gurugram,7.0,3,3,0,42.0,,7.0,1,8.0,RECYCLE
A10756,Server,Chennai,3.5,1,2,1,35.0,,4.0,1,25.0,RECYCLE
A10757,Desktop,Pune,4.3,2,2,0,77.0,,2.0,1,8.0,REFURBISH_RESELL
A10758,Mobile,Bengaluru,7.5,1,4,0,41.0,21.0,8.0,1,0.2,RECYCLE
A10759,Mobile,Chennai,5.1,1,4,0,71.0,45.0,4.0,1,0.2,REFURBISH_RESELL
A10760,Laptop,Noida,4.8,2,1,0,76.0,45.0,4.0,1,2.2,RECYCLE
A10761,Monitor,Mumbai,3.9,1,3,0,78.0,,3.0,1,5.0,REDEPLOY
A10762,Laptop,Bengaluru,7.9,2,2,0,55.0,38.0,7.0,1,2.2,RECYCLE
A10763,Server,Pune,3.3,1,2,0,78.0,,2.0,1,25.0,REDEPLOY
A10764,Monitor,Pune,3.1,2,2,0,78.0,,3.0,1,5.0,REDEPLOY
A10765,Laptop,Chennai,3.4,1,3,0,80.0,57.0,4.0,1,2.2,REDEPLOY
A10766,Laptop,Gurugram,5.3,1,2,0,57.0,59.0,4.0,1,2.2,HARVEST_PARTS
A10767,Laptop,Pune,4.5,2,1,1,64.0,51.0,3.0,1,2.2,RECYCLE
A10768,Server,Pune,2.5,2,2,0,79.0,,1.0,1,25.0,REFURBISH_RESELL
A10769,Monitor,Noida,5.6,2,1,0,57.0,,6.0,1,5.0,HARVEST_PARTS
A10770,Laptop,Mumbai,5.0,2,4,0,71.0,42.0,4.0,1,2.2,HARVEST_PARTS
A10771,Laptop,Hyderabad,2.8,2,2,0,80.0,74.0,2.0,1,2.2,REDEPLOY
A10772,Laptop,Gurugram,4.7,1,3,0,71.0,41.0,3.0,1,2.2,HARVEST_PARTS
A10773,Desktop,Hyderabad,6.2,1,4,0,72.0,,5.0,1,8.0,HARVEST_PARTS
A10774,Laptop,Noida,3.5,1,3,0,69.0,71.0,2.0,1,2.2,REDEPLOY
A10775,Laptop,Chennai,1.5,1,3,0,91.0,81.0,2.0,1,2.2,REDEPLOY
A10776,Network,Bengaluru,3.8,2,1,0,69.0,,3.0,1,4.0,HARVEST_PARTS
A10777,Desktop,Gurugram,3.4,1,3,1,35.0,,3.0,1,8.0,HARVEST_PARTS
A10778,Monitor,Pune,1.3,1,4,1,62.0,,1.0,1,5.0,REFURBISH_RESELL
A10779,Desktop,Bengaluru,3.1,1,1,0,87.0,,5.0,1,8.0,HARVEST_PARTS
A10780,Desktop,Pune,2.2,2,3,0,82.0,,1.0,1,8.0,REDEPLOY
A10781,Monitor,Mumbai,7.1,3,2,0,55.0,,6.0,1,5.0,RECYCLE
A10782,Laptop,Gurugram,7.1,2,3,1,11.0,40.0,6.0,1,2.2,RECYCLE
A10783,Laptop,Gurugram,4.9,1,3,0,71.0,44.0,3.0,1,2.2,REFURBISH_RESELL
A10784,Mobile,Hyderabad,3.7,1,3,1,63.0,56.0,5.0,1,0.2,HARVEST_PARTS
A10785,Network,Chennai,3.3,1,3,1,70.0,,2.0,1,4.0,HARVEST_PARTS
A10786,Monitor,Mumbai,6.0,1,2,0,54.0,,5.0,1,5.0,HARVEST_PARTS
A10787,Laptop,Kolkata,3.5,2,1,0,69.0,59.0,3.0,1,2.2,HARVEST_PARTS
A10788,Laptop,Kolkata,3.9,3,1,0,78.0,53.0,4.0,1,2.2,HARVEST_PARTS
A10789,Laptop,Hyderabad,4.4,1,4,1,52.0,61.0,7.0,1,2.2,RECYCLE
A10790,Mobile,Bengaluru,7.9,1,4,1,28.0,17.0,7.0,1,0.2,RECYCLE
A10791,Server,Bengaluru,1.6,1,4,0,90.0,,1.0,1,25.0,REDEPLOY
A10792,Desktop,Hyderabad,2.9,2,1,0,84.0,,3.0,1,8.0,REFURBISH_RESELL
A10793,Mobile,Mumbai,1.9,3,4,1,61.0,77.0,2.0,1,0.2,HARVEST_PARTS
A10794,Laptop,Chennai,4.8,1,2,0,79.0,62.0,5.0,0,2.2,HARVEST_PARTS
A10795,Desktop,Noida,1.7,1,1,0,86.0,,2.0,1,8.0,REDEPLOY
A10796,Laptop,Hyderabad,2.6,1,3,0,89.0,76.0,2.0,1,2.2,REDEPLOY
A10797,Laptop,Gurugram,4.2,2,4,0,70.0,57.0,4.0,1,2.2,REFURBISH_RESELL
A10798,Mobile,Bengaluru,5.6,1,4,0,68.0,30.0,6.0,1,0.2,HARVEST_PARTS
A10799,Network,Bengaluru,3.8,1,2,0,72.0,,3.0,1,4.0,REDEPLOY
A10800,Laptop,Gurugram,2.6,2,3,0,81.0,75.0,3.0,0,2.2,HARVEST_PARTS
A10801,Laptop,Hyderabad,3.3,1,3,1,72.0,60.0,3.0,1,2.2,HARVEST_PARTS
A10802,Desktop,Chennai,3.3,1,4,0,81.0,,3.0,1,8.0,REFURBISH_RESELL
A10803,Laptop,Noida,5.9,1,2,1,29.0,54.0,4.0,1,2.2,RECYCLE
A10804,Desktop,Hyderabad,2.8,1,1,0,89.0,,2.0,1,8.0,REFURBISH_RESELL
A10805,Desktop,Pune,5.8,2,3,0,66.0,,6.0,1,8.0,RECYCLE
A10806,Laptop,Hyderabad,3.7,1,3,0,82.0,62.0,3.0,1,2.2,REDEPLOY
A10807,Laptop,Pune,6.4,2,3,0,58.0,48.0,6.0,1,2.2,HARVEST_PARTS
A10808,Laptop,Chennai,4.1,1,4,0,79.0,60.0,5.0,1,2.2,REFURBISH_RESELL
A10809,Mobile,Gurugram,3.0,1,1,0,78.0,76.0,3.0,1,0.2,REFURBISH_RESELL
A10810,Laptop,Noida,6.4,1,3,0,49.0,41.0,6.0,0,2.2,RECYCLE
A10811,Desktop,Hyderabad,9.6,2,4,1,25.0,,8.0,1,8.0,RECYCLE
A10812,Laptop,Mumbai,4.2,1,2,0,71.0,62.0,4.0,1,2.2,REFURBISH_RESELL
A10813,Monitor,Gurugram,6.0,2,1,0,62.0,,6.0,1,5.0,HARVEST_PARTS
A10814,Laptop,Kolkata,4.1,1,4,0,79.0,55.0,4.0,1,2.2,REFURBISH_RESELL
A10815,Laptop,Mumbai,2.7,2,2,0,79.0,73.0,4.0,1,2.2,REDEPLOY
A10816,Monitor,Mumbai,6.6,1,1,0,64.0,,5.0,1,5.0,HARVEST_PARTS
A10817,Monitor,Noida,2.1,2,4,0,85.0,,2.0,1,5.0,REDEPLOY
A10818,Laptop,Gurugram,1.9,1,2,0,84.0,82.0,1.0,1,2.2,REFURBISH_RESELL
A10819,Laptop,Mumbai,6.6,3,3,0,52.0,17.0,5.0,1,2.2,HARVEST_PARTS
A10820,Mobile,Bengaluru,3.4,3,3,1,67.0,69.0,3.0,1,0.2,RECYCLE
A10821,Laptop,Noida,2.2,1,4,0,85.0,72.0,2.0,1,2.2,REDEPLOY
A10822,Laptop,Hyderabad,8.0,2,4,1,15.0,9.0,7.0,1,2.2,RECYCLE
A10823,Laptop,Hyderabad,5.4,1,3,0,61.0,31.0,4.0,1,2.2,HARVEST_PARTS
A10824,Laptop,Mumbai,3.8,3,4,1,48.0,54.0,2.0,1,2.2,RECYCLE
A10825,Monitor,Bengaluru,4.6,1,3,0,72.0,,5.0,1,5.0,REDEPLOY
A10826,Monitor,Kolkata,4.4,1,4,0,66.0,,4.0,1,5.0,REFURBISH_RESELL
A10827,Desktop,Gurugram,5.4,1,2,0,74.0,,6.0,1,8.0,REFURBISH_RESELL
A10828,Monitor,Hyderabad,3.7,3,4,0,72.0,,3.0,1,5.0,REFURBISH_RESELL
A10829,Laptop,Gurugram,5.6,3,2,0,62.0,50.0,5.0,0,2.2,RECYCLE
A10830,Monitor,Kolkata,4.2,1,4,1,65.0,,4.0,1,5.0,HARVEST_PARTS
A10831,Laptop,Bengaluru,1.3,1,2,0,89.0,90.0,1.0,1,2.2,REDEPLOY
A10832,Laptop,Bengaluru,3.0,2,4,0,79.0,70.0,2.0,1,2.2,REDEPLOY
A10833,Monitor,Hyderabad,5.1,1,4,0,64.0,,4.0,1,5.0,REDEPLOY
A10834,Laptop,Kolkata,1.9,3,3,0,87.0,78.0,2.0,1,2.2,REDEPLOY
A10835,Laptop,Pune,4.2,1,2,0,64.0,61.0,4.0,1,2.2,REFURBISH_RESELL
A10836,Laptop,Gurugram,3.4,2,4,0,77.0,61.0,3.0,1,2.2,REFURBISH_RESELL
A10837,Monitor,Mumbai,8.1,1,2,0,37.0,,7.0,1,5.0,HARVEST_PARTS
A10838,Laptop,Pune,5.7,3,4,0,62.0,48.0,5.0,1,2.2,HARVEST_PARTS
A10839,Monitor,Noida,2.0,2,1,0,84.0,,3.0,1,5.0,REFURBISH_RESELL
A10840,Monitor,Hyderabad,5.3,3,4,0,58.0,,5.0,1,5.0,REFURBISH_RESELL
A10841,Monitor,Bengaluru,3.4,1,4,0,70.0,,3.0,1,5.0,REDEPLOY
A10842,Laptop,Chennai,4.0,1,2,0,72.0,53.0,4.0,1,2.2,HARVEST_PARTS
A10843,Server,Gurugram,3.4,1,4,0,80.0,,2.0,1,25.0,REDEPLOY
A10844,Laptop,Mumbai,8.2,2,3,0,30.0,19.0,9.0,1,2.2,RECYCLE
A10845,Mobile,Chennai,7.9,1,2,0,43.0,40.0,9.0,1,0.2,RECYCLE
A10846,Monitor,Hyderabad,2.8,1,2,0,80.0,,2.0,1,5.0,REFURBISH_RESELL
A10847,Laptop,Mumbai,6.4,2,4,0,51.0,52.0,6.0,0,2.2,RECYCLE
A10848,Monitor,Noida,3.0,1,4,0,80.0,,3.0,1,5.0,REDEPLOY
A10849,Desktop,Bengaluru,2.7,2,4,1,49.0,,3.0,1,8.0,HARVEST_PARTS
A10850,Desktop,Bengaluru,4.2,2,3,0,63.0,,3.0,1,8.0,REFURBISH_RESELL
A10851,Laptop,Mumbai,3.9,1,2,0,70.0,68.0,4.0,1,2.2,HARVEST_PARTS
A10852,Monitor,Chennai,2.5,2,3,0,80.0,,3.0,1,5.0,REDEPLOY
A10853,Monitor,Gurugram,1.7,1,2,0,87.0,,1.0,1,5.0,REDEPLOY
A10854,Network,Gurugram,4.0,1,2,0,71.0,,3.0,1,4.0,REFURBISH_RESELL
A10855,Laptop,Noida,2.5,2,3,0,82.0,72.0,3.0,1,2.2,REFURBISH_RESELL
A10856,Monitor,Gurugram,3.5,1,3,1,57.0,,4.0,1,5.0,HARVEST_PARTS
A10857,Monitor,Bengaluru,6.7,3,3,0,51.0,,7.0,1,5.0,HARVEST_PARTS
A10858,Monitor,Noida,3.6,1,3,0,85.0,,4.0,1,5.0,REDEPLOY
A10859,Desktop,Mumbai,1.6,1,4,1,81.0,,1.0,1,8.0,REFURBISH_RESELL
A10860,Laptop,Mumbai,6.4,1,4,0,66.0,49.0,6.0,1,2.2,HARVEST_PARTS
A10861,Monitor,Bengaluru,4.9,1,1,1,40.0,,5.0,1,5.0,RECYCLE
A10862,Laptop,Mumbai,5.9,3,2,0,72.0,38.0,5.0,1,2.2,RECYCLE
A10863,Laptop,Gurugram,3.9,2,4,0,67.0,73.0,3.0,1,2.2,REFURBISH_RESELL
A10864,Desktop,Hyderabad,3.9,2,4,0,81.0,,4.0,1,8.0,REFURBISH_RESELL
A10865,Laptop,Noida,9.9,3,2,0,19.0,20.0,10.0,1,2.2,RECYCLE
A10866,Laptop,Bengaluru,4.9,1,3,0,58.0,63.0,6.0,1,2.2,HARVEST_PARTS
A10867,Laptop,Pune,6.3,1,4,0,44.0,27.0,7.0,1,2.2,RECYCLE
A10868,Monitor,Pune,10.0,2,2,1,42.0,,8.0,1,5.0,RECYCLE
A10869,Mobile,Gurugram,9.8,2,2,1,26.0,5.0,10.0,1,0.2,RECYCLE
A10870,Desktop,Chennai,2.2,1,4,0,83.0,,2.0,1,8.0,REFURBISH_RESELL
A10871,Laptop,Pune,2.4,2,2,0,79.0,82.0,2.0,1,2.2,REDEPLOY
A10872,Server,Gurugram,1.9,1,2,0,88.0,,1.0,1,25.0,REDEPLOY
A10873,Laptop,Noida,3.9,2,3,1,68.0,59.0,2.0,1,2.2,HARVEST_PARTS
A10874,Mobile,Chennai,10.0,3,2,1,9.0,25.0,9.0,1,0.2,RECYCLE
A10875,Desktop,Kolkata,0.7,1,4,0,96.0,,1.0,1,8.0,REDEPLOY
A10876,Laptop,Gurugram,3.0,2,3,0,76.0,73.0,2.0,1,2.2,REDEPLOY
A10877,Desktop,Gurugram,3.9,3,2,0,66.0,,3.0,1,8.0,REFURBISH_RESELL
A10878,Laptop,Pune,2.3,1,3,0,86.0,71.0,2.0,1,2.2,REDEPLOY
A10879,Monitor,Gurugram,3.4,1,3,0,70.0,,4.0,1,5.0,REFURBISH_RESELL
A10880,Laptop,Pune,3.6,3,3,0,73.0,67.0,1.0,1,2.2,REFURBISH_RESELL
A10881,Network,Bengaluru,1.8,1,3,0,89.0,,2.0,1,4.0,REDEPLOY
A10882,Monitor,Bengaluru,5.8,1,2,1,34.0,,5.0,1,5.0,RECYCLE
A10883,Network,Gurugram,3.5,1,2,0,77.0,,4.0,1,4.0,REFURBISH_RESELL
A10884,Network,Hyderabad,2.2,1,2,0,87.0,,0.0,1,4.0,REDEPLOY
A10885,Laptop,Bengaluru,3.9,1,1,0,82.0,59.0,3.0,1,2.2,REFURBISH_RESELL
A10886,Desktop,Pune,5.7,2,3,0,52.0,,5.0,1,8.0,HARVEST_PARTS
A10887,Server,Chennai,3.8,1,3,0,83.0,,2.0,1,25.0,REDEPLOY
A10888,Laptop,Chennai,2.3,1,3,0,80.0,74.0,4.0,1,2.2,REFURBISH_RESELL
A10889,Laptop,Noida,4.3,3,4,0,82.0,65.0,4.0,1,2.2,REDEPLOY
A10890,Laptop,Bengaluru,9.4,1,4,0,53.0,5.0,9.0,1,2.2,RECYCLE
A10891,Laptop,Mumbai,2.9,1,3,0,78.0,70.0,3.0,1,2.2,REDEPLOY
A10892,Network,Hyderabad,2.5,3,3,1,63.0,,1.0,1,4.0,HARVEST_PARTS
A10893,Desktop,Hyderabad,3.1,1,1,0,87.0,,1.0,1,8.0,REFURBISH_RESELL
A10894,Monitor,Bengaluru,2.6,1,2,0,86.0,,3.0,1,5.0,REDEPLOY
A10895,Mobile,Chennai,2.7,2,2,1,70.0,71.0,2.0,1,0.2,HARVEST_PARTS
A10896,Laptop,Kolkata,2.1,1,4,0,82.0,76.0,2.0,1,2.2,REDEPLOY
A10897,Monitor,Bengaluru,6.3,1,4,0,61.0,,5.0,1,5.0,REFURBISH_RESELL
A10898,Laptop,Bengaluru,5.5,3,4,0,62.0,34.0,4.0,1,2.2,HARVEST_PARTS
A10899,Laptop,Gurugram,3.3,1,3,0,81.0,76.0,3.0,1,2.2,REDEPLOY
A10900,Laptop,Kolkata,2.9,3,4,0,87.0,71.0,2.0,1,2.2,REDEPLOY
A10901,Laptop,Pune,4.7,1,4,0,81.0,42.0,2.0,1,2.2,REFURBISH_RESELL
A10902,Laptop,Pune,4.2,3,4,0,69.0,47.0,4.0,1,2.2,HARVEST_PARTS
A10903,Desktop,Noida,4.2,1,2,0,65.0,,6.0,1,8.0,HARVEST_PARTS
A10904,Laptop,Hyderabad,7.2,1,1,0,65.0,49.0,7.0,1,2.2,RECYCLE
A10905,Laptop,Kolkata,5.0,2,4,0,65.0,45.0,4.0,0,2.2,HARVEST_PARTS
A10906,Monitor,Hyderabad,10.0,1,4,1,5.0,,8.0,1,5.0,RECYCLE
A10907,Laptop,Bengaluru,3.0,1,3,0,84.0,79.0,3.0,1,2.2,REFURBISH_RESELL
A10908,Server,Gurugram,9.6,2,3,0,43.0,,9.0,1,25.0,RECYCLE
A10909,Mobile,Noida,4.9,2,3,0,58.0,64.0,4.0,1,0.2,HARVEST_PARTS
A10910,Monitor,Bengaluru,2.3,1,4,0,87.0,,3.0,1,5.0,REDEPLOY
A10911,Desktop,Hyderabad,2.7,2,4,0,86.0,,2.0,1,8.0,REDEPLOY
A10912,Monitor,Bengaluru,5.3,1,3,0,76.0,,5.0,1,5.0,REFURBISH_RESELL
A10913,Monitor,Bengaluru,2.0,2,4,1,60.0,,3.0,1,5.0,REFURBISH_RESELL
A10914,Mobile,Hyderabad,3.7,1,3,0,77.0,63.0,3.0,1,0.2,REDEPLOY
A10915,Mobile,Bengaluru,10.0,2,2,0,12.0,6.0,10.0,1,0.2,RECYCLE
A10916,Laptop,Kolkata,0.8,1,1,1,84.0,92.0,1.0,1,2.2,REFURBISH_RESELL
A10917,Monitor,Bengaluru,3.7,1,3,0,81.0,,3.0,1,5.0,REDEPLOY
A10918,Server,Gurugram,2.7,1,2,0,88.0,,2.0,1,25.0,REDEPLOY
A10919,Laptop,Pune,9.8,1,3,0,17.0,28.0,8.0,1,2.2,RECYCLE
A10920,Desktop,Kolkata,3.6,2,4,0,72.0,,2.0,1,8.0,REDEPLOY
A10921,Monitor,Bengaluru,2.5,1,4,0,83.0,,0.0,1,5.0,REDEPLOY
A10922,Monitor,Hyderabad,2.0,1,3,0,87.0,,1.0,1,5.0,REDEPLOY
A10923,Laptop,Bengaluru,2.1,1,2,0,91.0,76.0,0.0,1,2.2,REDEPLOY
A10924,Laptop,Bengaluru,9.1,1,1,1,18.0,14.0,7.0,1,2.2,RECYCLE
A10925,Laptop,Pune,1.0,1,3,0,95.0,92.0,2.0,0,2.2,HARVEST_PARTS
A10926,Desktop,Chennai,5.0,3,2,0,61.0,,4.0,1,8.0,HARVEST_PARTS
A10927,Mobile,Hyderabad,7.6,1,4,1,22.0,44.0,8.0,1,0.2,RECYCLE
A10928,Network,Chennai,3.7,1,2,0,68.0,,3.0,1,4.0,REDEPLOY
A10929,Laptop,Noida,2.2,1,4,0,91.0,77.0,3.0,1,2.2,REDEPLOY
A10930,Laptop,Mumbai,5.0,2,3,0,69.0,50.0,4.0,1,2.2,HARVEST_PARTS
A10931,Monitor,Mumbai,2.4,2,2,0,83.0,,2.0,1,5.0,REDEPLOY
A10932,Monitor,Bengaluru,2.8,1,3,0,82.0,,4.0,1,5.0,REDEPLOY
A10933,Desktop,Hyderabad,2.6,1,4,0,81.0,,4.0,1,8.0,REDEPLOY
A10934,Laptop,Pune,2.6,3,1,0,83.0,71.0,2.0,1,2.2,REFURBISH_RESELL
A10935,Laptop,Chennai,6.1,1,4,1,33.0,44.0,5.0,1,2.2,RECYCLE
A10936,Monitor,Pune,3.5,2,4,0,83.0,,3.0,1,5.0,REDEPLOY
A10937,Monitor,Mumbai,5.1,1,3,1,23.0,,5.0,1,5.0,HARVEST_PARTS
A10938,Laptop,Gurugram,5.1,2,2,0,59.0,35.0,5.0,1,2.2,HARVEST_PARTS
A10939,Mobile,Bengaluru,3.9,2,3,1,62.0,70.0,4.0,1,0.2,RECYCLE
A10940,Monitor,Hyderabad,7.8,1,1,0,55.0,,6.0,1,5.0,RECYCLE
A10941,Mobile,Pune,2.3,1,4,0,88.0,82.0,4.0,1,0.2,REDEPLOY
A10942,Desktop,Gurugram,3.6,1,3,0,69.0,,3.0,1,8.0,REFURBISH_RESELL
A10943,Desktop,Chennai,1.4,2,4,0,92.0,,1.0,1,8.0,REDEPLOY
A10944,Mobile,Noida,4.0,1,4,0,75.0,70.0,5.0,1,0.2,REFURBISH_RESELL
A10945,Mobile,Mumbai,5.9,1,4,0,55.0,43.0,4.0,1,0.2,HARVEST_PARTS
A10946,Mobile,Mumbai,1.8,2,4,0,92.0,84.0,2.0,1,0.2,REDEPLOY
A10947,Server,Bengaluru,2.9,2,3,0,84.0,,3.0,1,25.0,REFURBISH_RESELL
A10948,Desktop,Chennai,2.6,1,2,0,78.0,,3.0,1,8.0,REDEPLOY
A10949,Laptop,Pune,0.8,1,2,0,94.0,91.0,1.0,1,2.2,REDEPLOY
A10950,Laptop,Gurugram,2.1,1,3,0,86.0,74.0,2.0,1,2.2,REDEPLOY
A10951,Mobile,Pune,5.3,1,3,0,62.0,40.0,5.0,1,0.2,HARVEST_PARTS
A10952,Laptop,Gurugram,3.8,1,4,0,73.0,56.0,3.0,1,2.2,REDEPLOY
A10953,Monitor,Chennai,4.5,3,4,0,76.0,,3.0,1,5.0,REDEPLOY
A10954,Mobile,Bengaluru,5.9,3,3,1,13.0,55.0,5.0,1,0.2,RECYCLE
A10955,Mobile,Gurugram,8.7,2,3,1,17.0,20.0,8.0,1,0.2,RECYCLE
A10956,Mobile,Pune,2.1,1,3,0,87.0,78.0,2.0,1,0.2,REDEPLOY
A10957,Desktop,Bengaluru,5.0,1,2,0,77.0,,5.0,1,8.0,REFURBISH_RESELL
A10958,Desktop,Chennai,2.8,1,4,0,81.0,,4.0,1,8.0,REDEPLOY
A10959,Mobile,Hyderabad,2.2,1,4,0,85.0,78.0,1.0,1,0.2,REDEPLOY
A10960,Laptop,Gurugram,3.3,3,1,0,78.0,76.0,2.0,1,2.2,HARVEST_PARTS
A10961,Laptop,Chennai,5.1,2,3,0,60.0,59.0,4.0,1,2.2,REFURBISH_RESELL
A10962,Mobile,Chennai,4.0,3,1,0,77.0,53.0,4.0,1,0.2,RECYCLE
A10963,Monitor,Noida,3.1,3,4,0,78.0,,3.0,1,5.0,REDEPLOY
A10964,Desktop,Hyderabad,5.4,1,4,0,73.0,,5.0,1,8.0,REFURBISH_RESELL
A10965,Laptop,Bengaluru,5.2,1,3,0,55.0,40.0,5.0,1,2.2,HARVEST_PARTS
A10966,Desktop,Gurugram,3.0,2,4,0,77.0,,3.0,1,8.0,REDEPLOY
A10967,Mobile,Noida,5.0,2,2,0,74.0,55.0,3.0,1,0.2,REFURBISH_RESELL
A10968,Monitor,Gurugram,3.9,3,3,0,83.0,,4.0,1,5.0,REFURBISH_RESELL
A10969,Laptop,Bengaluru,2.6,1,3,0,87.0,75.0,2.0,1,2.2,REDEPLOY
A10970,Desktop,Hyderabad,5.2,1,3,1,56.0,,5.0,1,8.0,HARVEST_PARTS
A10971,Network,Noida,5.2,1,4,0,61.0,,5.0,1,4.0,REDEPLOY
A10972,Mobile,Kolkata,2.0,1,3,0,92.0,79.0,3.0,1,0.2,REDEPLOY
A10973,Laptop,Mumbai,5.0,1,4,0,73.0,56.0,5.0,1,2.2,REFURBISH_RESELL
A10974,Monitor,Mumbai,6.3,1,3,0,62.0,,5.0,1,5.0,HARVEST_PARTS
A10975,Laptop,Mumbai,2.2,1,3,0,91.0,73.0,1.0,1,2.2,REDEPLOY
A10976,Desktop,Bengaluru,4.3,1,2,1,49.0,,3.0,1,8.0,RECYCLE
A10977,Laptop,Bengaluru,2.2,1,3,0,83.0,78.0,1.0,1,2.2,REDEPLOY
A10978,Desktop,Gurugram,2.3,2,2,0,81.0,,3.0,1,8.0,REFURBISH_RESELL
A10979,Desktop,Bengaluru,1.6,1,4,0,90.0,,3.0,1,8.0,REDEPLOY
A10980,Laptop,Chennai,6.7,2,2,0,49.0,49.0,6.0,1,2.2,RECYCLE
A10981,Laptop,Gurugram,6.4,1,3,0,47.0,48.0,6.0,1,2.2,RECYCLE
A10982,Laptop,Gurugram,6.5,2,4,1,58.0,19.0,6.0,1,2.2,RECYCLE
A10983,Laptop,Kolkata,3.2,1,4,0,74.0,63.0,3.0,1,2.2,REDEPLOY
A10984,Monitor,Bengaluru,5.9,2,2,0,52.0,,5.0,1,5.0,HARVEST_PARTS
A10985,Laptop,Kolkata,2.2,2,3,0,83.0,79.0,2.0,1,2.2,REDEPLOY
A10986,Laptop,Hyderabad,2.0,1,4,0,88.0,77.0,2.0,1,2.2,REDEPLOY
A10987,Mobile,Bengaluru,3.2,2,2,0,79.0,59.0,3.0,1,0.2,HARVEST_PARTS
A10988,Laptop,Mumbai,6.2,1,4,1,53.0,27.0,5.0,1,2.2,RECYCLE
A10989,Network,Pune,4.3,1,3,0,67.0,,5.0,1,4.0,HARVEST_PARTS
A10990,Monitor,Noida,3.0,1,4,0,77.0,,2.0,1,5.0,REDEPLOY
A10991,Monitor,Gurugram,2.9,2,3,0,79.0,,2.0,1,5.0,REDEPLOY
A10992,Desktop,Bengaluru,6.7,2,1,0,45.0,,5.0,1,8.0,HARVEST_PARTS
A10993,Laptop,Mumbai,5.5,3,2,0,76.0,31.0,6.0,1,2.2,RECYCLE
A10994,Server,Kolkata,6.9,1,3,1,26.0,,8.0,1,25.0,RECYCLE
A10995,Server,Gurugram,6.7,1,3,0,63.0,,5.0,1,25.0,HARVEST_PARTS
A10996,Laptop,Gurugram,1.4,1,2,0,90.0,82.0,2.0,1,2.2,REDEPLOY
A10997,Monitor,Mumbai,6.3,2,2,0,74.0,,7.0,1,5.0,REFURBISH_RESELL
A10998,Desktop,Gurugram,5.5,1,4,1,49.0,,4.0,1,8.0,HARVEST_PARTS
A10999,Mobile,Chennai,2.4,1,2,0,89.0,77.0,2.0,1,0.2,REDEPLOY
A11000,Server,Kolkata,3.2,3,1,0,80.0,,2.0,1,25.0,REFURBISH_RESELL
A11001,Laptop,Bengaluru,3.5,1,3,0,70.0,55.0,3.0,1,2.2,REDEPLOY
A11002,Network,Mumbai,8.6,1,2,1,34.0,,7.0,1,4.0,RECYCLE
A11003,Mobile,Noida,4.0,1,3,0,66.0,51.0,3.0,0,0.2,HARVEST_PARTS
A11004,Monitor,Chennai,5.4,1,2,0,60.0,,5.0,1,5.0,REFURBISH_RESELL
A11005,Laptop,Noida,6.2,1,3,1,32.0,34.0,5.0,1,2.2,RECYCLE
A11006,Server,Pune,3.1,1,3,0,75.0,,3.0,1,25.0,REDEPLOY
A11007,Monitor,Gurugram,6.6,1,3,1,28.0,,7.0,1,5.0,RECYCLE
A11008,Laptop,Gurugram,3.8,1,4,0,76.0,67.0,4.0,1,2.2,REDEPLOY
A11009,Network,Mumbai,10.0,1,3,0,59.0,,8.0,1,4.0,RECYCLE
A11010,Desktop,Hyderabad,2.3,1,3,1,60.0,,3.0,1,8.0,REFURBISH_RESELL
A11011,Network,Kolkata,3.6,3,4,0,77.0,,3.0,1,4.0,REDEPLOY
A11012,Monitor,Mumbai,6.4,1,2,1,24.0,,5.0,1,5.0,RECYCLE
A11013,Laptop,Pune,2.7,1,4,0,82.0,68.0,2.0,1,2.2,REDEPLOY
A11014,Mobile,Hyderabad,5.7,2,2,0,69.0,40.0,6.0,1,0.2,RECYCLE
A11015,Desktop,Noida,3.3,2,3,0,83.0,,3.0,1,8.0,REDEPLOY
A11016,Desktop,Noida,2.2,2,3,1,49.0,,2.0,1,8.0,REFURBISH_RESELL
A11017,Laptop,Pune,1.9,1,2,0,88.0,82.0,2.0,1,2.2,REDEPLOY
A11018,Laptop,Hyderabad,4.2,2,3,0,81.0,52.0,3.0,1,2.2,HARVEST_PARTS
A11019,Monitor,Kolkata,4.8,2,3,0,62.0,,4.0,1,5.0,REFURBISH_RESELL
A11020,Laptop,Bengaluru,2.3,1,4,0,86.0,76.0,3.0,1,2.2,REDEPLOY
A11021,Mobile,Hyderabad,5.0,1,2,0,73.0,40.0,4.0,1,0.2,HARVEST_PARTS
A11022,Mobile,Chennai,1.8,1,2,0,92.0,78.0,1.0,1,0.2,REDEPLOY
A11023,Monitor,Hyderabad,3.1,1,3,0,85.0,,3.0,1,5.0,REDEPLOY
A11024,Laptop,Noida,3.7,1,4,0,84.0,55.0,4.0,1,2.2,REDEPLOY
A11025,Monitor,Hyderabad,3.6,1,1,0,73.0,,5.0,1,5.0,REFURBISH_RESELL
A11026,Laptop,Hyderabad,4.1,3,3,1,51.0,66.0,1.0,1,2.2,HARVEST_PARTS
A11027,Server,Mumbai,3.6,2,3,0,68.0,,3.0,1,25.0,REDEPLOY
A11028,Desktop,Pune,3.4,1,2,0,84.0,,3.0,1,8.0,REFURBISH_RESELL
A11029,Mobile,Chennai,3.4,1,3,0,81.0,67.0,4.0,1,0.2,REFURBISH_RESELL
A11030,Laptop,Hyderabad,2.8,2,2,0,80.0,76.0,2.0,1,2.2,REDEPLOY
A11031,Laptop,Chennai,5.1,1,3,1,54.0,64.0,4.0,1,2.2,RECYCLE
A11032,Mobile,Bengaluru,3.4,2,4,1,46.0,67.0,3.0,1,0.2,RECYCLE
A11033,Desktop,Mumbai,2.6,3,4,0,88.0,,3.0,1,8.0,REFURBISH_RESELL
A11034,Network,Chennai,4.9,1,2,0,80.0,,3.0,1,4.0,REFURBISH_RESELL
A11035,Mobile,Mumbai,4.6,1,2,1,43.0,54.0,4.0,1,0.2,RECYCLE
A11036,Desktop,Pune,2.2,3,4,0,83.0,,2.0,1,8.0,REDEPLOY
A11037,Desktop,Hyderabad,7.2,1,4,0,70.0,,8.0,1,8.0,HARVEST_PARTS
A11038,Desktop,Pune,3.1,1,4,0,75.0,,2.0,1,8.0,REDEPLOY
A11039,Server,Chennai,3.2,2,3,0,75.0,,2.0,1,25.0,REDEPLOY
A11040,Mobile,Bengaluru,3.8,1,3,1,51.0,72.0,4.0,1,0.2,HARVEST_PARTS
A11041,Laptop,Noida,4.5,1,3,1,53.0,67.0,4.0,1,2.2,RECYCLE
A11042,Monitor,Bengaluru,3.9,2,4,0,79.0,,2.0,1,5.0,REDEPLOY
A11043,Laptop,Hyderabad,2.5,1,3,0,80.0,78.0,3.0,1,2.2,REFURBISH_RESELL
A11044,Monitor,Mumbai,1.5,1,3,1,60.0,,1.0,1,5.0,REDEPLOY
A11045,Server,Gurugram,7.2,1,4,0,41.0,,6.0,1,25.0,HARVEST_PARTS
A11046,Network,Kolkata,2.3,1,2,0,83.0,,1.0,1,4.0,REFURBISH_RESELL
A11047,Laptop,Gurugram,4.8,2,3,0,76.0,52.0,5.0,1,2.2,REFURBISH_RESELL
A11048,Laptop,Chennai,3.9,3,2,0,68.0,67.0,2.0,1,2.2,HARVEST_PARTS
A11049,Laptop,Bengaluru,1.3,3,2,0,89.0,86.0,1.0,1,2.2,REFURBISH_RESELL
A11050,Laptop,Kolkata,2.8,1,2,0,80.0,64.0,5.0,1,2.2,REFURBISH_RESELL
A11051,Laptop,Chennai,8.0,3,3,0,48.0,5.0,6.0,0,2.2,RECYCLE
A11052,Network,Mumbai,1.5,1,2,0,89.0,,3.0,1,4.0,REFURBISH_RESELL
A11053,Laptop,Gurugram,3.3,1,3,0,76.0,67.0,4.0,1,2.2,REFURBISH_RESELL
A11054,Laptop,Bengaluru,4.5,1,4,1,47.0,57.0,4.0,1,2.2,HARVEST_PARTS
A11055,Monitor,Bengaluru,2.4,2,4,0,86.0,,2.0,1,5.0,REDEPLOY
A11056,Laptop,Gurugram,4.1,1,3,0,64.0,61.0,3.0,1,2.2,REFURBISH_RESELL
A11057,Laptop,Noida,5.0,2,2,0,61.0,58.0,5.0,1,2.2,HARVEST_PARTS
A11058,Mobile,Bengaluru,4.7,2,3,1,42.0,61.0,4.0,1,0.2,RECYCLE
A11059,Laptop,Bengaluru,4.0,1,4,0,67.0,52.0,3.0,1,2.2,REFURBISH_RESELL
A11060,Laptop,Bengaluru,3.5,2,4,0,85.0,65.0,3.0,1,2.2,REDEPLOY
A11061,Desktop,Mumbai,2.4,1,3,0,82.0,,2.0,1,8.0,REDEPLOY
A11062,Laptop,Gurugram,4.9,1,3,0,72.0,50.0,5.0,1,2.2,RECYCLE
A11063,Laptop,Gurugram,3.8,1,2,1,51.0,58.0,3.0,1,2.2,RECYCLE
A11064,Laptop,Hyderabad,8.5,2,4,1,22.0,32.0,7.0,1,2.2,RECYCLE
A11065,Laptop,Hyderabad,5.5,1,3,0,76.0,29.0,6.0,1,2.2,HARVEST_PARTS
A11066,Network,Gurugram,3.0,2,3,0,73.0,,2.0,1,4.0,REFURBISH_RESELL
A11067,Laptop,Hyderabad,4.3,1,1,0,62.0,57.0,3.0,1,2.2,HARVEST_PARTS
A11068,Laptop,Bengaluru,2.0,2,1,0,90.0,86.0,1.0,1,2.2,REFURBISH_RESELL
A11069,Laptop,Bengaluru,1.4,1,3,0,88.0,83.0,3.0,1,2.2,REDEPLOY
A11070,Mobile,Gurugram,2.9,1,3,0,75.0,78.0,2.0,1,0.2,REFURBISH_RESELL
A11071,Laptop,Mumbai,1.8,1,1,1,79.0,80.0,3.0,1,2.2,HARVEST_PARTS
A11072,Network,Noida,5.2,1,2,0,79.0,,4.0,1,4.0,HARVEST_PARTS
A11073,Laptop,Bengaluru,8.1,1,2,0,49.0,19.0,8.0,1,2.2,RECYCLE
A11074,Mobile,Hyderabad,6.3,1,3,0,64.0,27.0,5.0,1,0.2,HARVEST_PARTS
A11075,Laptop,Mumbai,3.2,1,2,0,79.0,59.0,4.0,1,2.2,REFURBISH_RESELL
A11076,Laptop,Chennai,5.3,1,2,0,65.0,58.0,4.0,1,2.2,HARVEST_PARTS
A11077,Desktop,Mumbai,2.9,1,2,1,44.0,,2.0,1,8.0,RECYCLE
A11078,Laptop,Hyderabad,6.7,3,2,0,52.0,44.0,6.0,1,2.2,RECYCLE
A11079,Monitor,Bengaluru,5.0,1,3,0,67.0,,5.0,1,5.0,HARVEST_PARTS
A11080,Monitor,Pune,3.8,1,1,0,75.0,,3.0,1,5.0,REFURBISH_RESELL
A11081,Monitor,Chennai,3.7,1,1,0,68.0,,2.0,1,5.0,REDEPLOY
A11082,Laptop,Bengaluru,5.0,2,3,0,73.0,40.0,4.0,1,2.2,HARVEST_PARTS
A11083,Monitor,Pune,3.7,1,1,0,82.0,,5.0,1,5.0,REFURBISH_RESELL
A11084,Laptop,Gurugram,6.1,1,3,1,51.0,35.0,5.0,1,2.2,RECYCLE
A11085,Mobile,Mumbai,3.2,3,4,0,75.0,71.0,1.0,1,0.2,REDEPLOY
A11086,Monitor,Bengaluru,3.5,3,4,0,81.0,,4.0,1,5.0,REFURBISH_RESELL
A11087,Desktop,Kolkata,3.6,1,4,0,74.0,,3.0,1,8.0,REFURBISH_RESELL
A11088,Network,Bengaluru,3.4,2,3,0,80.0,,3.0,1,4.0,REFURBISH_RESELL
A11089,Desktop,Pune,2.5,3,1,0,85.0,,3.0,1,8.0,REFURBISH_RESELL
A11090,Desktop,Noida,3.0,3,3,0,77.0,,2.0,1,8.0,REDEPLOY
A11091,Laptop,Bengaluru,3.8,1,1,0,81.0,72.0,4.0,1,2.2,REFURBISH_RESELL
A11092,Monitor,Pune,3.6,2,4,1,62.0,,4.0,0,5.0,HARVEST_PARTS
A11093,Laptop,Chennai,7.6,1,4,0,48.0,38.0,7.0,1,2.2,RECYCLE
A11094,Laptop,Bengaluru,4.5,2,4,0,64.0,44.0,5.0,1,2.2,HARVEST_PARTS
A11095,Server,Chennai,6.8,1,3,0,42.0,,5.0,1,25.0,HARVEST_PARTS
A11096,Laptop,Hyderabad,1.7,2,1,0,92.0,88.0,2.0,1,2.2,REFURBISH_RESELL
A11097,Monitor,Bengaluru,5.8,3,4,0,69.0,,4.0,1,5.0,REFURBISH_RESELL
A11098,Laptop,Mumbai,4.5,1,3,0,79.0,54.0,2.0,1,2.2,REFURBISH_RESELL
A11099,Laptop,Hyderabad,3.6,1,2,0,68.0,74.0,2.0,1,2.2,REDEPLOY
A11100,Network,Bengaluru,2.4,2,3,0,83.0,,1.0,1,4.0,REDEPLOY
A11101,Laptop,Noida,5.2,1,3,1,37.0,45.0,6.0,1,2.2,RECYCLE
A11102,Monitor,Pune,4.8,2,3,0,58.0,,4.0,1,5.0,HARVEST_PARTS
A11103,Monitor,Gurugram,5.3,2,2,0,55.0,,5.0,1,5.0,HARVEST_PARTS
A11104,Network,Noida,3.0,2,3,0,84.0,,2.0,1,4.0,REDEPLOY
A11105,Laptop,Hyderabad,6.1,2,3,0,60.0,29.0,7.0,1,2.2,RECYCLE
A11106,Monitor,Kolkata,5.0,1,2,1,36.0,,4.0,1,5.0,RECYCLE
A11107,Desktop,Chennai,3.1,1,4,0,81.0,,3.0,1,8.0,REDEPLOY
A11108,Laptop,Pune,7.2,3,2,0,56.0,13.0,6.0,1,2.2,RECYCLE
A11109,Laptop,Kolkata,4.2,1,1,0,64.0,52.0,4.0,1,2.2,HARVEST_PARTS
A11110,Laptop,Bengaluru,1.5,2,4,0,89.0,86.0,1.0,1,2.2,REDEPLOY
A11111,Desktop,Pune,3.1,1,4,0,76.0,,3.0,1,8.0,REDEPLOY
A11112,Laptop,Bengaluru,6.1,2,3,1,34.0,55.0,4.0,1,2.2,RECYCLE
A11113,Laptop,Noida,3.2,1,3,0,78.0,74.0,3.0,1,2.2,REFURBISH_RESELL
A11114,Monitor,Kolkata,3.9,2,3,0,78.0,,4.0,1,5.0,REFURBISH_RESELL
A11115,Desktop,Gurugram,6.2,1,1,0,49.0,,4.0,1,8.0,HARVEST_PARTS
A11116,Laptop,Pune,3.2,1,4,0,82.0,65.0,1.0,1,2.2,REDEPLOY
A11117,Laptop,Noida,5.4,1,4,1,41.0,39.0,6.0,1,2.2,RECYCLE
A11118,Laptop,Chennai,2.1,1,4,0,90.0,81.0,2.0,1,2.2,REDEPLOY
A11119,Monitor,Gurugram,4.5,3,2,1,57.0,,4.0,1,5.0,RECYCLE
A11120,Mobile,Mumbai,4.3,1,4,0,73.0,54.0,5.0,1,0.2,REDEPLOY
A11121,Desktop,Hyderabad,4.6,1,3,0,61.0,,5.0,1,8.0,REFURBISH_RESELL
A11122,Monitor,Noida,4.9,1,1,0,73.0,,5.0,1,5.0,HARVEST_PARTS
A11123,Laptop,Bengaluru,4.0,1,4,0,78.0,70.0,3.0,1,2.2,REDEPLOY
A11124,Mobile,Gurugram,3.7,1,4,0,83.0,57.0,3.0,1,0.2,REDEPLOY
A11125,Laptop,Chennai,3.9,2,2,0,75.0,63.0,6.0,1,2.2,REFURBISH_RESELL
A11126,Laptop,Bengaluru,7.1,3,4,0,44.0,41.0,7.0,1,2.2,RECYCLE
A11127,Laptop,Hyderabad,4.1,1,3,0,70.0,69.0,1.0,1,2.2,REDEPLOY
A11128,Laptop,Pune,9.6,2,3,0,57.0,5.0,9.0,1,2.2,RECYCLE
A11129,Monitor,Noida,4.9,3,2,0,73.0,,4.0,1,5.0,HARVEST_PARTS
A11130,Laptop,Hyderabad,4.1,3,4,0,77.0,53.0,3.0,0,2.2,HARVEST_PARTS
A11131,Laptop,Pune,2.2,2,2,0,85.0,80.0,3.0,1,2.2,REFURBISH_RESELL
A11132,Laptop,Bengaluru,5.6,3,2,0,56.0,38.0,5.0,1,2.2,RECYCLE
A11133,Mobile,Mumbai,3.4,1,4,0,70.0,69.0,3.0,1,0.2,REFURBISH_RESELL
A11134,Monitor,Chennai,6.0,2,4,0,68.0,,5.0,1,5.0,REFURBISH_RESELL
A11135,Mobile,Hyderabad,2.7,2,2,0,87.0,68.0,3.0,1,0.2,REFURBISH_RESELL
A11136,Network,Noida,3.9,1,3,0,76.0,,4.0,1,4.0,REFURBISH_RESELL
A11137,Mobile,Mumbai,3.4,1,3,0,75.0,58.0,3.0,1,0.2,REDEPLOY
A11138,Desktop,Hyderabad,5.4,1,4,0,59.0,,5.0,1,8.0,REFURBISH_RESELL
A11139,Laptop,Hyderabad,7.4,1,2,0,40.0,14.0,7.0,1,2.2,RECYCLE
A11140,Laptop,Bengaluru,3.8,1,4,1,49.0,58.0,5.0,1,2.2,RECYCLE
A11141,Laptop,Chennai,3.2,2,3,0,74.0,77.0,4.0,1,2.2,REFURBISH_RESELL
A11142,Monitor,Kolkata,2.2,2,2,0,84.0,,2.0,1,5.0,REDEPLOY
A11143,Laptop,Kolkata,3.1,2,1,0,87.0,73.0,2.0,1,2.2,REFURBISH_RESELL
A11144,Laptop,Hyderabad,7.4,2,4,1,22.0,45.0,5.0,1,2.2,RECYCLE
A11145,Monitor,Chennai,3.8,1,3,0,80.0,,2.0,1,5.0,REDEPLOY
A11146,Laptop,Noida,4.8,1,4,0,79.0,62.0,3.0,1,2.2,REFURBISH_RESELL
A11147,Laptop,Mumbai,1.9,1,4,0,88.0,75.0,0.0,1,2.2,REDEPLOY
A11148,Laptop,Bengaluru,1.8,3,4,0,88.0,79.0,2.0,1,2.2,REDEPLOY
A11149,Monitor,Noida,1.7,3,2,0,89.0,,2.0,1,5.0,REFURBISH_RESELL
A11150,Laptop,Pune,6.6,2,3,0,48.0,52.0,6.0,1,2.2,RECYCLE
A11151,Laptop,Hyderabad,3.9,1,2,0,82.0,56.0,4.0,1,2.2,HARVEST_PARTS
A11152,Laptop,Bengaluru,2.7,3,4,0,78.0,77.0,3.0,1,2.2,REFURBISH_RESELL
A11153,Monitor,Kolkata,5.7,1,2,1,47.0,,6.0,1,5.0,RECYCLE
A11154,Laptop,Gurugram,3.3,1,3,0,86.0,58.0,3.0,1,2.2,REFURBISH_RESELL
A11155,Laptop,Hyderabad,6.0,2,2,0,47.0,32.0,6.0,1,2.2,RECYCLE
A11156,Mobile,Gurugram,3.8,1,1,1,33.0,66.0,4.0,1,0.2,RECYCLE
A11157,Network,Gurugram,6.0,3,1,0,66.0,,5.0,1,4.0,HARVEST_PARTS
A11158,Laptop,Kolkata,2.5,2,2,0,84.0,78.0,2.0,1,2.2,REDEPLOY
A11159,Laptop,Hyderabad,4.7,3,4,0,75.0,52.0,6.0,0,2.2,HARVEST_PARTS
A11160,Laptop,Pune,5.2,2,2,1,40.0,62.0,4.0,1,2.2,RECYCLE
A11161,Monitor,Bengaluru,1.8,3,1,0,91.0,,2.0,1,5.0,REDEPLOY
A11162,Laptop,Hyderabad,3.9,2,3,1,64.0,66.0,5.0,1,2.2,HARVEST_PARTS
A11163,Mobile,Hyderabad,2.2,1,3,0,88.0,74.0,2.0,1,0.2,REDEPLOY
A11164,Server,Hyderabad,1.9,2,3,0,88.0,,1.0,1,25.0,REDEPLOY
A11165,Desktop,Pune,3.5,3,2,0,85.0,,3.0,1,8.0,REFURBISH_RESELL
A11166,Laptop,Chennai,4.8,1,4,0,68.0,48.0,4.0,1,2.2,REFURBISH_RESELL
A11167,Network,Chennai,2.7,2,4,0,86.0,,2.0,1,4.0,REDEPLOY
A11168,Monitor,Pune,3.5,1,4,0,83.0,,2.0,1,5.0,REDEPLOY
A11169,Monitor,Pune,2.9,2,3,0,83.0,,2.0,1,5.0,REDEPLOY
A11170,Laptop,Hyderabad,5.8,2,4,0,56.0,38.0,5.0,1,2.2,RECYCLE
A11171,Monitor,Bengaluru,6.8,1,1,0,61.0,,6.0,1,5.0,HARVEST_PARTS
A11172,Server,Chennai,10.0,2,3,1,8.0,,10.0,1,25.0,RECYCLE
A11173,Mobile,Noida,6.4,1,4,1,5.0,25.0,5.0,1,0.2,RECYCLE
A11174,Desktop,Chennai,5.0,1,2,0,56.0,,4.0,1,8.0,REFURBISH_RESELL
A11175,Desktop,Noida,5.8,2,4,0,70.0,,6.0,1,8.0,HARVEST_PARTS
A11176,Laptop,Chennai,2.9,1,2,0,75.0,70.0,5.0,1,2.2,REDEPLOY
A11177,Monitor,Hyderabad,3.4,2,2,0,72.0,,3.0,1,5.0,REFURBISH_RESELL
A11178,Mobile,Kolkata,4.4,3,3,0,82.0,53.0,5.0,1,0.2,HARVEST_PARTS
A11179,Desktop,Bengaluru,1.7,1,4,0,85.0,,1.0,1,8.0,REDEPLOY
A11180,Laptop,Gurugram,2.8,1,3,0,75.0,79.0,1.0,1,2.2,REDEPLOY
A11181,Laptop,Chennai,9.7,1,3,0,25.0,5.0,8.0,1,2.2,RECYCLE
A11182,Monitor,Gurugram,3.4,2,3,0,76.0,,3.0,1,5.0,REDEPLOY
A11183,Network,Hyderabad,1.6,1,2,1,57.0,,3.0,1,4.0,HARVEST_PARTS
A11184,Laptop,Gurugram,3.1,1,4,0,85.0,69.0,3.0,1,2.2,REDEPLOY
A11185,Laptop,Bengaluru,4.2,1,2,0,67.0,60.0,4.0,1,2.2,HARVEST_PARTS
A11186,Mobile,Noida,4.9,2,3,1,42.0,61.0,4.0,1,0.2,RECYCLE
A11187,Desktop,Chennai,3.8,2,3,0,75.0,,3.0,1,8.0,REFURBISH_RESELL
A11188,Laptop,Kolkata,4.6,1,4,0,75.0,63.0,3.0,1,2.2,REDEPLOY
A11189,Laptop,Mumbai,2.8,1,4,1,69.0,74.0,3.0,1,2.2,HARVEST_PARTS
A11190,Laptop,Bengaluru,6.9,2,3,0,39.0,33.0,7.0,1,2.2,RECYCLE
A11191,Laptop,Hyderabad,6.2,1,2,0,52.0,31.0,6.0,1,2.2,RECYCLE
A11192,Monitor,Mumbai,1.5,1,1,0,90.0,,0.0,1,5.0,REDEPLOY
A11193,Desktop,Mumbai,2.3,1,4,0,90.0,,1.0,1,8.0,REDEPLOY
A11194,Monitor,Gurugram,5.7,1,1,1,44.0,,7.0,1,5.0,RECYCLE
A11195,Monitor,Noida,4.5,1,3,0,76.0,,5.0,1,5.0,HARVEST_PARTS
A11196,Laptop,Gurugram,4.4,2,1,0,61.0,69.0,5.0,1,2.2,HARVEST_PARTS
A11197,Laptop,Hyderabad,4.1,2,4,0,73.0,53.0,4.0,1,2.2,HARVEST_PARTS
A11198,Laptop,Bengaluru,6.4,3,3,1,40.0,41.0,6.0,1,2.2,RECYCLE
A11199,Laptop,Pune,4.4,1,2,0,60.0,48.0,4.0,1,2.2,HARVEST_PARTS
A11200,Monitor,Bengaluru,4.9,1,3,0,62.0,,5.0,1,5.0,REFURBISH_RESELL
A11201,Laptop,Chennai,4.2,2,1,0,73.0,61.0,4.0,1,2.2,HARVEST_PARTS
A11202,Monitor,Noida,2.5,1,1,0,83.0,,2.0,1,5.0,REDEPLOY
A11203,Laptop,Mumbai,5.9,1,3,0,50.0,27.0,5.0,1,2.2,HARVEST_PARTS
A11204,Laptop,Pune,3.3,1,4,1,41.0,58.0,1.0,1,2.2,HARVEST_PARTS
A11205,Laptop,Chennai,3.3,1,4,1,68.0,68.0,2.0,1,2.2,REFURBISH_RESELL
A11206,Desktop,Gurugram,3.6,1,4,1,64.0,,4.0,1,8.0,HARVEST_PARTS
A11207,Monitor,Noida,2.1,1,3,0,83.0,,2.0,1,5.0,REDEPLOY
A11208,Server,Hyderabad,9.0,1,4,0,57.0,,9.0,1,25.0,RECYCLE
A11209,Laptop,Pune,5.7,3,3,1,42.0,48.0,4.0,0,2.2,RECYCLE
A11210,Monitor,Pune,2.4,1,4,0,90.0,,2.0,1,5.0,REDEPLOY
A11211,Monitor,Pune,7.7,1,2,1,19.0,,8.0,1,5.0,RECYCLE
A11212,Laptop,Hyderabad,3.0,2,4,0,87.0,64.0,2.0,1,2.2,REDEPLOY
A11213,Laptop,Gurugram,3.3,3,2,0,78.0,77.0,2.0,1,2.2,REDEPLOY
A11214,Laptop,Bengaluru,3.0,1,3,0,73.0,73.0,1.0,1,2.2,REDEPLOY
A11215,Laptop,Mumbai,7.0,2,3,0,61.0,22.0,7.0,1,2.2,RECYCLE
A11216,Network,Hyderabad,6.5,1,2,0,48.0,,5.0,1,4.0,RECYCLE
A11217,Laptop,Bengaluru,3.7,1,4,0,83.0,73.0,4.0,1,2.2,REDEPLOY
A11218,Desktop,Hyderabad,3.8,3,2,0,82.0,,4.0,1,8.0,REFURBISH_RESELL
A11219,Monitor,Bengaluru,5.6,2,4,1,46.0,,5.0,1,5.0,RECYCLE
A11220,Laptop,Bengaluru,5.5,2,4,0,56.0,30.0,5.0,1,2.2,HARVEST_PARTS
A11221,Monitor,Noida,3.9,1,1,0,72.0,,5.0,1,5.0,REFURBISH_RESELL
A11222,Laptop,Bengaluru,4.0,2,4,0,67.0,64.0,4.0,1,2.2,REFURBISH_RESELL
A11223,Desktop,Bengaluru,5.7,1,4,0,69.0,,6.0,1,8.0,REFURBISH_RESELL
A11224,Laptop,Pune,1.7,1,4,0,92.0,87.0,1.0,1,2.2,REDEPLOY
A11225,Laptop,Pune,4.7,2,3,0,68.0,43.0,4.0,1,2.2,HARVEST_PARTS
A11226,Laptop,Kolkata,4.6,2,2,0,81.0,54.0,3.0,1,2.2,HARVEST_PARTS
A11227,Monitor,Chennai,7.1,2,4,1,44.0,,7.0,1,5.0,RECYCLE
A11228,Monitor,Bengaluru,4.9,1,3,1,39.0,,4.0,1,5.0,HARVEST_PARTS
A11229,Monitor,Chennai,5.2,2,2,1,28.0,,5.0,1,5.0,RECYCLE
A11230,Laptop,Pune,2.9,3,2,0,81.0,75.0,3.0,1,2.2,HARVEST_PARTS
A11231,Mobile,Pune,3.0,3,2,0,85.0,74.0,3.0,1,0.2,HARVEST_PARTS
A11232,Laptop,Pune,4.7,1,4,0,70.0,60.0,4.0,1,2.2,REFURBISH_RESELL
A11233,Server,Noida,1.3,1,4,1,73.0,,1.0,1,25.0,REFURBISH_RESELL
A11234,Monitor,Gurugram,3.4,1,3,0,78.0,,2.0,1,5.0,REDEPLOY
A11235,Desktop,Hyderabad,2.2,1,3,1,62.0,,3.0,1,8.0,HARVEST_PARTS
A11236,Laptop,Hyderabad,3.0,3,2,0,74.0,77.0,1.0,1,2.2,HARVEST_PARTS
A11237,Monitor,Bengaluru,1.4,1,1,0,93.0,,0.0,1,5.0,REDEPLOY
A11238,Monitor,Chennai,2.3,1,2,0,86.0,,3.0,1,5.0,REDEPLOY
A11239,Laptop,Mumbai,6.7,1,3,0,68.0,17.0,7.0,1,2.2,RECYCLE
A11240,Monitor,Noida,2.2,3,3,0,87.0,,2.0,1,5.0,REDEPLOY
A11241,Laptop,Hyderabad,2.6,1,4,0,88.0,69.0,1.0,1,2.2,REDEPLOY
A11242,Desktop,Noida,3.1,3,3,1,50.0,,0.0,1,8.0,HARVEST_PARTS
A11243,Monitor,Bengaluru,5.2,3,4,0,69.0,,6.0,1,5.0,REFURBISH_RESELL
A11244,Server,Bengaluru,3.6,1,2,0,73.0,,3.0,1,25.0,REFURBISH_RESELL
A11245,Desktop,Bengaluru,1.7,2,2,0,85.0,,2.0,0,8.0,HARVEST_PARTS
A11246,Laptop,Noida,1.3,1,1,0,92.0,87.0,0.0,1,2.2,REDEPLOY
A11247,Desktop,Kolkata,3.4,1,3,0,73.0,,3.0,1,8.0,REFURBISH_RESELL
A11248,Laptop,Pune,3.6,1,4,0,78.0,72.0,2.0,1,2.2,REDEPLOY
A11249,Desktop,Bengaluru,5.9,3,4,0,68.0,,5.0,1,8.0,HARVEST_PARTS
A11250,Desktop,Pune,2.3,1,1,0,89.0,,3.0,1,8.0,REFURBISH_RESELL
A11251,Monitor,Mumbai,7.4,1,4,0,56.0,,5.0,1,5.0,REFURBISH_RESELL
A11252,Laptop,Hyderabad,1.7,1,3,1,48.0,78.0,3.0,1,2.2,HARVEST_PARTS
A11253,Laptop,Mumbai,1.7,1,4,0,88.0,86.0,0.0,1,2.2,REDEPLOY
A11254,Desktop,Chennai,3.3,1,2,0,83.0,,2.0,1,8.0,REDEPLOY
A11255,Laptop,Chennai,5.8,1,3,1,33.0,36.0,5.0,1,2.2,RECYCLE
A11256,Laptop,Pune,4.4,1,3,0,80.0,53.0,6.0,1,2.2,HARVEST_PARTS
A11257,Laptop,Hyderabad,2.3,1,2,0,89.0,78.0,2.0,1,2.2,REDEPLOY
A11258,Desktop,Hyderabad,9.2,2,3,1,41.0,,9.0,1,8.0,RECYCLE
A11259,Laptop,Pune,4.3,2,3,0,68.0,69.0,3.0,1,2.2,REFURBISH_RESELL
A11260,Desktop,Noida,4.5,1,4,0,76.0,,4.0,1,8.0,REFURBISH_RESELL
A11261,Network,Hyderabad,5.5,2,4,0,54.0,,5.0,1,4.0,HARVEST_PARTS
A11262,Desktop,Noida,4.5,1,4,0,80.0,,3.0,1,8.0,REFURBISH_RESELL
A11263,Laptop,Noida,3.1,1,1,1,46.0,66.0,2.0,1,2.2,HARVEST_PARTS
A11264,Laptop,Mumbai,7.9,3,4,0,68.0,28.0,7.0,1,2.2,RECYCLE
A11265,Laptop,Chennai,7.1,2,3,1,11.0,28.0,7.0,1,2.2,RECYCLE
A11266,Desktop,Pune,8.6,2,4,1,32.0,,8.0,0,8.0,RECYCLE
A11267,Monitor,Bengaluru,3.2,1,3,1,54.0,,3.0,1,5.0,HARVEST_PARTS
A11268,Laptop,Mumbai,7.8,1,4,0,58.0,6.0,6.0,1,2.2,RECYCLE
A11269,Laptop,Pune,2.2,2,2,0,87.0,81.0,3.0,1,2.2,REFURBISH_RESELL
A11270,Laptop,Gurugram,4.0,3,2,0,69.0,61.0,4.0,1,2.2,REFURBISH_RESELL
A11271,Laptop,Pune,5.5,2,3,0,53.0,55.0,5.0,1,2.2,HARVEST_PARTS
A11272,Mobile,Mumbai,1.9,1,2,0,89.0,84.0,1.0,1,0.2,REDEPLOY
A11273,Laptop,Mumbai,8.3,2,4,1,35.0,36.0,7.0,1,2.2,RECYCLE
A11274,Laptop,Bengaluru,3.1,1,3,0,83.0,72.0,2.0,1,2.2,REDEPLOY
A11275,Laptop,Chennai,7.2,1,4,0,40.0,43.0,6.0,1,2.2,RECYCLE
A11276,Laptop,Gurugram,2.1,2,3,1,68.0,79.0,2.0,1,2.2,HARVEST_PARTS
A11277,Laptop,Bengaluru,3.9,2,3,0,76.0,53.0,4.0,1,2.2,REFURBISH_RESELL
A11278,Laptop,Pune,2.8,2,3,0,86.0,66.0,3.0,1,2.2,REFURBISH_RESELL
A11279,Laptop,Hyderabad,2.8,1,2,0,84.0,65.0,3.0,1,2.2,REDEPLOY
A11280,Laptop,Hyderabad,2.2,1,1,0,88.0,78.0,1.0,1,2.2,REDEPLOY
A11281,Monitor,Hyderabad,2.1,1,4,0,83.0,,2.0,1,5.0,REDEPLOY
A11282,Desktop,Hyderabad,2.3,1,2,0,88.0,,3.0,0,8.0,HARVEST_PARTS
A11283,Laptop,Hyderabad,2.3,2,2,1,44.0,78.0,4.0,1,2.2,RECYCLE
A11284,Network,Pune,6.5,2,3,0,51.0,,6.0,1,4.0,HARVEST_PARTS
A11285,Laptop,Kolkata,7.0,2,3,1,23.0,31.0,6.0,1,2.2,RECYCLE
A11286,Mobile,Gurugram,1.9,2,2,1,58.0,78.0,2.0,1,0.2,HARVEST_PARTS
A11287,Mobile,Hyderabad,3.5,1,4,0,83.0,55.0,3.0,1,0.2,REDEPLOY
A11288,Laptop,Pune,6.4,1,3,1,31.0,29.0,5.0,1,2.2,RECYCLE
A11289,Laptop,Kolkata,5.2,2,3,1,38.0,37.0,5.0,1,2.2,RECYCLE
A11290,Server,Noida,3.4,1,3,0,80.0,,3.0,1,25.0,REFURBISH_RESELL
A11291,Laptop,Hyderabad,2.8,1,1,0,83.0,66.0,4.0,0,2.2,HARVEST_PARTS
A11292,Laptop,Pune,1.9,3,4,0,84.0,78.0,2.0,1,2.2,REDEPLOY
A11293,Desktop,Mumbai,8.1,1,1,1,24.0,,8.0,1,8.0,RECYCLE
A11294,Desktop,Chennai,4.5,3,3,0,78.0,,4.0,1,8.0,HARVEST_PARTS
A11295,Network,Mumbai,4.1,2,4,1,58.0,,4.0,1,4.0,RECYCLE
A11296,Monitor,Bengaluru,2.5,2,4,0,79.0,,3.0,1,5.0,REDEPLOY
A11297,Network,Kolkata,3.8,1,2,0,76.0,,5.0,1,4.0,HARVEST_PARTS
A11298,Monitor,Hyderabad,6.5,2,4,1,24.0,,6.0,0,5.0,RECYCLE
A11299,Monitor,Hyderabad,1.8,1,4,0,88.0,,1.0,1,5.0,REDEPLOY
A11300,Desktop,Mumbai,2.5,3,3,0,87.0,,2.0,1,8.0,REFURBISH_RESELL
A11301,Mobile,Bengaluru,2.0,1,1,1,55.0,79.0,0.0,1,0.2,REFURBISH_RESELL
A11302,Mobile,Mumbai,7.3,1,3,0,66.0,23.0,7.0,1,0.2,RECYCLE
A11303,Server,Mumbai,1.8,2,3,1,54.0,,2.0,1,25.0,HARVEST_PARTS
A11304,Monitor,Mumbai,4.4,1,2,0,69.0,,4.0,1,5.0,REDEPLOY
A11305,Desktop,Pune,2.0,1,3,1,61.0,,1.0,1,8.0,HARVEST_PARTS
A11306,Laptop,Noida,4.2,2,4,0,69.0,64.0,4.0,1,2.2,REFURBISH_RESELL
A11307,Network,Pune,2.0,1,3,0,83.0,,2.0,1,4.0,REDEPLOY
A11308,Laptop,Pune,3.0,1,3,0,74.0,67.0,3.0,1,2.2,REDEPLOY
A11309,Laptop,Gurugram,7.8,1,4,1,14.0,35.0,6.0,0,2.2,RECYCLE
A11310,Laptop,Gurugram,4.8,1,4,1,48.0,63.0,5.0,1,2.2,HARVEST_PARTS
A11311,Desktop,Hyderabad,4.1,1,3,1,41.0,,4.0,1,8.0,HARVEST_PARTS
A11312,Desktop,Mumbai,4.7,1,4,1,59.0,,4.0,1,8.0,HARVEST_PARTS
A11313,Laptop,Pune,8.1,1,2,0,64.0,8.0,7.0,1,2.2,RECYCLE
A11314,Laptop,Mumbai,4.2,1,3,0,64.0,69.0,4.0,1,2.2,REFURBISH_RESELL
A11315,Laptop,Bengaluru,6.3,1,4,0,66.0,45.0,5.0,1,2.2,HARVEST_PARTS
A11316,Laptop,Gurugram,6.4,1,1,0,69.0,19.0,5.0,1,2.2,RECYCLE
A11317,Laptop,Pune,6.0,1,2,0,73.0,52.0,6.0,1,2.2,RECYCLE
A11318,Monitor,Bengaluru,10.0,1,3,1,34.0,,9.0,1,5.0,RECYCLE
A11319,Laptop,Bengaluru,5.2,1,2,0,57.0,63.0,5.0,1,2.2,REFURBISH_RESELL
A11320,Laptop,Gurugram,6.1,2,3,0,47.0,37.0,5.0,1,2.2,HARVEST_PARTS
A11321,Laptop,Mumbai,3.0,1,4,1,59.0,64.0,3.0,1,2.2,HARVEST_PARTS
A11322,Desktop,Gurugram,3.9,1,3,0,68.0,,3.0,1,8.0,REFURBISH_RESELL
A11323,Network,Gurugram,3.8,2,4,0,74.0,,4.0,1,4.0,REDEPLOY
A11324,Laptop,Bengaluru,2.5,3,1,0,86.0,68.0,1.0,1,2.2,REFURBISH_RESELL
A11325,Laptop,Mumbai,2.6,3,3,0,86.0,67.0,3.0,1,2.2,REFURBISH_RESELL
A11326,Monitor,Noida,3.8,2,2,0,77.0,,4.0,1,5.0,REFURBISH_RESELL
A11327,Laptop,Gurugram,4.3,1,4,0,80.0,69.0,4.0,1,2.2,REFURBISH_RESELL
A11328,Server,Hyderabad,8.0,2,3,0,42.0,,7.0,1,25.0,HARVEST_PARTS
A11329,Mobile,Mumbai,2.5,2,4,0,90.0,76.0,3.0,1,0.2,REDEPLOY
A11330,Monitor,Pune,2.4,3,3,0,80.0,,1.0,1,5.0,REDEPLOY
A11331,Mobile,Gurugram,1.8,1,3,0,86.0,87.0,1.0,1,0.2,REDEPLOY
A11332,Laptop,Kolkata,5.6,1,3,1,41.0,57.0,6.0,1,2.2,RECYCLE
A11333,Laptop,Chennai,8.9,1,3,1,31.0,8.0,8.0,1,2.2,RECYCLE
A11334,Laptop,Pune,3.7,1,4,0,78.0,68.0,4.0,1,2.2,REFURBISH_RESELL
A11335,Laptop,Hyderabad,4.4,2,3,1,45.0,58.0,3.0,1,2.2,RECYCLE
A11336,Laptop,Hyderabad,3.7,3,4,0,76.0,64.0,4.0,1,2.2,REFURBISH_RESELL
A11337,Desktop,Hyderabad,5.3,1,2,0,54.0,,6.0,1,8.0,REFURBISH_RESELL
A11338,Desktop,Pune,2.2,1,3,0,83.0,,2.0,1,8.0,REDEPLOY
A11339,Laptop,Bengaluru,4.8,1,2,0,62.0,43.0,5.0,1,2.2,HARVEST_PARTS
A11340,Monitor,Mumbai,3.7,1,1,0,72.0,,3.0,1,5.0,REFURBISH_RESELL
A11341,Laptop,Bengaluru,5.7,3,3,1,31.0,57.0,7.0,1,2.2,RECYCLE
A11342,Laptop,Hyderabad,5.6,1,3,0,66.0,42.0,5.0,1,2.2,REFURBISH_RESELL
A11343,Laptop,Noida,4.6,1,3,1,56.0,44.0,3.0,1,2.2,RECYCLE
A11344,Monitor,Mumbai,3.4,1,3,0,78.0,,2.0,1,5.0,REDEPLOY
A11345,Desktop,Mumbai,2.5,1,3,0,80.0,,3.0,1,8.0,REDEPLOY
A11346,Monitor,Gurugram,5.5,2,1,0,75.0,,6.0,1,5.0,HARVEST_PARTS
A11347,Laptop,Pune,4.0,1,3,0,75.0,64.0,2.0,1,2.2,REFURBISH_RESELL
A11348,Laptop,Bengaluru,4.0,3,2,1,48.0,59.0,4.0,1,2.2,RECYCLE
A11349,Mobile,Hyderabad,3.2,2,3,0,80.0,76.0,3.0,1,0.2,REFURBISH_RESELL
A11350,Laptop,Pune,7.4,1,2,0,63.0,33.0,8.0,1,2.2,RECYCLE
A11351,Laptop,Pune,7.6,1,3,1,16.0,5.0,6.0,1,2.2,RECYCLE
A11352,Laptop,Bengaluru,3.3,1,3,0,76.0,64.0,4.0,1,2.2,REDEPLOY
A11353,Laptop,Noida,2.7,1,1,0,83.0,76.0,4.0,1,2.2,REFURBISH_RESELL
A11354,Desktop,Noida,3.5,1,2,0,82.0,,3.0,1,8.0,REDEPLOY
A11355,Laptop,Bengaluru,2.8,1,3,1,61.0,80.0,2.0,1,2.2,HARVEST_PARTS
A11356,Desktop,Pune,4.8,1,3,0,76.0,,6.0,1,8.0,HARVEST_PARTS
A11357,Mobile,Bengaluru,3.9,1,4,0,66.0,57.0,4.0,1,0.2,REFURBISH_RESELL
A11358,Laptop,Bengaluru,5.4,2,4,0,72.0,57.0,5.0,1,2.2,HARVEST_PARTS
A11359,Laptop,Kolkata,3.3,2,4,0,80.0,75.0,2.0,1,2.2,REDEPLOY
A11360,Server,Bengaluru,10.0,1,1,0,35.0,,10.0,1,25.0,RECYCLE
A11361,Desktop,Pune,1.9,1,4,0,86.0,,2.0,1,8.0,REDEPLOY
A11362,Network,Gurugram,3.9,3,3,0,70.0,,3.0,1,4.0,HARVEST_PARTS
A11363,Laptop,Bengaluru,10.0,1,2,1,5.0,5.0,9.0,1,2.2,RECYCLE
A11364,Monitor,Chennai,5.5,1,3,1,39.0,,5.0,1,5.0,RECYCLE
A11365,Mobile,Chennai,3.6,1,2,0,69.0,61.0,4.0,1,0.2,REFURBISH_RESELL
A11366,Laptop,Gurugram,4.6,1,3,1,61.0,54.0,5.0,1,2.2,HARVEST_PARTS
A11367,Server,Pune,2.1,1,3,0,87.0,,1.0,1,25.0,REDEPLOY
A11368,Monitor,Mumbai,4.0,3,3,0,80.0,,3.0,1,5.0,REDEPLOY
A11369,Server,Mumbai,2.1,2,3,0,91.0,,3.0,1,25.0,REDEPLOY
A11370,Laptop,Chennai,1.5,2,1,0,93.0,83.0,1.0,1,2.2,REDEPLOY
A11371,Laptop,Chennai,7.2,3,3,0,62.0,7.0,7.0,1,2.2,RECYCLE
A11372,Laptop,Gurugram,2.9,1,2,0,80.0,71.0,2.0,1,2.2,REFURBISH_RESELL
A11373,Mobile,Bengaluru,2.0,3,1,0,84.0,75.0,2.0,1,0.2,REDEPLOY
A11374,Laptop,Bengaluru,3.4,3,4,0,70.0,69.0,4.0,1,2.2,REFURBISH_RESELL
A11375,Laptop,Hyderabad,5.3,2,4,1,31.0,54.0,5.0,1,2.2,RECYCLE
A11376,Network,Gurugram,2.1,3,4,0,82.0,,2.0,1,4.0,REDEPLOY
A11377,Laptop,Bengaluru,3.1,2,1,0,80.0,67.0,4.0,1,2.2,REFURBISH_RESELL
A11378,Desktop,Bengaluru,5.6,1,3,0,66.0,,4.0,1,8.0,HARVEST_PARTS
A11379,Laptop,Pune,4.1,1,3,0,74.0,70.0,4.0,1,2.2,REFURBISH_RESELL
A11380,Monitor,Bengaluru,7.3,2,3,0,36.0,,7.0,1,5.0,HARVEST_PARTS
A11381,Laptop,Bengaluru,5.7,2,2,1,41.0,48.0,6.0,1,2.2,RECYCLE
A11382,Desktop,Chennai,5.0,1,3,0,61.0,,5.0,1,8.0,HARVEST_PARTS
A11383,Desktop,Hyderabad,5.6,1,4,0,76.0,,5.0,1,8.0,REFURBISH_RESELL
A11384,Laptop,Pune,1.9,1,3,0,83.0,76.0,2.0,1,2.2,REDEPLOY
A11385,Laptop,Hyderabad,3.8,1,3,1,44.0,53.0,4.0,1,2.2,RECYCLE
A11386,Laptop,Gurugram,9.4,1,3,0,34.0,5.0,9.0,1,2.2,RECYCLE
A11387,Monitor,Mumbai,3.2,1,4,1,55.0,,3.0,1,5.0,HARVEST_PARTS
A11388,Laptop,Hyderabad,3.9,1,4,0,83.0,57.0,3.0,1,2.2,REFURBISH_RESELL
A11389,Laptop,Gurugram,2.9,3,4,1,71.0,69.0,2.0,1,2.2,HARVEST_PARTS
A11390,Laptop,Hyderabad,2.9,1,1,0,75.0,64.0,3.0,1,2.2,REDEPLOY
A11391,Desktop,Pune,5.9,3,4,0,70.0,,6.0,1,8.0,RECYCLE
A11392,Monitor,Mumbai,9.2,1,3,1,40.0,,9.0,1,5.0,RECYCLE
A11393,Laptop,Kolkata,7.7,1,4,1,10.0,15.0,8.0,1,2.2,RECYCLE
A11394,Network,Pune,1.4,2,4,1,80.0,,1.0,1,4.0,REDEPLOY
A11395,Monitor,Chennai,3.7,3,3,0,69.0,,3.0,1,5.0,REDEPLOY
A11396,Server,Hyderabad,3.2,2,1,0,72.0,,1.0,1,25.0,REFURBISH_RESELL
A11397,Monitor,Bengaluru,2.2,3,3,0,89.0,,2.0,1,5.0,REDEPLOY
A11398,Laptop,Pune,6.1,1,2,0,73.0,34.0,5.0,1,2.2,HARVEST_PARTS
A11399,Mobile,Hyderabad,3.4,1,2,0,86.0,63.0,3.0,0,0.2,HARVEST_PARTS
A11400,Monitor,Noida,2.3,3,3,0,88.0,,1.0,1,5.0,REDEPLOY
A11401,Desktop,Mumbai,4.7,1,2,0,77.0,,4.0,1,8.0,HARVEST_PARTS
A11402,Laptop,Bengaluru,2.1,1,4,1,69.0,84.0,2.0,1,2.2,HARVEST_PARTS
A11403,Laptop,Mumbai,6.7,1,4,1,27.0,14.0,6.0,1,2.2,RECYCLE
A11404,Monitor,Mumbai,7.0,2,3,0,57.0,,6.0,1,5.0,HARVEST_PARTS
A11405,Laptop,Chennai,5.5,1,3,0,68.0,51.0,4.0,1,2.2,HARVEST_PARTS
A11406,Monitor,Noida,4.9,1,3,0,70.0,,6.0,1,5.0,HARVEST_PARTS
A11407,Laptop,Chennai,3.7,1,1,0,70.0,66.0,3.0,1,2.2,HARVEST_PARTS
A11408,Desktop,Mumbai,4.5,1,4,1,42.0,,5.0,1,8.0,RECYCLE
A11409,Laptop,Chennai,3.7,1,1,0,82.0,56.0,3.0,1,2.2,REFURBISH_RESELL
A11410,Laptop,Chennai,1.8,1,3,0,90.0,82.0,3.0,1,2.2,REDEPLOY
A11411,Laptop,Bengaluru,5.4,2,2,1,45.0,58.0,5.0,1,2.2,RECYCLE
A11412,Server,Kolkata,7.4,1,3,0,44.0,,7.0,1,25.0,RECYCLE
A11413,Desktop,Kolkata,2.9,2,3,0,74.0,,2.0,1,8.0,REDEPLOY
A11414,Mobile,Gurugram,5.8,1,2,0,76.0,58.0,4.0,1,0.2,HARVEST_PARTS
A11415,Monitor,Bengaluru,3.9,1,3,0,77.0,,5.0,1,5.0,REDEPLOY
A11416,Monitor,Pune,3.0,2,2,1,69.0,,4.0,1,5.0,HARVEST_PARTS
A11417,Desktop,Gurugram,1.3,1,3,0,95.0,,1.0,1,8.0,REDEPLOY
A11418,Server,Mumbai,5.5,1,4,0,56.0,,6.0,1,25.0,REFURBISH_RESELL
A11419,Mobile,Bengaluru,4.9,1,2,0,70.0,60.0,3.0,1,0.2,HARVEST_PARTS
A11420,Monitor,Bengaluru,2.3,1,3,0,84.0,,2.0,1,5.0,REDEPLOY
A11421,Laptop,Hyderabad,3.4,1,3,1,58.0,73.0,3.0,1,2.2,HARVEST_PARTS
A11422,Monitor,Hyderabad,3.9,2,3,1,41.0,,3.0,1,5.0,HARVEST_PARTS
A11423,Laptop,Bengaluru,4.6,1,2,1,53.0,50.0,5.0,1,2.2,RECYCLE
A11424,Laptop,Chennai,6.4,1,2,1,33.0,40.0,4.0,1,2.2,RECYCLE
A11425,Monitor,Chennai,3.6,1,1,0,83.0,,3.0,1,5.0,REDEPLOY
A11426,Server,Gurugram,1.7,1,3,0,88.0,,0.0,1,25.0,REDEPLOY
A11427,Laptop,Pune,4.0,1,4,1,26.0,68.0,3.0,0,2.2,HARVEST_PARTS
A11428,Laptop,Kolkata,3.2,1,3,0,83.0,59.0,3.0,1,2.2,REFURBISH_RESELL
A11429,Network,Noida,2.6,1,2,0,83.0,,2.0,1,4.0,REFURBISH_RESELL
A11430,Laptop,Chennai,5.9,1,3,1,27.0,57.0,5.0,1,2.2,RECYCLE
A11431,Laptop,Bengaluru,2.5,1,2,0,87.0,69.0,1.0,1,2.2,REDEPLOY
A11432,Monitor,Gurugram,2.0,3,1,0,90.0,,3.0,1,5.0,REDEPLOY
A11433,Server,Bengaluru,3.1,2,1,0,86.0,,2.0,1,25.0,REDEPLOY
A11434,Desktop,Bengaluru,3.9,2,4,1,59.0,,4.0,1,8.0,HARVEST_PARTS
A11435,Desktop,Gurugram,4.1,1,4,0,78.0,,4.0,1,8.0,REDEPLOY
A11436,Laptop,Chennai,6.8,1,4,0,50.0,16.0,7.0,1,2.2,RECYCLE
A11437,Laptop,Hyderabad,2.8,1,1,0,88.0,73.0,4.0,1,2.2,REFURBISH_RESELL
A11438,Monitor,Hyderabad,5.5,1,2,1,38.0,,5.0,1,5.0,RECYCLE
A11439,Server,Hyderabad,3.1,2,4,0,81.0,,4.0,1,25.0,REDEPLOY
A11440,Laptop,Noida,1.4,3,3,0,91.0,82.0,2.0,1,2.2,REDEPLOY
A11441,Laptop,Bengaluru,6.5,1,1,0,64.0,19.0,6.0,1,2.2,RECYCLE
A11442,Laptop,Chennai,1.8,1,4,0,87.0,81.0,1.0,1,2.2,REDEPLOY
A11443,Laptop,Hyderabad,4.4,2,3,0,66.0,52.0,4.0,1,2.2,HARVEST_PARTS
A11444,Laptop,Bengaluru,1.9,1,2,0,92.0,82.0,2.0,1,2.2,REDEPLOY
A11445,Laptop,Hyderabad,4.8,2,4,0,59.0,56.0,4.0,1,2.2,REFURBISH_RESELL
A11446,Monitor,Pune,2.1,2,3,0,85.0,,2.0,1,5.0,REDEPLOY
A11447,Laptop,Bengaluru,1.6,2,1,0,88.0,86.0,2.0,1,2.2,REDEPLOY
A11448,Monitor,Hyderabad,3.5,1,4,1,42.0,,2.0,1,5.0,HARVEST_PARTS
A11449,Desktop,Kolkata,1.1,1,3,1,62.0,,1.0,1,8.0,REFURBISH_RESELL
A11450,Server,Mumbai,3.6,2,2,0,78.0,,4.0,1,25.0,REDEPLOY
A11451,Mobile,Bengaluru,5.5,1,3,0,73.0,60.0,5.0,1,0.2,REFURBISH_RESELL
A11452,Laptop,Gurugram,9.3,2,4,0,39.0,6.0,7.0,1,2.2,RECYCLE
A11453,Laptop,Gurugram,4.2,1,2,0,64.0,64.0,3.0,1,2.2,REFURBISH_RESELL
A11454,Monitor,Mumbai,3.8,1,3,0,76.0,,4.0,1,5.0,REDEPLOY
A11455,Laptop,Chennai,6.6,1,3,0,67.0,30.0,6.0,1,2.2,RECYCLE
A11456,Laptop,Pune,2.1,2,4,0,86.0,79.0,1.0,1,2.2,REDEPLOY
A11457,Laptop,Hyderabad,2.5,1,1,0,86.0,81.0,2.0,1,2.2,REFURBISH_RESELL
A11458,Network,Noida,5.4,1,2,1,14.0,,5.0,1,4.0,RECYCLE
A11459,Laptop,Bengaluru,3.0,1,4,0,82.0,76.0,2.0,1,2.2,REDEPLOY
A11460,Desktop,Noida,3.3,2,4,0,74.0,,3.0,1,8.0,REDEPLOY
A11461,Laptop,Noida,4.0,2,2,0,74.0,55.0,4.0,1,2.2,REFURBISH_RESELL
A11462,Monitor,Bengaluru,2.2,1,2,1,53.0,,2.0,1,5.0,HARVEST_PARTS
A11463,Laptop,Chennai,1.6,1,3,0,88.0,86.0,1.0,1,2.2,REDEPLOY
A11464,Network,Noida,2.4,2,2,0,90.0,,1.0,1,4.0,REDEPLOY
A11465,Monitor,Mumbai,3.2,2,4,0,74.0,,4.0,1,5.0,REDEPLOY
A11466,Laptop,Gurugram,4.8,1,4,0,59.0,43.0,5.0,1,2.2,HARVEST_PARTS
A11467,Laptop,Mumbai,3.8,1,1,0,74.0,68.0,4.0,1,2.2,HARVEST_PARTS
A11468,Server,Bengaluru,5.3,2,3,1,58.0,,5.0,1,25.0,RECYCLE
A11469,Monitor,Hyderabad,3.8,2,4,0,81.0,,4.0,1,5.0,REDEPLOY
A11470,Laptop,Gurugram,5.7,1,3,1,32.0,47.0,5.0,1,2.2,RECYCLE
A11471,Laptop,Hyderabad,3.4,1,3,0,83.0,60.0,4.0,1,2.2,REFURBISH_RESELL
A11472,Laptop,Gurugram,1.2,2,1,0,92.0,89.0,1.0,1,2.2,REDEPLOY
A11473,Laptop,Bengaluru,2.8,1,4,0,77.0,67.0,2.0,1,2.2,REFURBISH_RESELL
A11474,Laptop,Pune,4.0,2,2,0,69.0,50.0,5.0,1,2.2,HARVEST_PARTS
A11475,Laptop,Bengaluru,5.1,2,2,0,79.0,46.0,5.0,1,2.2,HARVEST_PARTS
A11476,Laptop,Bengaluru,2.9,1,2,0,78.0,70.0,2.0,1,2.2,REDEPLOY
A11477,Network,Chennai,4.3,1,2,0,83.0,,4.0,1,4.0,REFURBISH_RESELL
A11478,Monitor,Mumbai,3.1,1,2,0,83.0,,3.0,1,5.0,REDEPLOY
A11479,Server,Chennai,2.5,2,3,0,85.0,,2.0,1,25.0,REDEPLOY
A11480,Monitor,Mumbai,5.1,3,4,1,51.0,,5.0,1,5.0,RECYCLE
A11481,Monitor,Gurugram,4.6,3,1,0,67.0,,3.0,1,5.0,HARVEST_PARTS
A11482,Laptop,Gurugram,10.0,2,4,1,5.0,22.0,9.0,0,2.2,RECYCLE
A11483,Monitor,Bengaluru,2.9,2,3,0,86.0,,2.0,1,5.0,REDEPLOY
A11484,Laptop,Chennai,6.9,3,4,0,49.0,27.0,6.0,1,2.2,RECYCLE
A11485,Desktop,Bengaluru,1.8,1,3,0,91.0,,1.0,1,8.0,REDEPLOY
A11486,Mobile,Chennai,6.9,3,3,0,61.0,10.0,5.0,1,0.2,RECYCLE
A11487,Network,Hyderabad,3.9,1,3,0,69.0,,4.0,1,4.0,REFURBISH_RESELL
A11488,Laptop,Bengaluru,3.2,2,3,0,86.0,62.0,4.0,1,2.2,REDEPLOY
A11489,Monitor,Mumbai,4.6,1,3,0,81.0,,4.0,1,5.0,REFURBISH_RESELL
A11490,Laptop,Chennai,4.8,1,1,0,72.0,39.0,6.0,1,2.2,HARVEST_PARTS
A11491,Laptop,Noida,6.5,1,3,0,60.0,45.0,6.0,1,2.2,RECYCLE
A11492,Laptop,Bengaluru,2.4,1,1,0,85.0,71.0,2.0,1,2.2,REFURBISH_RESELL
A11493,Laptop,Chennai,1.8,2,4,0,88.0,82.0,1.0,1,2.2,REDEPLOY
A11494,Monitor,Chennai,4.6,3,3,1,48.0,,5.0,1,5.0,RECYCLE
A11495,Laptop,Mumbai,4.5,2,4,0,68.0,54.0,3.0,1,2.2,HARVEST_PARTS
A11496,Laptop,Mumbai,6.4,1,3,1,21.0,34.0,6.0,0,2.2,RECYCLE
A11497,Mobile,Bengaluru,3.0,2,1,0,80.0,77.0,1.0,1,0.2,REFURBISH_RESELL
A11498,Desktop,Gurugram,2.7,1,4,0,83.0,,3.0,1,8.0,REDEPLOY
A11499,Laptop,Mumbai,4.6,1,2,0,79.0,63.0,5.0,1,2.2,HARVEST_PARTS
A11500,Desktop,Pune,4.0,3,2,0,64.0,,3.0,1,8.0,HARVEST_PARTS
A11501,Desktop,Chennai,5.0,1,4,0,64.0,,4.0,1,8.0,REFURBISH_RESELL
A11502,Desktop,Chennai,2.7,2,3,0,86.0,,3.0,1,8.0,REDEPLOY
A11503,Monitor,Bengaluru,6.9,1,4,1,25.0,,8.0,1,5.0,RECYCLE
A11504,Network,Noida,4.4,3,3,1,48.0,,4.0,1,4.0,RECYCLE
A11505,Laptop,Hyderabad,6.4,2,2,0,61.0,52.0,6.0,1,2.2,RECYCLE
A11506,Desktop,Mumbai,3.6,1,4,0,75.0,,2.0,1,8.0,REFURBISH_RESELL
A11507,Laptop,Kolkata,2.6,1,1,0,87.0,67.0,3.0,1,2.2,REFURBISH_RESELL
A11508,Network,Bengaluru,4.7,1,2,0,58.0,,5.0,0,4.0,HARVEST_PARTS
A11509,Laptop,Hyderabad,5.3,1,4,0,67.0,36.0,4.0,0,2.2,HARVEST_PARTS
A11510,Laptop,Chennai,1.6,2,3,0,89.0,84.0,1.0,1,2.2,REDEPLOY
A11511,Mobile,Chennai,8.9,2,3,0,60.0,30.0,9.0,1,0.2,RECYCLE
A11512,Desktop,Bengaluru,2.7,1,3,0,77.0,,3.0,1,8.0,REFURBISH_RESELL
A11513,Laptop,Gurugram,4.2,1,3,0,69.0,69.0,3.0,1,2.2,REFURBISH_RESELL
A11514,Laptop,Mumbai,5.2,1,3,0,77.0,59.0,6.0,1,2.2,REFURBISH_RESELL
A11515,Laptop,Hyderabad,3.9,2,1,0,76.0,66.0,3.0,1,2.2,HARVEST_PARTS
A11516,Mobile,Hyderabad,4.1,1,4,1,68.0,57.0,3.0,1,0.2,HARVEST_PARTS
A11517,Laptop,Gurugram,4.1,2,3,1,61.0,70.0,4.0,1,2.2,RECYCLE
A11518,Laptop,Mumbai,1.3,2,4,0,92.0,88.0,3.0,1,2.2,REDEPLOY
A11519,Desktop,Gurugram,4.2,1,3,0,67.0,,4.0,1,8.0,REFURBISH_RESELL
A11520,Laptop,Chennai,3.0,1,4,0,79.0,70.0,3.0,1,2.2,REDEPLOY
A11521,Laptop,Bengaluru,6.3,1,4,0,61.0,35.0,4.0,1,2.2,HARVEST_PARTS
A11522,Network,Bengaluru,5.8,3,4,0,72.0,,4.0,1,4.0,HARVEST_PARTS
A11523,Laptop,Pune,1.8,1,1,1,48.0,77.0,-0.0,1,2.2,HARVEST_PARTS
A11524,Network,Kolkata,1.8,1,4,0,90.0,,1.0,1,4.0,REDEPLOY
A11525,Monitor,Bengaluru,9.1,2,3,0,61.0,,8.0,1,5.0,RECYCLE
A11526,Laptop,Bengaluru,0.9,1,3,0,95.0,92.0,0.0,1,2.2,REDEPLOY
A11527,Monitor,Hyderabad,2.8,1,4,0,86.0,,2.0,1,5.0,REDEPLOY
A11528,Monitor,Gurugram,2.1,1,1,0,88.0,,2.0,0,5.0,HARVEST_PARTS
A11529,Monitor,Chennai,6.8,1,4,0,45.0,,5.0,1,5.0,REFURBISH_RESELL
A11530,Desktop,Gurugram,3.6,2,1,1,54.0,,3.0,1,8.0,RECYCLE
A11531,Laptop,Bengaluru,2.7,3,4,0,83.0,73.0,3.0,1,2.2,REFURBISH_RESELL
A11532,Laptop,Noida,4.0,3,3,0,68.0,53.0,4.0,1,2.2,HARVEST_PARTS
A11533,Monitor,Pune,8.7,1,2,0,43.0,,8.0,1,5.0,RECYCLE
A11534,Laptop,Pune,4.9,1,4,0,63.0,41.0,5.0,1,2.2,HARVEST_PARTS
A11535,Laptop,Gurugram,4.9,1,2,0,69.0,54.0,3.0,1,2.2,HARVEST_PARTS
A11536,Desktop,Kolkata,1.6,1,3,0,91.0,,0.0,1,8.0,REDEPLOY
A11537,Laptop,Bengaluru,6.4,2,3,0,58.0,54.0,6.0,1,2.2,RECYCLE
A11538,Monitor,Hyderabad,2.3,1,4,0,80.0,,3.0,1,5.0,REDEPLOY
A11539,Server,Bengaluru,4.7,1,4,0,79.0,,3.0,1,25.0,REDEPLOY
A11540,Server,Bengaluru,2.6,1,2,0,78.0,,2.0,1,25.0,REDEPLOY
A11541,Laptop,Pune,4.0,1,4,0,71.0,61.0,3.0,1,2.2,REFURBISH_RESELL
A11542,Laptop,Bengaluru,3.9,2,3,0,66.0,59.0,5.0,1,2.2,HARVEST_PARTS
A11543,Server,Hyderabad,10.0,3,3,1,24.0,,9.0,1,25.0,RECYCLE
A11544,Laptop,Gurugram,3.1,2,4,0,82.0,67.0,3.0,1,2.2,REFURBISH_RESELL
A11545,Monitor,Noida,4.5,1,3,0,80.0,,5.0,1,5.0,REFURBISH_RESELL
A11546,Desktop,Hyderabad,3.6,1,4,0,85.0,,3.0,1,8.0,REDEPLOY
A11547,Laptop,Pune,2.0,2,4,0,87.0,80.0,1.0,1,2.2,REDEPLOY
A11548,Laptop,Bengaluru,4.7,3,3,1,52.0,45.0,5.0,1,2.2,RECYCLE
A11549,Monitor,Hyderabad,5.9,2,3,0,59.0,,4.0,1,5.0,REFURBISH_RESELL
A11550,Laptop,Hyderabad,2.2,1,1,0,85.0,73.0,2.0,1,2.2,REDEPLOY
A11551,Network,Bengaluru,3.4,2,3,0,70.0,,3.0,1,4.0,REFURBISH_RESELL
A11552,Desktop,Chennai,4.0,1,3,0,66.0,,6.0,1,8.0,REFURBISH_RESELL
A11553,Laptop,Kolkata,5.6,1,4,1,39.0,46.0,4.0,1,2.2,RECYCLE
A11554,Monitor,Noida,5.7,3,2,1,34.0,,4.0,0,5.0,RECYCLE
A11555,Laptop,Bengaluru,1.6,3,3,0,93.0,81.0,2.0,1,2.2,REDEPLOY
A11556,Laptop,Kolkata,9.0,1,2,0,31.0,5.0,7.0,1,2.2,RECYCLE
A11557,Mobile,Bengaluru,4.9,2,4,0,66.0,38.0,5.0,1,0.2,REFURBISH_RESELL
A11558,Monitor,Bengaluru,3.9,1,3,0,77.0,,3.0,1,5.0,REFURBISH_RESELL
A11559,Desktop,Gurugram,5.6,1,2,0,55.0,,4.0,1,8.0,REFURBISH_RESELL
A11560,Server,Gurugram,7.3,3,3,0,58.0,,7.0,1,25.0,HARVEST_PARTS
A11561,Desktop,Kolkata,3.6,2,3,1,50.0,,4.0,1,8.0,RECYCLE
A11562,Laptop,Bengaluru,3.4,1,4,0,75.0,76.0,2.0,1,2.2,REDEPLOY
A11563,Laptop,Noida,2.1,2,4,1,77.0,73.0,1.0,1,2.2,REFURBISH_RESELL
A11564,Laptop,Noida,3.4,1,4,0,84.0,65.0,3.0,1,2.2,REFURBISH_RESELL
A11565,Laptop,Kolkata,5.1,1,3,0,62.0,55.0,4.0,1,2.2,REFURBISH_RESELL
A11566,Desktop,Noida,3.4,3,4,0,83.0,,4.0,1,8.0,REDEPLOY
A11567,Monitor,Bengaluru,3.3,2,2,0,83.0,,3.0,1,5.0,REFURBISH_RESELL
A11568,Laptop,Mumbai,8.1,2,2,1,41.0,8.0,8.0,1,2.2,RECYCLE
A11569,Desktop,Bengaluru,4.4,1,2,0,66.0,,4.0,1,8.0,REFURBISH_RESELL
A11570,Server,Pune,4.4,2,1,0,75.0,,3.0,1,25.0,REFURBISH_RESELL
A11571,Mobile,Bengaluru,5.1,3,3,1,35.0,35.0,6.0,1,0.2,RECYCLE
A11572,Laptop,Pune,6.1,1,2,0,58.0,21.0,6.0,1,2.2,RECYCLE
A11573,Mobile,Noida,4.1,1,3,0,73.0,55.0,2.0,1,0.2,REFURBISH_RESELL
A11574,Server,Hyderabad,2.5,1,2,0,79.0,,3.0,1,25.0,REDEPLOY
A11575,Laptop,Hyderabad,4.9,1,3,0,66.0,57.0,3.0,1,2.2,REFURBISH_RESELL
A11576,Laptop,Mumbai,6.5,1,2,1,49.0,26.0,6.0,1,2.2,RECYCLE
A11577,Laptop,Pune,4.9,2,4,1,33.0,63.0,5.0,1,2.2,RECYCLE
A11578,Monitor,Kolkata,5.6,1,2,0,69.0,,5.0,1,5.0,REFURBISH_RESELL
A11579,Desktop,Chennai,3.3,3,3,0,79.0,,5.0,1,8.0,HARVEST_PARTS
A11580,Desktop,Chennai,2.7,1,4,0,84.0,,1.0,1,8.0,REDEPLOY
A11581,Monitor,Hyderabad,4.3,2,2,0,67.0,,5.0,1,5.0,REFURBISH_RESELL
A11582,Laptop,Hyderabad,3.0,3,3,0,81.0,79.0,2.0,1,2.2,REDEPLOY
A11583,Laptop,Bengaluru,7.4,1,3,0,57.0,24.0,6.0,1,2.2,RECYCLE
A11584,Network,Gurugram,5.0,1,3,1,25.0,,6.0,0,4.0,RECYCLE
A11585,Mobile,Bengaluru,3.2,3,3,0,79.0,75.0,3.0,1,0.2,REFURBISH_RESELL
A11586,Monitor,Gurugram,2.3,1,2,0,91.0,,2.0,1,5.0,REDEPLOY
A11587,Laptop,Mumbai,6.4,1,3,0,54.0,34.0,6.0,1,2.2,RECYCLE
A11588,Laptop,Bengaluru,2.4,1,3,0,88.0,78.0,4.0,1,2.2,REFURBISH_RESELL
A11589,Laptop,Hyderabad,4.0,1,1,0,65.0,64.0,4.0,1,2.2,REFURBISH_RESELL
A11590,Laptop,Bengaluru,4.5,2,4,0,65.0,66.0,5.0,1,2.2,REFURBISH_RESELL
A11591,Laptop,Chennai,2.5,2,2,0,85.0,68.0,2.0,1,2.2,REFURBISH_RESELL
A11592,Mobile,Chennai,3.7,3,4,0,84.0,55.0,3.0,1,0.2,REFURBISH_RESELL
A11593,Monitor,Bengaluru,6.8,2,3,1,33.0,,6.0,1,5.0,RECYCLE
A11594,Laptop,Hyderabad,1.9,1,4,0,86.0,77.0,1.0,1,2.2,REDEPLOY
A11595,Laptop,Hyderabad,6.3,2,2,1,32.0,30.0,5.0,1,2.2,RECYCLE
A11596,Laptop,Noida,4.3,1,4,0,67.0,66.0,4.0,1,2.2,REFURBISH_RESELL
A11597,Desktop,Noida,2.9,1,2,0,77.0,,4.0,1,8.0,REFURBISH_RESELL
A11598,Monitor,Hyderabad,1.8,1,3,0,92.0,,2.0,1,5.0,REDEPLOY
A11599,Laptop,Gurugram,3.7,1,4,0,81.0,60.0,2.0,1,2.2,REDEPLOY
A11600,Server,Bengaluru,3.0,1,1,0,76.0,,4.0,1,25.0,REFURBISH_RESELL
A11601,Laptop,Hyderabad,3.7,1,4,1,53.0,56.0,2.0,1,2.2,HARVEST_PARTS
A11602,Laptop,Hyderabad,5.2,1,4,0,57.0,62.0,6.0,1,2.2,REFURBISH_RESELL
A11603,Mobile,Gurugram,1.7,2,3,0,93.0,87.0,1.0,1,0.2,REDEPLOY
A11604,Laptop,Bengaluru,4.2,1,3,0,70.0,54.0,6.0,1,2.2,HARVEST_PARTS
A11605,Laptop,Noida,8.3,3,2,0,46.0,6.0,9.0,1,2.2,RECYCLE
A11606,Monitor,Noida,3.2,3,4,0,74.0,,3.0,1,5.0,REDEPLOY
A11607,Laptop,Noida,4.8,3,2,0,77.0,41.0,4.0,1,2.2,HARVEST_PARTS
A11608,Laptop,Noida,1.3,1,3,0,94.0,85.0,2.0,1,2.2,REDEPLOY
A11609,Laptop,Mumbai,1.7,1,2,0,89.0,86.0,2.0,1,2.2,REDEPLOY
A11610,Laptop,Hyderabad,2.8,1,3,0,80.0,68.0,3.0,1,2.2,REDEPLOY
A11611,Desktop,Kolkata,7.0,1,4,1,40.0,,6.0,1,8.0,RECYCLE
A11612,Laptop,Bengaluru,3.0,1,2,0,74.0,76.0,2.0,0,2.2,HARVEST_PARTS
A11613,Monitor,Chennai,4.9,1,4,1,32.0,,5.0,1,5.0,HARVEST_PARTS
A11614,Network,Hyderabad,3.0,2,3,0,86.0,,2.0,1,4.0,REDEPLOY
A11615,Laptop,Chennai,2.1,2,2,0,83.0,82.0,2.0,1,2.2,REFURBISH_RESELL
A11616,Laptop,Noida,3.5,1,1,0,70.0,68.0,3.0,0,2.2,HARVEST_PARTS
A11617,Laptop,Pune,5.1,1,4,1,38.0,45.0,4.0,1,2.2,RECYCLE
A11618,Laptop,Gurugram,6.4,2,2,0,47.0,20.0,5.0,1,2.2,RECYCLE
A11619,Laptop,Mumbai,3.7,2,2,0,75.0,65.0,5.0,1,2.2,HARVEST_PARTS
A11620,Monitor,Gurugram,4.9,2,1,0,61.0,,4.0,1,5.0,REFURBISH_RESELL
A11621,Laptop,Mumbai,4.1,2,2,0,71.0,62.0,4.0,1,2.2,HARVEST_PARTS
A11622,Desktop,Hyderabad,4.2,2,4,1,59.0,,3.0,1,8.0,HARVEST_PARTS
A11623,Monitor,Pune,2.5,1,1,0,81.0,,3.0,1,5.0,REDEPLOY
A11624,Server,Hyderabad,2.6,1,4,0,81.0,,2.0,1,25.0,REDEPLOY
A11625,Laptop,Chennai,2.2,1,3,0,83.0,80.0,2.0,1,2.2,REDEPLOY
A11626,Laptop,Kolkata,3.1,1,3,0,76.0,75.0,2.0,1,2.2,REFURBISH_RESELL
A11627,Mobile,Pune,5.9,3,3,0,57.0,45.0,4.0,1,0.2,RECYCLE
A11628,Laptop,Mumbai,7.8,2,4,1,29.0,21.0,7.0,1,2.2,RECYCLE
A11629,Monitor,Hyderabad,5.9,2,4,0,67.0,,6.0,1,5.0,REFURBISH_RESELL
A11630,Monitor,Mumbai,4.8,1,2,0,59.0,,3.0,1,5.0,HARVEST_PARTS
A11631,Desktop,Pune,4.0,2,3,0,68.0,,4.0,1,8.0,REFURBISH_RESELL
A11632,Laptop,Kolkata,5.9,1,3,0,52.0,35.0,6.0,1,2.2,RECYCLE
A11633,Laptop,Gurugram,10.0,1,2,1,44.0,5.0,9.0,1,2.2,RECYCLE
A11634,Desktop,Chennai,4.4,2,1,0,73.0,,4.0,1,8.0,HARVEST_PARTS
A11635,Desktop,Mumbai,5.1,1,4,1,60.0,,4.0,1,8.0,RECYCLE
A11636,Monitor,Mumbai,4.4,1,3,0,63.0,,5.0,1,5.0,REFURBISH_RESELL
A11637,Monitor,Bengaluru,8.8,1,1,0,50.0,,8.0,1,5.0,RECYCLE
A11638,Mobile,Bengaluru,3.7,1,3,0,68.0,67.0,2.0,1,0.2,REFURBISH_RESELL
A11639,Mobile,Chennai,2.6,1,4,0,79.0,79.0,2.0,1,0.2,REDEPLOY
A11640,Monitor,Chennai,5.4,2,4,1,17.0,,5.0,1,5.0,RECYCLE
A11641,Laptop,Hyderabad,2.6,1,1,0,88.0,73.0,4.0,1,2.2,REFURBISH_RESELL
A11642,Laptop,Gurugram,4.6,1,3,0,59.0,63.0,4.0,1,2.2,REFURBISH_RESELL
A11643,Monitor,Bengaluru,4.0,1,2,0,77.0,,3.0,1,5.0,REFURBISH_RESELL
A11644,Desktop,Gurugram,4.9,1,3,0,78.0,,3.0,1,8.0,REFURBISH_RESELL
A11645,Laptop,Mumbai,4.1,2,3,1,59.0,71.0,4.0,1,2.2,RECYCLE
A11646,Desktop,Hyderabad,1.5,2,2,0,88.0,,1.0,1,8.0,REDEPLOY
A11647,Laptop,Noida,5.2,2,3,1,50.0,61.0,5.0,1,2.2,RECYCLE
A11648,Laptop,Gurugram,4.7,2,2,0,65.0,66.0,3.0,1,2.2,HARVEST_PARTS
A11649,Server,Kolkata,6.6,2,3,0,43.0,,6.0,1,25.0,HARVEST_PARTS
A11650,Laptop,Hyderabad,2.7,1,2,0,76.0,78.0,2.0,1,2.2,REFURBISH_RESELL
A11651,Desktop,Chennai,1.4,2,3,0,89.0,,1.0,1,8.0,REDEPLOY
A11652,Desktop,Gurugram,5.4,1,3,1,20.0,,6.0,1,8.0,RECYCLE
A11653,Desktop,Mumbai,5.3,1,2,0,70.0,,5.0,1,8.0,HARVEST_PARTS
A11654,Laptop,Noida,5.1,2,2,1,34.0,59.0,4.0,1,2.2,RECYCLE
A11655,Desktop,Hyderabad,1.0,2,2,0,93.0,,-0.0,1,8.0,REDEPLOY
A11656,Laptop,Chennai,9.5,1,3,1,14.0,7.0,9.0,1,2.2,RECYCLE
A11657,Monitor,Chennai,0.8,3,3,0,94.0,,0.0,1,5.0,REDEPLOY
A11658,Laptop,Chennai,1.4,1,4,1,49.0,84.0,2.0,1,2.2,REFURBISH_RESELL
A11659,Mobile,Mumbai,2.0,1,4,0,90.0,80.0,2.0,1,0.2,REDEPLOY
A11660,Monitor,Gurugram,5.7,1,1,1,44.0,,4.0,1,5.0,RECYCLE
A11661,Laptop,Gurugram,6.8,2,2,0,52.0,26.0,6.0,0,2.2,RECYCLE
A11662,Laptop,Mumbai,4.1,3,3,0,69.0,58.0,4.0,1,2.2,REFURBISH_RESELL
A11663,Laptop,Bengaluru,5.2,2,3,0,66.0,47.0,3.0,1,2.2,REFURBISH_RESELL
A11664,Monitor,Hyderabad,2.6,1,4,1,44.0,,3.0,1,5.0,HARVEST_PARTS
A11665,Monitor,Bengaluru,2.3,1,3,0,84.0,,3.0,1,5.0,REDEPLOY
A11666,Monitor,Bengaluru,1.6,1,1,0,88.0,,1.0,1,5.0,REDEPLOY
A11667,Network,Gurugram,5.2,2,3,0,54.0,,3.0,1,4.0,HARVEST_PARTS
A11668,Desktop,Hyderabad,6.6,3,3,0,72.0,,8.0,1,8.0,RECYCLE
A11669,Monitor,Kolkata,1.9,3,3,0,90.0,,-0.0,1,5.0,REDEPLOY
A11670,Laptop,Chennai,2.6,1,4,0,81.0,73.0,2.0,1,2.2,REDEPLOY
A11671,Monitor,Bengaluru,3.1,1,3,0,82.0,,4.0,1,5.0,REDEPLOY
A11672,Desktop,Bengaluru,2.1,1,4,0,87.0,,3.0,1,8.0,REDEPLOY
A11673,Monitor,Gurugram,4.6,1,3,0,72.0,,4.0,1,5.0,REFURBISH_RESELL
A11674,Laptop,Mumbai,3.3,3,1,0,74.0,69.0,4.0,1,2.2,HARVEST_PARTS
A11675,Laptop,Bengaluru,7.2,1,3,1,44.0,35.0,6.0,1,2.2,RECYCLE
A11676,Laptop,Pune,2.7,2,2,0,83.0,67.0,2.0,1,2.2,REFURBISH_RESELL
A11677,Mobile,Chennai,5.9,1,4,0,57.0,43.0,5.0,1,0.2,HARVEST_PARTS
A11678,Desktop,Pune,1.7,2,3,0,90.0,,2.0,1,8.0,REDEPLOY
A11679,Laptop,Chennai,2.9,3,3,0,87.0,68.0,3.0,1,2.2,REFURBISH_RESELL
A11680,Laptop,Bengaluru,4.2,2,3,0,63.0,46.0,3.0,1,2.2,REFURBISH_RESELL
A11681,Desktop,Pune,4.6,2,4,0,73.0,,4.0,1,8.0,REFURBISH_RESELL
A11682,Network,Hyderabad,7.7,1,4,0,33.0,,6.0,1,4.0,HARVEST_PARTS
A11683,Mobile,Mumbai,4.6,1,4,0,60.0,44.0,4.0,1,0.2,HARVEST_PARTS
A11684,Server,Hyderabad,4.6,1,2,0,78.0,,5.0,1,25.0,HARVEST_PARTS
A11685,Server,Gurugram,2.3,1,4,0,83.0,,2.0,1,25.0,REDEPLOY
A11686,Laptop,Bengaluru,2.5,2,4,1,65.0,70.0,4.0,1,2.2,HARVEST_PARTS
A11687,Laptop,Kolkata,3.0,1,2,1,74.0,66.0,2.0,1,2.2,HARVEST_PARTS
A11688,Desktop,Bengaluru,3.9,1,4,0,73.0,,4.0,1,8.0,REDEPLOY
A11689,Monitor,Gurugram,3.7,2,3,0,75.0,,5.0,1,5.0,REDEPLOY
A11690,Laptop,Chennai,4.7,2,3,1,46.0,47.0,6.0,1,2.2,RECYCLE
A11691,Monitor,Gurugram,7.3,3,2,0,46.0,,7.0,1,5.0,RECYCLE
A11692,Laptop,Noida,4.0,1,1,1,44.0,68.0,2.0,1,2.2,RECYCLE
A11693,Laptop,Chennai,5.6,1,1,0,55.0,58.0,4.0,0,2.2,HARVEST_PARTS
A11694,Laptop,Hyderabad,2.5,1,3,0,89.0,79.0,2.0,1,2.2,REDEPLOY
A11695,Server,Hyderabad,7.8,3,4,1,17.0,,7.0,1,25.0,RECYCLE
A11696,Monitor,Pune,3.9,2,2,0,72.0,,5.0,1,5.0,REFURBISH_RESELL
A11697,Desktop,Pune,7.7,3,2,1,12.0,,7.0,1,8.0,RECYCLE
A11698,Server,Gurugram,3.4,3,3,0,73.0,,2.0,1,25.0,REDEPLOY
A11699,Server,Noida,3.2,1,3,0,73.0,,4.0,1,25.0,REFURBISH_RESELL
A11700,Laptop,Mumbai,2.8,1,3,0,79.0,68.0,2.0,1,2.2,REDEPLOY
A11701,Monitor,Hyderabad,2.1,1,4,0,90.0,,3.0,0,5.0,HARVEST_PARTS
A11702,Laptop,Mumbai,6.2,1,3,0,67.0,52.0,5.0,1,2.2,HARVEST_PARTS
A11703,Desktop,Gurugram,2.6,3,2,0,82.0,,3.0,1,8.0,REFURBISH_RESELL
A11704,Laptop,Kolkata,4.6,1,2,0,67.0,64.0,4.0,1,2.2,REFURBISH_RESELL
A11705,Laptop,Pune,2.0,2,4,0,92.0,84.0,2.0,1,2.2,REDEPLOY
A11706,Desktop,Noida,8.8,1,3,1,27.0,,7.0,1,8.0,RECYCLE
A11707,Laptop,Chennai,6.2,2,4,0,45.0,52.0,6.0,1,2.2,HARVEST_PARTS
A11708,Desktop,Noida,6.0,1,4,0,74.0,,4.0,1,8.0,REFURBISH_RESELL
A11709,Monitor,Noida,4.2,1,4,0,75.0,,4.0,1,5.0,REDEPLOY
A11710,Monitor,Hyderabad,3.7,2,4,0,74.0,,4.0,1,5.0,REDEPLOY
A11711,Laptop,Mumbai,2.9,1,2,1,40.0,73.0,3.0,1,2.2,RECYCLE
A11712,Laptop,Bengaluru,7.6,3,2,0,67.0,36.0,7.0,1,2.2,RECYCLE
A11713,Laptop,Chennai,1.7,2,1,0,86.0,87.0,1.0,1,2.2,REDEPLOY
A11714,Server,Hyderabad,5.2,1,2,0,71.0,,5.0,1,25.0,HARVEST_PARTS
A11715,Network,Hyderabad,2.6,1,2,0,86.0,,2.0,1,4.0,REFURBISH_RESELL
A11716,Laptop,Hyderabad,2.0,1,2,0,89.0,75.0,2.0,1,2.2,REDEPLOY
A11717,Monitor,Kolkata,3.3,1,3,0,72.0,,2.0,1,5.0,REFURBISH_RESELL
A11718,Desktop,Mumbai,3.3,1,4,0,84.0,,2.0,1,8.0,REDEPLOY
A11719,Mobile,Hyderabad,4.7,1,4,0,79.0,60.0,4.0,1,0.2,HARVEST_PARTS
A11720,Laptop,Mumbai,6.5,3,3,0,48.0,29.0,5.0,1,2.2,RECYCLE
A11721,Desktop,Gurugram,3.6,3,2,0,70.0,,3.0,1,8.0,HARVEST_PARTS
A11722,Desktop,Mumbai,1.4,1,4,0,93.0,,2.0,1,8.0,REDEPLOY
A11723,Laptop,Pune,2.5,2,3,0,78.0,68.0,2.0,1,2.2,REDEPLOY
A11724,Laptop,Hyderabad,3.6,1,2,0,69.0,54.0,4.0,1,2.2,REFURBISH_RESELL
A11725,Laptop,Pune,3.1,1,4,0,86.0,68.0,2.0,1,2.2,REDEPLOY
A11726,Desktop,Bengaluru,5.3,1,3,0,75.0,,5.0,1,8.0,HARVEST_PARTS
A11727,Monitor,Hyderabad,4.6,1,1,0,73.0,,4.0,0,5.0,HARVEST_PARTS
A11728,Monitor,Mumbai,5.7,1,3,0,58.0,,4.0,1,5.0,REDEPLOY
A11729,Laptop,Hyderabad,1.1,2,4,0,96.0,90.0,1.0,1,2.2,REDEPLOY
A11730,Network,Gurugram,6.3,1,2,0,56.0,,5.0,1,4.0,HARVEST_PARTS
A11731,Laptop,Bengaluru,1.5,2,1,0,88.0,88.0,2.0,1,2.2,REDEPLOY
A11732,Mobile,Gurugram,5.1,1,4,0,67.0,61.0,5.0,1,0.2,REFURBISH_RESELL
A11733,Laptop,Gurugram,7.0,2,4,0,69.0,12.0,7.0,1,2.2,RECYCLE
A11734,Server,Noida,1.3,1,3,0,94.0,,-0.0,1,25.0,REDEPLOY
A11735,Mobile,Pune,1.0,1,3,0,93.0,90.0,2.0,1,0.2,REDEPLOY
A11736,Server,Hyderabad,3.7,1,2,0,74.0,,2.0,1,25.0,REDEPLOY
A11737,Server,Chennai,3.1,1,1,0,85.0,,3.0,1,25.0,REFURBISH_RESELL
A11738,Laptop,Noida,1.9,2,2,0,86.0,81.0,4.0,1,2.2,REFURBISH_RESELL
A11739,Monitor,Bengaluru,1.0,1,4,0,94.0,,-0.0,1,5.0,REDEPLOY
A11740,Desktop,Pune,6.3,2,2,1,34.0,,6.0,1,8.0,RECYCLE
A11741,Laptop,Bengaluru,2.0,1,3,0,86.0,80.0,1.0,1,2.2,REDEPLOY
A11742,Mobile,Bengaluru,10.0,1,3,0,26.0,20.0,9.0,1,0.2,RECYCLE
A11743,Laptop,Chennai,2.1,1,3,0,89.0,83.0,1.0,1,2.2,REDEPLOY
A11744,Laptop,Chennai,2.1,1,3,0,83.0,79.0,-0.0,1,2.2,REDEPLOY
A11745,Mobile,Gurugram,0.7,1,3,0,97.0,94.0,1.0,1,0.2,REDEPLOY
A11746,Laptop,Noida,2.0,1,2,0,89.0,79.0,2.0,1,2.2,REDEPLOY
A11747,Laptop,Bengaluru,2.4,3,4,0,85.0,79.0,1.0,1,2.2,REDEPLOY
A11748,Laptop,Chennai,3.8,1,3,0,76.0,65.0,4.0,1,2.2,REFURBISH_RESELL
A11749,Monitor,Hyderabad,5.1,1,4,0,64.0,,5.0,1,5.0,REFURBISH_RESELL
A11750,Network,Gurugram,2.8,1,3,0,84.0,,3.0,1,4.0,REDEPLOY
A11751,Laptop,Gurugram,5.0,3,3,0,76.0,56.0,5.0,1,2.2,HARVEST_PARTS
A11752,Monitor,Hyderabad,8.2,1,1,0,28.0,,8.0,1,5.0,RECYCLE
A11753,Desktop,Gurugram,3.3,1,3,0,85.0,,3.0,1,8.0,REDEPLOY
A11754,Monitor,Bengaluru,2.9,3,2,1,77.0,,3.0,1,5.0,HARVEST_PARTS
A11755,Monitor,Kolkata,2.1,3,3,0,86.0,,2.0,1,5.0,REDEPLOY
A11756,Mobile,Gurugram,3.8,1,4,0,82.0,58.0,3.0,1,0.2,REFURBISH_RESELL
A11757,Laptop,Mumbai,7.6,1,3,1,14.0,11.0,6.0,1,2.2,RECYCLE
A11758,Laptop,Chennai,3.7,1,4,0,73.0,54.0,3.0,1,2.2,REFURBISH_RESELL
A11759,Desktop,Gurugram,5.1,3,2,0,67.0,,4.0,1,8.0,HARVEST_PARTS
A11760,Laptop,Mumbai,3.8,2,3,0,78.0,62.0,3.0,1,2.2,REFURBISH_RESELL
A11761,Desktop,Bengaluru,3.7,1,2,0,72.0,,4.0,1,8.0,REFURBISH_RESELL
A11762,Laptop,Gurugram,10.0,1,2,1,5.0,5.0,10.0,1,2.2,RECYCLE
A11763,Laptop,Kolkata,4.6,1,3,1,59.0,63.0,4.0,1,2.2,RECYCLE
A11764,Mobile,Bengaluru,5.9,2,3,0,73.0,30.0,6.0,1,0.2,HARVEST_PARTS
A11765,Laptop,Pune,4.9,2,4,0,77.0,53.0,3.0,1,2.2,HARVEST_PARTS
A11766,Desktop,Hyderabad,3.8,1,2,0,74.0,,4.0,1,8.0,REFURBISH_RESELL
A11767,Monitor,Pune,0.9,2,2,0,94.0,,2.0,1,5.0,REDEPLOY
A11768,Laptop,Mumbai,2.8,2,3,1,61.0,79.0,1.0,1,2.2,HARVEST_PARTS
A11769,Laptop,Gurugram,7.5,2,4,0,68.0,13.0,6.0,1,2.2,HARVEST_PARTS
A11770,Laptop,Pune,1.4,1,2,0,88.0,89.0,1.0,1,2.2,REFURBISH_RESELL
A11771,Desktop,Pune,2.6,3,3,0,82.0,,3.0,1,8.0,REFURBISH_RESELL
A11772,Laptop,Mumbai,2.6,1,3,0,87.0,74.0,1.0,1,2.2,REDEPLOY
A11773,Monitor,Kolkata,6.1,2,3,0,69.0,,6.0,1,5.0,REFURBISH_RESELL
A11774,Laptop,Chennai,7.7,1,3,0,35.0,5.0,7.0,1,2.2,RECYCLE
A11775,Laptop,Pune,1.8,2,2,0,92.0,87.0,3.0,1,2.2,REDEPLOY
A11776,Laptop,Kolkata,3.5,2,2,0,84.0,56.0,4.0,1,2.2,REFURBISH_RESELL
A11777,Laptop,Kolkata,6.0,1,3,0,53.0,55.0,5.0,1,2.2,HARVEST_PARTS
A11778,Laptop,Bengaluru,2.7,1,2,1,42.0,75.0,2.0,1,2.2,HARVEST_PARTS
A11779,Mobile,Noida,5.1,1,2,0,68.0,57.0,5.0,1,0.2,HARVEST_PARTS
A11780,Laptop,Noida,3.4,1,4,0,85.0,60.0,4.0,1,2.2,REDEPLOY
A11781,Desktop,Noida,9.7,1,4,1,5.0,,9.0,1,8.0,RECYCLE
A11782,Desktop,Noida,2.8,1,3,0,85.0,,2.0,1,8.0,REFURBISH_RESELL
A11783,Monitor,Noida,5.5,3,2,0,52.0,,5.0,1,5.0,HARVEST_PARTS
A11784,Monitor,Hyderabad,3.0,1,4,0,74.0,,2.0,1,5.0,REDEPLOY
A11785,Laptop,Pune,4.1,1,2,0,66.0,64.0,3.0,1,2.2,REFURBISH_RESELL
A11786,Monitor,Gurugram,1.9,1,4,0,92.0,,2.0,1,5.0,REDEPLOY
A11787,Laptop,Hyderabad,5.1,2,2,0,56.0,64.0,4.0,1,2.2,HARVEST_PARTS
A11788,Monitor,Hyderabad,6.6,2,2,0,51.0,,8.0,1,5.0,RECYCLE
A11789,Laptop,Hyderabad,1.7,2,4,0,93.0,82.0,1.0,1,2.2,REDEPLOY
A11790,Monitor,Mumbai,2.5,2,2,0,81.0,,0.0,1,5.0,REDEPLOY
A11791,Monitor,Chennai,6.3,1,2,0,46.0,,6.0,1,5.0,HARVEST_PARTS
A11792,Monitor,Kolkata,3.2,3,4,0,82.0,,4.0,1,5.0,REDEPLOY
A11793,Laptop,Bengaluru,3.6,2,4,0,73.0,73.0,3.0,1,2.2,REFURBISH_RESELL
A11794,Monitor,Bengaluru,2.0,2,2,0,89.0,,1.0,1,5.0,REDEPLOY
A11795,Monitor,Pune,6.7,2,1,0,51.0,,5.0,1,5.0,HARVEST_PARTS
A11796,Desktop,Bengaluru,1.9,1,3,0,87.0,,1.0,1,8.0,REDEPLOY
A11797,Laptop,Hyderabad,3.6,2,4,0,83.0,72.0,3.0,1,2.2,REFURBISH_RESELL
A11798,Laptop,Hyderabad,2.8,2,4,0,89.0,74.0,2.0,1,2.2,REDEPLOY
A11799,Laptop,Pune,5.6,3,3,0,56.0,51.0,5.0,1,2.2,HARVEST_PARTS
A11800,Monitor,Bengaluru,10.0,3,3,0,49.0,,9.0,0,5.0,RECYCLE
A11801,Laptop,Bengaluru,1.4,1,2,0,92.0,83.0,1.0,1,2.2,REDEPLOY
A11802,Monitor,Gurugram,2.7,2,3,0,77.0,,2.0,1,5.0,REDEPLOY
A11803,Monitor,Noida,3.1,1,2,0,74.0,,3.0,1,5.0,REFURBISH_RESELL
A11804,Monitor,Chennai,1.8,2,4,0,87.0,,2.0,1,5.0,REDEPLOY
A11805,Monitor,Bengaluru,3.8,2,3,0,80.0,,2.0,1,5.0,REDEPLOY
A11806,Monitor,Pune,5.9,3,4,0,73.0,,5.0,1,5.0,HARVEST_PARTS
A11807,Desktop,Chennai,4.3,2,2,1,49.0,,4.0,1,8.0,RECYCLE
A11808,Laptop,Kolkata,5.2,2,2,1,18.0,61.0,4.0,1,2.2,RECYCLE
A11809,Server,Noida,2.6,1,2,0,81.0,,4.0,1,25.0,REFURBISH_RESELL
A11810,Mobile,Kolkata,5.2,2,3,0,68.0,54.0,3.0,1,0.2,HARVEST_PARTS
A11811,Desktop,Gurugram,4.3,1,2,1,46.0,,2.0,1,8.0,RECYCLE
A11812,Mobile,Hyderabad,2.0,1,3,0,87.0,78.0,3.0,1,0.2,REDEPLOY
A11813,Mobile,Bengaluru,3.9,1,4,0,77.0,50.0,2.0,1,0.2,REFURBISH_RESELL
A11814,Desktop,Mumbai,2.8,1,2,0,87.0,,2.0,1,8.0,REDEPLOY
A11815,Monitor,Chennai,10.0,2,4,1,22.0,,9.0,1,5.0,RECYCLE
A11816,Monitor,Gurugram,6.1,2,2,0,55.0,,6.0,1,5.0,HARVEST_PARTS
A11817,Laptop,Hyderabad,4.1,1,3,1,57.0,65.0,3.0,1,2.2,HARVEST_PARTS
A11818,Laptop,Gurugram,7.2,2,3,0,68.0,6.0,6.0,1,2.2,HARVEST_PARTS
A11819,Desktop,Gurugram,5.3,1,3,0,53.0,,4.0,1,8.0,HARVEST_PARTS
A11820,Monitor,Gurugram,2.0,1,1,0,86.0,,2.0,1,5.0,REFURBISH_RESELL
A11821,Laptop,Bengaluru,8.3,1,3,0,30.0,42.0,9.0,1,2.2,RECYCLE
A11822,Monitor,Gurugram,1.7,1,4,0,92.0,,1.0,1,5.0,REDEPLOY
A11823,Monitor,Noida,7.8,2,1,0,32.0,,6.0,1,5.0,RECYCLE
A11824,Monitor,Kolkata,4.3,2,4,1,28.0,,4.0,1,5.0,RECYCLE
A11825,Laptop,Hyderabad,3.8,2,3,0,79.0,64.0,4.0,1,2.2,REFURBISH_RESELL
A11826,Desktop,Pune,2.6,2,2,0,78.0,,3.0,1,8.0,REFURBISH_RESELL
A11827,Laptop,Bengaluru,4.4,1,4,0,80.0,55.0,4.0,1,2.2,REFURBISH_RESELL
A11828,Laptop,Hyderabad,5.1,2,4,0,57.0,60.0,6.0,1,2.2,REFURBISH_RESELL
A11829,Laptop,Gurugram,4.9,2,2,1,36.0,63.0,5.0,1,2.2,RECYCLE
A11830,Laptop,Chennai,4.3,1,4,0,72.0,54.0,4.0,1,2.2,REFURBISH_RESELL
A11831,Laptop,Bengaluru,3.5,1,3,0,71.0,67.0,3.0,1,2.2,REDEPLOY
A11832,Desktop,Kolkata,5.4,1,4,0,78.0,,3.0,1,8.0,REFURBISH_RESELL
A11833,Laptop,Chennai,3.1,1,3,0,79.0,61.0,2.0,1,2.2,REDEPLOY
A11834,Laptop,Mumbai,3.7,1,2,0,76.0,72.0,2.0,1,2.2,REFURBISH_RESELL
A11835,Network,Bengaluru,4.7,2,1,0,78.0,,4.0,1,4.0,HARVEST_PARTS
A11836,Desktop,Hyderabad,3.9,1,3,0,79.0,,3.0,1,8.0,REFURBISH_RESELL
A11837,Mobile,Bengaluru,1.8,2,3,0,91.0,87.0,0.0,1,0.2,REDEPLOY
A11838,Monitor,Chennai,4.3,1,4,0,78.0,,5.0,1,5.0,REFURBISH_RESELL
A11839,Laptop,Kolkata,4.3,1,3,0,68.0,50.0,2.0,1,2.2,HARVEST_PARTS
A11840,Mobile,Hyderabad,4.1,2,2,0,64.0,53.0,6.0,1,0.2,HARVEST_PARTS
A11841,Network,Pune,3.6,1,2,0,74.0,,2.0,1,4.0,REFURBISH_RESELL
A11842,Monitor,Bengaluru,3.3,3,3,0,78.0,,3.0,1,5.0,REDEPLOY
A11843,Desktop,Bengaluru,3.9,1,4,0,75.0,,2.0,1,8.0,REFURBISH_RESELL
A11844,Desktop,Hyderabad,2.6,2,3,0,88.0,,2.0,1,8.0,REDEPLOY
A11845,Desktop,Bengaluru,7.5,1,2,0,42.0,,7.0,1,8.0,RECYCLE
A11846,Monitor,Bengaluru,4.8,1,3,1,29.0,,4.0,1,5.0,RECYCLE
A11847,Desktop,Gurugram,4.5,1,3,0,74.0,,4.0,1,8.0,REFURBISH_RESELL
A11848,Laptop,Bengaluru,1.0,1,2,0,95.0,91.0,2.0,1,2.2,REFURBISH_RESELL
A11849,Laptop,Gurugram,6.5,1,4,0,51.0,35.0,7.0,1,2.2,HARVEST_PARTS
A11850,Laptop,Chennai,2.4,1,3,1,69.0,80.0,2.0,1,2.2,HARVEST_PARTS
A11851,Laptop,Bengaluru,3.0,2,4,0,86.0,73.0,1.0,1,2.2,REDEPLOY
A11852,Laptop,Noida,2.9,1,4,0,85.0,77.0,2.0,1,2.2,REDEPLOY
A11853,Network,Pune,4.6,1,4,0,74.0,,4.0,1,4.0,REFURBISH_RESELL
A11854,Laptop,Pune,2.3,1,3,0,87.0,77.0,2.0,1,2.2,REDEPLOY
A11855,Laptop,Bengaluru,5.6,3,1,0,70.0,29.0,6.0,1,2.2,RECYCLE
A11856,Laptop,Hyderabad,4.6,1,4,0,68.0,51.0,5.0,1,2.2,REFURBISH_RESELL
A11857,Desktop,Gurugram,2.8,2,3,0,77.0,,2.0,1,8.0,REFURBISH_RESELL
A11858,Monitor,Noida,1.9,1,2,0,87.0,,2.0,1,5.0,REDEPLOY
A11859,Desktop,Pune,4.5,1,2,1,64.0,,4.0,0,8.0,HARVEST_PARTS
A11860,Mobile,Noida,1.5,1,3,0,93.0,84.0,3.0,1,0.2,REDEPLOY
A11861,Mobile,Gurugram,2.7,3,2,0,76.0,79.0,3.0,1,0.2,REFURBISH_RESELL
A11862,Server,Bengaluru,3.7,2,4,0,85.0,,3.0,1,25.0,REFURBISH_RESELL
A11863,Server,Hyderabad,3.5,1,2,0,70.0,,2.0,1,25.0,REDEPLOY
A11864,Laptop,Gurugram,2.8,2,2,0,82.0,79.0,2.0,1,2.2,REFURBISH_RESELL
A11865,Desktop,Bengaluru,5.5,1,3,0,78.0,,5.0,1,8.0,HARVEST_PARTS
A11866,Laptop,Mumbai,2.5,3,4,0,87.0,78.0,2.0,1,2.2,REDEPLOY
A11867,Monitor,Hyderabad,2.8,1,4,0,80.0,,2.0,1,5.0,REDEPLOY
A11868,Laptop,Hyderabad,4.1,3,4,0,79.0,54.0,3.0,1,2.2,REFURBISH_RESELL
A11869,Laptop,Pune,4.1,2,4,1,42.0,64.0,4.0,1,2.2,RECYCLE
A11870,Laptop,Noida,2.0,1,2,0,92.0,86.0,0.0,1,2.2,REDEPLOY
A11871,Monitor,Mumbai,4.0,3,4,0,77.0,,5.0,1,5.0,REDEPLOY
A11872,Monitor,Kolkata,3.0,3,4,0,83.0,,3.0,1,5.0,REDEPLOY
A11873,Laptop,Noida,2.9,2,2,0,78.0,68.0,2.0,1,2.2,REFURBISH_RESELL
A11874,Desktop,Hyderabad,4.5,1,3,0,60.0,,4.0,1,8.0,HARVEST_PARTS
A11875,Laptop,Pune,2.3,2,3,0,80.0,72.0,3.0,1,2.2,REFURBISH_RESELL
A11876,Monitor,Pune,3.4,1,4,0,79.0,,3.0,1,5.0,REDEPLOY
A11877,Laptop,Bengaluru,3.8,3,1,0,73.0,62.0,3.0,1,2.2,HARVEST_PARTS
A11878,Laptop,Bengaluru,4.5,1,1,0,61.0,47.0,4.0,1,2.2,HARVEST_PARTS
A11879,Monitor,Mumbai,2.7,2,3,0,79.0,,2.0,1,5.0,REDEPLOY
A11880,Desktop,Chennai,4.9,2,4,0,77.0,,5.0,1,8.0,REFURBISH_RESELL
A11881,Server,Mumbai,5.6,3,2,0,52.0,,4.0,1,25.0,HARVEST_PARTS
A11882,Desktop,Pune,5.5,2,2,1,51.0,,5.0,1,8.0,RECYCLE
A11883,Mobile,Gurugram,2.0,2,4,0,88.0,82.0,2.0,1,0.2,REDEPLOY
A11884,Laptop,Noida,5.4,2,3,0,77.0,49.0,5.0,1,2.2,HARVEST_PARTS
A11885,Laptop,Chennai,5.6,2,4,1,16.0,39.0,5.0,1,2.2,RECYCLE
A11886,Mobile,Hyderabad,8.2,1,4,0,30.0,42.0,7.0,1,0.2,RECYCLE
A11887,Laptop,Hyderabad,2.1,3,3,1,46.0,81.0,0.0,1,2.2,REFURBISH_RESELL
A11888,Monitor,Chennai,7.0,1,3,0,65.0,,5.0,1,5.0,REFURBISH_RESELL
A11889,Laptop,Bengaluru,1.5,2,3,0,93.0,84.0,2.0,1,2.2,REDEPLOY
A11890,Desktop,Bengaluru,5.7,1,3,0,71.0,,5.0,1,8.0,HARVEST_PARTS
A11891,Laptop,Chennai,6.2,1,4,1,57.0,51.0,5.0,1,2.2,RECYCLE
A11892,Desktop,Noida,5.5,1,4,0,69.0,,4.0,1,8.0,REFURBISH_RESELL
A11893,Monitor,Bengaluru,1.7,3,4,0,89.0,,-0.0,1,5.0,REDEPLOY
A11894,Laptop,Bengaluru,6.8,1,3,0,39.0,29.0,6.0,1,2.2,RECYCLE
A11895,Laptop,Mumbai,10.0,1,4,1,27.0,16.0,10.0,1,2.2,RECYCLE
A11896,Laptop,Noida,2.3,1,3,0,88.0,78.0,1.0,1,2.2,REDEPLOY
A11897,Laptop,Noida,3.3,1,2,0,83.0,69.0,3.0,1,2.2,REFURBISH_RESELL
A11898,Laptop,Bengaluru,2.7,1,2,0,81.0,80.0,3.0,1,2.2,REFURBISH_RESELL
A11899,Mobile,Bengaluru,5.1,1,1,0,62.0,61.0,4.0,1,0.2,HARVEST_PARTS
A11900,Laptop,Chennai,3.1,2,3,0,80.0,75.0,4.0,1,2.2,REFURBISH_RESELL
A11901,Laptop,Pune,5.3,2,1,0,57.0,34.0,4.0,1,2.2,HARVEST_PARTS
A11902,Desktop,Bengaluru,3.6,2,2,0,85.0,,3.0,1,8.0,REDEPLOY
A11903,Laptop,Pune,4.1,2,3,0,71.0,66.0,5.0,1,2.2,HARVEST_PARTS
A11904,Laptop,Bengaluru,3.8,1,3,0,73.0,52.0,4.0,1,2.2,HARVEST_PARTS
A11905,Monitor,Bengaluru,1.5,2,4,0,87.0,,1.0,1,5.0,REDEPLOY
A11906,Monitor,Gurugram,4.0,2,2,0,80.0,,3.0,1,5.0,REFURBISH_RESELL
A11907,Server,Hyderabad,1.8,2,3,0,89.0,,2.0,1,25.0,REDEPLOY
A11908,Laptop,Bengaluru,1.9,2,4,0,88.0,82.0,2.0,1,2.2,REDEPLOY
A11909,Monitor,Mumbai,6.9,2,2,1,44.0,,7.0,1,5.0,RECYCLE
A11910,Network,Gurugram,5.1,2,2,1,35.0,,5.0,1,4.0,RECYCLE
A11911,Network,Hyderabad,4.9,3,3,0,68.0,,5.0,1,4.0,HARVEST_PARTS
A11912,Mobile,Mumbai,4.1,2,3,0,80.0,50.0,3.0,1,0.2,HARVEST_PARTS
A11913,Laptop,Bengaluru,9.7,1,4,1,22.0,5.0,8.0,1,2.2,RECYCLE
A11914,Mobile,Pune,4.0,2,2,0,65.0,51.0,3.0,0,0.2,HARVEST_PARTS
A11915,Server,Noida,3.7,2,2,0,82.0,,4.0,1,25.0,HARVEST_PARTS
A11916,Monitor,Gurugram,3.6,2,3,0,83.0,,3.0,1,5.0,REDEPLOY
A11917,Monitor,Chennai,6.3,1,2,1,56.0,,5.0,1,5.0,RECYCLE
A11918,Mobile,Kolkata,3.9,1,4,0,70.0,72.0,4.0,1,0.2,REFURBISH_RESELL
A11919,Laptop,Mumbai,4.5,2,3,0,68.0,48.0,3.0,1,2.2,HARVEST_PARTS
A11920,Monitor,Pune,6.6,1,3,1,39.0,,6.0,1,5.0,RECYCLE
A11921,Monitor,Hyderabad,4.9,1,1,0,71.0,,4.0,1,5.0,HARVEST_PARTS
A11922,Monitor,Mumbai,5.8,1,3,1,51.0,,6.0,1,5.0,RECYCLE
A11923,Monitor,Bengaluru,2.7,1,4,1,45.0,,4.0,1,5.0,REFURBISH_RESELL
A11924,Laptop,Mumbai,2.1,2,4,0,90.0,82.0,3.0,1,2.2,REDEPLOY
A11925,Laptop,Hyderabad,7.5,1,1,0,42.0,5.0,6.0,1,2.2,RECYCLE
A11926,Laptop,Hyderabad,5.7,1,1,0,68.0,29.0,5.0,1,2.2,HARVEST_PARTS
A11927,Monitor,Mumbai,5.2,3,2,0,67.0,,6.0,1,5.0,HARVEST_PARTS
A11928,Monitor,Bengaluru,4.6,2,3,0,63.0,,5.0,1,5.0,HARVEST_PARTS
A11929,Server,Pune,3.9,3,3,0,74.0,,2.0,1,25.0,REFURBISH_RESELL
A11930,Monitor,Mumbai,2.7,1,2,0,84.0,,3.0,1,5.0,REDEPLOY
A11931,Desktop,Chennai,2.7,2,4,0,84.0,,3.0,1,8.0,REDEPLOY
A11932,Laptop,Hyderabad,2.1,1,4,0,86.0,79.0,2.0,1,2.2,REDEPLOY
A11933,Monitor,Pune,1.8,1,3,0,91.0,,1.0,1,5.0,REDEPLOY
A11934,Network,Noida,2.5,1,3,1,53.0,,2.0,1,4.0,HARVEST_PARTS
A11935,Monitor,Chennai,3.2,1,3,0,78.0,,4.0,1,5.0,REDEPLOY
A11936,Network,Noida,7.5,3,3,1,34.0,,8.0,1,4.0,RECYCLE
A11937,Mobile,Pune,1.7,1,3,0,88.0,86.0,2.0,1,0.2,REDEPLOY
A11938,Laptop,Hyderabad,4.1,2,2,0,78.0,56.0,5.0,1,2.2,HARVEST_PARTS
A11939,Monitor,Gurugram,7.9,1,2,0,43.0,,8.0,1,5.0,RECYCLE
A11940,Desktop,Gurugram,6.3,1,3,0,71.0,,7.0,1,8.0,HARVEST_PARTS
A11941,Desktop,Kolkata,3.9,3,4,0,75.0,,4.0,1,8.0,REFURBISH_RESELL
A11942,Laptop,Pune,2.8,2,4,0,78.0,72.0,5.0,1,2.2,REFURBISH_RESELL
A11943,Laptop,Gurugram,1.3,1,3,0,93.0,83.0,1.0,1,2.2,REDEPLOY
A11944,Laptop,Gurugram,4.2,1,4,0,67.0,57.0,5.0,1,2.2,REFURBISH_RESELL
A11945,Monitor,Hyderabad,5.4,1,2,1,49.0,,4.0,1,5.0,RECYCLE
A11946,Laptop,Hyderabad,2.8,2,3,0,78.0,65.0,2.0,1,2.2,REDEPLOY
A11947,Laptop,Bengaluru,6.5,1,3,0,46.0,48.0,6.0,1,2.2,HARVEST_PARTS
A11948,Desktop,Hyderabad,3.7,3,3,0,84.0,,1.0,1,8.0,REDEPLOY
A11949,Laptop,Kolkata,4.5,3,4,0,76.0,46.0,4.0,1,2.2,HARVEST_PARTS
A11950,Network,Gurugram,3.9,1,2,0,66.0,,5.0,1,4.0,REFURBISH_RESELL
A11951,Laptop,Bengaluru,6.5,1,3,0,71.0,37.0,7.0,1,2.2,RECYCLE
A11952,Laptop,Chennai,6.6,3,3,0,69.0,24.0,5.0,1,2.2,RECYCLE
A11953,Mobile,Bengaluru,5.0,1,2,1,53.0,62.0,3.0,1,0.2,RECYCLE
A11954,Server,Mumbai,3.4,1,3,0,82.0,,2.0,1,25.0,REDEPLOY
A11955,Monitor,Hyderabad,3.9,2,3,0,73.0,,3.0,1,5.0,REFURBISH_RESELL
A11956,Monitor,Kolkata,9.9,1,2,0,48.0,,9.0,1,5.0,RECYCLE
A11957,Laptop,Mumbai,8.1,2,1,0,28.0,19.0,8.0,1,2.2,RECYCLE
A11958,Monitor,Chennai,4.0,3,2,0,75.0,,4.0,1,5.0,REFURBISH_RESELL
A11959,Laptop,Gurugram,2.2,2,4,0,84.0,82.0,3.0,1,2.2,REFURBISH_RESELL
A11960,Desktop,Noida,6.0,1,3,0,69.0,,7.0,1,8.0,HARVEST_PARTS
A11961,Laptop,Chennai,3.1,1,3,0,78.0,61.0,1.0,1,2.2,REDEPLOY
A11962,Monitor,Pune,7.3,3,4,0,61.0,,6.0,1,5.0,HARVEST_PARTS
A11963,Laptop,Kolkata,2.8,2,2,1,37.0,73.0,1.0,0,2.2,HARVEST_PARTS
A11964,Laptop,Hyderabad,3.1,2,3,0,75.0,76.0,5.0,1,2.2,REFURBISH_RESELL
A11965,Laptop,Kolkata,2.1,1,3,0,91.0,78.0,2.0,1,2.2,REDEPLOY
A11966,Monitor,Noida,8.8,3,4,0,47.0,,7.0,1,5.0,RECYCLE
A11967,Laptop,Hyderabad,2.4,1,4,0,85.0,75.0,3.0,1,2.2,REDEPLOY
A11968,Desktop,Bengaluru,5.8,3,3,0,61.0,,5.0,1,8.0,HARVEST_PARTS
A11969,Laptop,Gurugram,3.6,1,4,1,33.0,63.0,4.0,1,2.2,HARVEST_PARTS
A11970,Monitor,Hyderabad,3.1,1,1,0,74.0,,2.0,1,5.0,REFURBISH_RESELL
A11971,Laptop,Pune,3.0,1,2,0,79.0,76.0,3.0,1,2.2,REFURBISH_RESELL
A11972,Mobile,Bengaluru,7.3,1,4,0,45.0,34.0,5.0,1,0.2,HARVEST_PARTS
A11973,Laptop,Kolkata,10.0,3,3,1,26.0,8.0,10.0,1,2.2,RECYCLE
A11974,Laptop,Gurugram,6.9,1,1,1,49.0,21.0,7.0,1,2.2,RECYCLE
A11975,Laptop,Mumbai,1.5,2,3,0,94.0,81.0,2.0,0,2.2,HARVEST_PARTS
A11976,Laptop,Mumbai,5.8,2,3,0,76.0,35.0,5.0,1,2.2,HARVEST_PARTS
A11977,Desktop,Pune,3.6,1,3,1,47.0,,3.0,1,8.0,HARVEST_PARTS
A11978,Laptop,Mumbai,3.7,2,3,0,81.0,68.0,3.0,1,2.2,REDEPLOY
A11979,Network,Hyderabad,2.4,3,3,0,82.0,,2.0,1,4.0,REFURBISH_RESELL
A11980,Desktop,Chennai,4.3,2,4,1,41.0,,4.0,1,8.0,RECYCLE
A11981,Laptop,Noida,3.9,1,2,0,69.0,69.0,3.0,1,2.2,REFURBISH_RESELL
A11982,Desktop,Hyderabad,5.0,3,4,0,64.0,,4.0,1,8.0,REFURBISH_RESELL
A11983,Laptop,Hyderabad,3.5,2,3,0,79.0,65.0,3.0,1,2.2,REFURBISH_RESELL
A11984,Laptop,Hyderabad,6.1,3,1,0,51.0,27.0,5.0,1,2.2,RECYCLE
A11985,Laptop,Noida,4.1,2,3,1,41.0,61.0,4.0,0,2.2,RECYCLE
A11986,Laptop,Chennai,4.1,1,3,0,66.0,63.0,4.0,1,2.2,HARVEST_PARTS
A11987,Laptop,Pune,3.9,1,3,0,71.0,72.0,3.0,1,2.2,REFURBISH_RESELL
A11988,Mobile,Pune,5.8,3,4,1,49.0,51.0,5.0,1,0.2,RECYCLE
A11989,Monitor,Bengaluru,3.2,3,2,1,65.0,,3.0,1,5.0,HARVEST_PARTS
A11990,Mobile,Gurugram,5.0,1,3,0,66.0,60.0,4.0,1,0.2,REFURBISH_RESELL
A11991,Laptop,Gurugram,4.2,1,4,1,30.0,67.0,2.0,1,2.2,HARVEST_PARTS
A11992,Network,Hyderabad,7.3,1,3,0,64.0,,7.0,1,4.0,HARVEST_PARTS
A11993,Laptop,Noida,3.3,1,3,0,83.0,68.0,4.0,1,2.2,REDEPLOY
A11994,Laptop,Mumbai,6.1,1,2,0,73.0,50.0,6.0,1,2.2,RECYCLE
A11995,Server,Gurugram,4.6,1,3,0,71.0,,5.0,1,25.0,HARVEST_PARTS
A11996,Laptop,Noida,7.1,1,3,0,71.0,13.0,6.0,1,2.2,RECYCLE
A11997,Laptop,Gurugram,4.1,1,1,0,71.0,48.0,4.0,1,2.2,HARVEST_PARTS
A11998,Server,Noida,3.2,3,4,0,85.0,,5.0,1,25.0,REFURBISH_RESELL
A11999,Monitor,Pune,3.2,1,2,1,60.0,,2.0,1,5.0,HARVEST_PARTS
